tree
version=v4
num_class=1
num_tree_per_iteration=1
label_index=0
max_feature_idx=17
objective=lambdarank
feature_names=age age_squared is_elderly is_female condition_count renal_status_score candidate_renal_caution candidate_qt_risk has_anticoagulant has_antiplatelet has_diuretic has_acei_or_arb has_qt_risk_medication candidate_is_nsaid active_medication_count candidate candidate_class main_problem
feature_infos=[18:91] [324:8281] [0:1] [0:1] [0:18] [0:2] [0:1] [0:1] [0:1] [0:1] [0:1] [0:1] [0:1] [0:1] [0:16] -1:46:9:41:36:15:53:24:12:32:30:38:10:45:49:31:44:5:1:37:23:26:48:8:28:0:21:33:19:52:40:22:51:17:25:4:13:20:6:7:11:18:43:39:54:47:34:42:50:29:14:27:3:2:35 -1:14:25:12:21:8:28:1:20:19:5:3:24:30:31:29:32:10:16:18:11:9:22:6:17:7:13:0:23:2:33:26:27:15 -1:20:19:31:8:11:23:5:12:13:34:2:36:4:17:22:6:18:9:30:24:35:3:15:28:7:0:25:26:1:33:14:32:10:27:16:37:21
tree_sizes=3512 3504 3554 3552 3532 3544 3541 3554 3574 3586 3503 3574 3551 3542 3536 3563 3551 3535 3553 3565 3561 3529 3515 3519 3551 3553 3602 3596 3534 3506 3600 3545 3597 3580 3536 3510 3545 3602 3615 3543 3572 3542 3534 3527 3604 3561 3524 3604 3569 3596 3507 3587 3580 3579 3579 3589 3560 3600 3573 3552 3576 3541 3592 3550 3643 3568 3578 3614 3576 3643 3618 3614 3582 3632 3617 3580 3628 3631 3599 3614 3586 3618 3530 3578 3638 3594 3559 3630 3624 3584 3625 3655 3581 3561 3565 3591 3604 3590 3615 3565 3618 3585 3620 3546 3543 3535 3634 3579 3603 3555 3584 3589 3601 3569 3586 3587 3599 3546 3643 3619 3612 3594 3519 3628 3563 3571 3621 3585 3576 3600 3579 3573 3613 3599 3597 3548 3618 3550 3567 3592 3548 3556 3567 3553 3558 3612 3580 3593 3616

Tree=0
num_leaves=31
num_cat=25
split_feature=15 15 15 17 15 15 17 17 15 17 15 4 17 15 17 15 17 17 17 15 4 4 4 4 15 17 17 15 15 17
split_gain=188886 17380.7 17279.1 4406.59 4036.78 3635.47 3116.32 2807.86 2659.4 2380.97 1893.77 2509.79 1208.74 1307 1128.2 1326.3 1103.12 954.713 627.655 526.79 520.773 467.141 406.074 387.002 365.08 1239.45 391.886 352.255 351.92 604.013
threshold=0 1 2 3 4 5 6 7 8 9 10 3.5000000000000004 11 12 13 14 15 16 17 18 2.5000000000000004 2.5000000000000004 5.5000000000000009 3.5000000000000004 19 20 21 22 23 24
decision_type=9 9 9 9 9 9 9 9 9 9 9 2 9 9 9 9 9 9 9 9 2 2 2 2 9 9 9 9 9 9
left_child=1 9 6 8 -4 23 14 -6 17 27 -11 18 13 -9 -2 -16 -10 21 20 -15 -12 -3 -13 -5 25 -17 -27 -1 29 -18
right_child=2 3 4 5 7 -7 -8 12 16 10 11 22 -14 19 15 24 28 -19 -20 -21 -22 -23 -24 -25 -26 26 -28 -29 -30 -31
leaf_value=-0.023391073627744709 -0.048581368264621831 -0.028937672444929497 -0.097541141880013657 0.014910210295589574 0.0962425435879119 0.09869957876942316 0.097080496637029487 0.093119650043120727 0.095635529649346865 0.096310680706064133 -0.01425403657732837 0.068000125966153888 -0.081251787525299296 -0.08525920416002207 0.095954403208228414 0.096210378807377983 -0.051876697010592721 0.061441771414768365 0.087068544215831545 -0.054815462945155984 0.036679173643911392 0.025281633866826886 0.086239672275235907 0.040291079791081069 -0.026660069591032662 -0.0057834765753966792 -0.040947131919602968 0.087674890722491586 -0.010831988185275362 0.088248845284150987
leaf_weight=596.82595752261113 4224.4804283904377 453.86534246616066 19415.363551090122 1829.7910960628651 256.13748513034079 2962.9925937048392 520.18421687674709 135.34144429676235 219.12287623865996 18780.78538549447 883.33299041225109 4363.3811850997154 9966.3516220827587 1737.1208426058292 237.18231980851851 253.87861719448119 1032.0020080553368 2021.2896698280238 343.09815799025819 10430.026382612996 1162.1220016403822 3185.5580311269732 10149.717865089653 8381.199501806288 9141.6483355825767 2804.6367898480967 1100.5897047434701 71.135183265665546 5568.9414286622778 75.098020082339644
leaf_count=53178 120172 12914 851020 71417 4625 44743 10528 1144 2654 202002 33748 95459 279664 142049 1946 1626 60951 35237 4658 378750 37793 85020 137579 223411 325295 79402 31446 1801 146007 803
internal_value=2.19573e-05 0.0612176 -0.0630607 0.0297417 -0.0807491 0.0499396 -0.0224614 -0.0662384 0.00852657 0.0834828 0.0852436 0.0728963 -0.0681497 -0.0574781 -0.0260149 -0.0189425 -0.012319 0.0338949 0.0254457 -0.0592284 0.0146121 0.0184693 0.0807559 0.0357079 -0.0210619 -0.00872273 -0.0157727 -0.0104442 -0.016 -0.0416667
internal_weight=122303 62080.3 60222.9 25729.9 41940.3 13174 18282.6 22525 12555.9 36350.4 35682.4 16901.7 22268.8 12302.5 17762.4 13537.9 6895.16 5660.71 2388.55 12167.1 2045.45 3639.42 14513.1 10211 13300.8 4159.11 3905.23 667.961 6676.04 1107.1
internal_count=3477042 1249375 2227667 683157 1657252 339571 570415 806232 343586 566218 511239 309237 801607 521943 559887 439715 210415 133171 76199 520799 71541 97934 233038 294828 437769 112474 110848 54979 207761 61754
cat_boundaries=0 2 4 6 8 10 12 14 16 18 19 21 23 25 26 27 28 30 32 33 34 35 36 38 40 41
cat_threshold=1107299594 6109310 1073741826 14432 336232528 1 2188216387 36 2690920577 49792 3328 65552 9980204 16 12980756 4 3072 5570560 196609 2 14336 54026274 32 135282724 1024 8405256 524352 33556545 33556545 32 391140618 32 16777216 268566544 1572864 2080 1073741824 6144 0 6 2151710720
is_linear=0
shrinkage=0.05


Tree=1
num_leaves=31
num_cat=27
split_feature=16 16 17 17 6 16 16 6 16 17 17 16 17 16 17 16 16 16 17 17 17 17 16 17 7 16 17 17 16 17
split_gain=192447 101744 32480.1 22847.7 41227.7 33663.6 29181.5 20229.4 17478.9 17724.9 13400.7 10370.3 4675.42 5368.63 4541.12 8353.5 7804.08 3417.69 3248.89 3148.42 2630.9 2505.98 2220.21 3056.63 2010.79 1903.36 1902.23 1731.56 1669.94 10526.8
threshold=0 1 2 3 1.0000000180025095e-35 4 5 1.0000000180025095e-35 6 7 8 9 10 11 12 13 14 15 16 17 18 19 20 21 1.0000000180025095e-35 22 23 24 25 26
decision_type=9 9 9 9 2 9 9 2 9 9 9 9 9 9 9 9 9 9 9 9 9 9 9 9 2 9 9 9 9 9
left_child=2 3 7 5 10 -2 20 11 -3 12 27 -1 13 21 15 -8 -16 -12 28 -13 -6 -10 -14 -24 26 -21 -19 -5 29 -18
right_child=1 8 -4 4 6 -7 14 -9 9 -11 17 19 22 -15 16 -17 18 24 -20 25 -22 -23 23 -25 -26 -27 -28 -29 -30 -31
leaf_value=0.093943540774994089 -0.040201673300868934 -0.086786114501365808 0.090412414099745264 -0.083329785766638478 -0.071145386305221353 0.078358800553338326 -0.062910266426768849 0.062056459488362387 -0.034900162721616536 0.093623474480342972 0.091666671723176121 -0.051800370469899507 -0.069935686956202572 -0.041936854049095043 0.093906570570972292 0.085242722478721625 0.093547663847309157 0.030763999045254634 0.094494750143881881 0.054247180662671562 -0.039594091288849324 0.093482912792125034 -0.078445387840031688 0.095414700453143347 -0.04300056740138674 -0.020790857014232909 0.0743663725540709 -0.00020994767525861569 -0.018242222528919105 -0.0087302980176999206
leaf_weight=1795.3296593092382 8535.7588490564376 35188.51185530331 54432.586726362351 624.7833694992587 26207.945467526093 20016.540604884969 7282.3877616357058 18000.192177960649 576.07503659650683 2275.6060459269211 2477.4775522807613 8337.5936891511083 21532.40720633883 41159.963046751916 1941.4605607418343 1086.5103963054717 2669.0501676443964 51676.197691240348 763.57726774644107 1215.9303781203926 8966.715234012343 1095.7873369920999 505.96181909926236 485.77785122673959 886.94977675005794 2710.4727561417967 2631.1791233122349 48441.898003266193 27310.002836942673 41270.265044438187
leaf_count=6946 83013 561558 160493 26734 332286 51067 76930 102666 20572 15391 7703 99466 231248 513359 6720 3429 4526 352241 10511 8925 46937 2878 20692 1467 5021 13157 10463 308795 134703 257145
internal_value=7.95693e-06 -0.0162616 0.0668937 0.000795893 -0.00456864 0.0429133 -0.025003 0.0269465 -0.0581943 -0.0433075 0.0179251 -0.0179857 -0.0480888 -0.0383649 -0.00870961 -0.0435972 -0.00475626 0.0342633 -0.00742887 -0.0344196 -0.0631159 0.0493014 -0.0665547 0.00681781 0.0316705 0.00252573 0.0328959 -0.00128511 -0.00853429 -0.00249765
internal_weight=442101 355609 86492.1 252789 224236 28552.3 117498 32059.5 102820 67631.6 106738 14059.3 65356 42831.8 82323.3 8368.9 73954.4 57671.8 72012.9 12264 35174.7 1671.86 22524.1 991.74 55194.3 3926.4 54307.4 49066.7 71249.3 43939.3
internal_count=3477042 3085389 391653 1718224 1584144 134080 873187 231160 1367165 805607 710957 128494 790216 536809 493964 80359 413605 375428 406885 121548 379223 23450 253407 22159 367725 22082 362704 335529 396374 261671
cat_boundaries=0 1 2 3 5 6 7 9 11 12 13 14 16 17 18 19 20 22 23 24 25 27 29 30 31 32 33 35
cat_threshold=16842796 2028487488 201025 1426772691 32 16384 2113536 33728641 1 3583559906 32 37751076 8 18352162 2214592514 2 2149647360 1073741824 1073741824 276824576 9699360 20 131328 1048840 16777216 2214592514 2 335560704 32 16777248 1057792 37748736 671088896 1048576 16
is_linear=0
shrinkage=0.05


Tree=2
num_leaves=31
num_cat=18
split_feature=15 15 15 15 15 4 15 6 4 15 4 15 15 15 4 4 5 15 4 6 4 15 15 4 15 15 15 15 4 15
split_gain=326313 57348.8 31501.9 9835.02 9472.09 9083.59 3825.58 2527.77 1754.09 1660.83 1257.21 4271.5 3826.36 1199.79 1067.22 967.134 837.077 2494.66 621.707 616.599 611.423 606.387 561.69 555.611 1008.17 533.333 507.806 483.537 484.693 540.861
threshold=0 1 2 3 4 4.5000000000000009 5 1.0000000180025095e-35 7.5000000000000009 6 4.5000000000000009 7 8 9 6.5000000000000009 1.5000000000000002 1.5000000000000002 10 2.5000000000000004 1.0000000180025095e-35 2.5000000000000004 11 12 1.5000000000000002 13 14 15 16 6.5000000000000009 17
decision_type=9 9 9 9 9 2 9 2 2 9 2 9 9 9 2 2 2 9 2 2 2 9 9 2 9 9 9 9 2 9
left_child=1 3 25 19 27 7 23 15 9 -7 12 14 18 16 -12 -5 -6 -18 -8 -1 -9 -15 -17 24 -3 -2 -14 -4 -29 -30
right_child=2 6 4 5 13 8 10 20 -10 -11 11 -13 26 21 -16 22 17 -19 -20 -21 -22 -23 -24 -25 -26 -27 -28 28 29 -31
leaf_value=0.082383496681058696 -0.078653096962644706 0.042110570959055266 -0.063102432172250422 -0.0072014575896130117 -0.035205359452756754 0.064698034421491094 0.057911951785296317 -0.028625654186161177 0.072537640868764366 0.040291111887429232 -0.007751732790156899 0.0090584270841680865 0.0057556294543535634 -0.024563716746221043 -0.038032553284236423 0.063728201656015601 -0.070972455464831108 0.016068769432183605 0.029188966012982133 0.070739111232559132 0.0056622783465663622 -0.0099655045302188272 0.034184555782022272 0.026986102668925711 -0.048914675327427909 -0.08893510566250859 -0.013205034838368351 -0.045695256711429724 -0.04687562313206136 -0.06495985589179222
leaf_weight=37062.654705099296 25490.529177492484 548.18899928405881 11205.167213638313 1218.6553322039545 21622.692402657121 15250.574886095477 3478.863245206885 1703.0817959292326 20832.047202513088 13148.503193213604 4788.4352213740349 29322.763418116141 9707.9904521452263 12818.966354244621 7416.5598127762787 2013.8983006235212 1165.542348857969 2739.3759121671319 4109.2586199054495 16398.918282805011 5495.6790487039834 16086.082784840139 8777.7923112520948 28549.308253792347 659.17555950349197 30818.196460943669 5537.0326707083732 20050.655182658462 7725.9243081449531 9842.7724281544797
leaf_count=131784 402002 5919 169289 9215 308463 70609 23815 18832 71354 61867 35758 149016 64742 139870 48611 20887 16276 22935 25686 61026 43723 145683 49012 275631 5092 682674 41744 234261 62574 78692
internal_value=1.80918e-05 0.0400723 -0.0542062 0.0627091 -0.0377913 0.0501325 0.0107495 0.0209784 0.0615181 0.0534348 0.00389332 -0.00128783 0.0133182 -0.0234379 -0.0261309 0.0350206 -0.0313454 -0.0100519 0.0423016 0.0787969 -0.00244956 -0.0164459 0.0397886 0.0255725 -0.00764214 -0.0842953 -0.00113508 -0.0537854 -0.0509943 -0.0570709
internal_weight=375585 216019 159566 121902 103257 68440.2 94117.6 19209.1 49231.1 28399.1 64360.9 41527.8 22833.1 54432.7 12205 12010.3 25527.6 3904.92 7588.12 53461.6 7198.76 28905 10791.7 29756.7 1207.36 56308.7 15245 48824.5 37619.4 17568.7
internal_count=3477042 1214323 2262719 538309 1178043 345499 676014 141669 203830 132476 389372 233385 155987 633227 84369 79114 347674 39211 49501 192810 62555 285553 69899 286642 11011 1084676 106486 544816 375527 141266
cat_boundaries=0 2 4 6 8 10 12 14 16 18 20 22 24 26 28 30 32 34 35
cat_threshold=1375866122 6109294 1073741826 4208712 2708746369 50048 2 10240 143131140 2229248 3072 786468 0 4160 33685504 2 33554440 2 49184 1 0 1 0 16 0 4096 0 786436 560996352 256 131072 1114112 4 2098176 143130624
is_linear=0
shrinkage=0.05


Tree=3
num_leaves=31
num_cat=14
split_feature=6 17 17 17 17 17 7 17 13 4 13 7 17 4 17 7 17 4 4 17 4 17 4 17 17 7 5 4 17 4
split_gain=53401.9 36405.5 20070.8 12586.8 6212.69 3675.76 1960.52 2604.37 1506.22 1410.55 1101.68 1028.4 923.919 897.198 896.365 2441.48 6053.61 1307.4 823.724 793.966 693.208 654.91 474.508 397.499 393.221 366.864 365.328 349.326 304.794 291.292
threshold=1.0000000180025095e-35 0 1 2 3 4 1.0000000180025095e-35 5 1.0000000180025095e-35 7.5000000000000009 1.0000000180025095e-35 1.0000000180025095e-35 6 5.5000000000000009 7 1.0000000180025095e-35 8 2.5000000000000004 7.5000000000000009 9 5.5000000000000009 10 7.5000000000000009 11 12 1.0000000180025095e-35 1.5000000000000002 1.5000000000000002 13 5.5000000000000009
decision_type=2 9 9 9 9 9 2 9 2 2 2 2 9 2 9 2 9 2 2 9 2 9 2 9 9 2 2 2 9 2
left_child=1 3 5 9 11 8 10 13 19 29 18 20 -12 -8 15 16 -3 27 -7 -2 24 -10 -18 -19 -4 -11 -24 -17 -22 -1
right_child=2 14 4 -5 -6 6 7 -9 21 25 12 -13 -14 -15 -16 17 22 23 -20 -21 28 -23 26 -25 -26 -27 -28 -29 -30 -31
leaf_value=0.026406909550889188 0.082984692030113286 0.086314289803254396 0.0019269342405499634 0.077582138047755725 0.08591816092427973 -0.028709785786950104 -0.032080458890299104 0.090806713681619716 -0.068907404569579458 0.051535580657693536 -0.023759636190493229 0.095190970953575038 0.08729206060049742 0.0024214100302433813 -0.0096852575704007172 -0.049018894591513741 0.011524902889011609 -0.0022601134346831326 -0.042576479224801532 -0.042405854218058703 0.0084792634878111967 0.07840653173252389 -0.016160711688385926 0.084435232511002434 -0.013277344206253719 -0.025991067536753728 0.011660555008643365 -0.020338374859062695 -0.00082899408066528706 0.035581976741310375
leaf_weight=30398.906063052826 119.45097367465496 2671.0276775527745 5751.3661884944886 22661.988344448619 2077.2212179612834 54081.944422992179 3445.090737324208 643.71250787307508 8201.6902657439932 9402.1875539124012 385.44183077290654 273.42238532286137 350.99760980159044 4159.0214148368686 25687.434203230892 1591.6285376511514 8964.4907235307619 32954.398082349915 13354.139458996477 16257.832164141349 11450.421823656186 70.432276969309896 3673.4895495530218 122.75824501551688 16337.791002654471 155.11354250647128 1738.3367143794894 3188.6834529973567 37803.457304565236 12091.636004934087
leaf_count=252320 698 7549 50913 73583 40919 993367 47670 2413 127227 47310 20562 1112 1672 47813 359803 14220 83849 249920 199713 192261 63487 554 33823 706 143620 1226 11826 27586 295882 83438
internal_value=-1.88102e-06 0.0213327 -0.0189607 0.0464728 0.00088507 -0.0334278 -0.0280023 -0.00498167 -0.0502303 0.0329153 -0.0307915 -0.00159295 0.0300319 -0.0131925 -0.0019779 0.00162913 0.0173417 -0.00544586 -0.0314558 -0.0414665 -0.0019641 -0.0676416 0.00446387 -0.00191352 -0.00932374 0.0502773 -0.00722422 -0.0298877 0.00133652 0.0290179
internal_weight=330066 155302 174763 74709.8 73693.7 101070 76420.3 8247.82 24649.4 52047.8 68172.5 71616.5 736.439 7604.11 80592.2 54904.8 17047.3 37857.5 67436.1 16377.3 71343 8272.12 14376.3 33077.2 22089.2 9557.3 5411.83 4780.31 49253.9 42490.5
internal_count=3477042 1247159 2229883 457877 595933 1633950 1313210 97896 320740 384294 1215314 555014 22234 95483 789282 429479 137047 292432 1193080 192959 553902 127781 129498 250626 194533 48536 45649 41806 359369 335758
cat_boundaries=0 2 4 5 7 9 10 11 12 13 14 15 16 18 20
cat_threshold=3249927304 20 3249927304 16 1056776 524578 36 2147517576 16 8388608 16777216 526375 2080 32768 2147516416 2084 256 32 256 32
is_linear=0
shrinkage=0.05


Tree=4
num_leaves=31
num_cat=26
split_feature=15 15 15 17 17 15 15 17 17 15 17 15 4 17 15 4 17 4 17 15 15 15 15 17 15 17 17 4 15 17
split_gain=230358 42757.4 22713 11197.6 6892.25 7896.37 6736.6 5483.93 4906.15 4532.55 2860.14 2853.68 2614.04 2382.13 1766.51 2424.63 1701.74 1631.46 1468.69 1379.85 1355.24 1316.35 1284.87 1203.77 3247.72 1193.58 1149.98 942.095 929.94 923.796
threshold=0 1 2 3 4 5 6 7 8 9 10 11 3.5000000000000004 12 13 3.5000000000000004 14 4.5000000000000009 15 16 17 18 19 20 21 22 23 6.5000000000000009 24 25
decision_type=9 9 9 9 9 9 9 9 9 9 9 9 2 9 9 2 9 2 9 9 9 9 9 9 9 9 9 2 9 9
left_child=1 4 -2 -3 5 8 16 18 -1 12 19 -10 -5 -11 -12 21 26 -13 -8 -7 -14 -16 29 27 -25 -22 28 -15 -4 -20
right_child=2 3 6 9 -6 10 7 -9 11 13 14 17 20 23 15 -17 -18 -19 22 -21 25 -23 -24 24 -26 -27 -28 -29 -30 -31
leaf_value=-0.065871285397493193 -0.078668942605282566 0.086010192927943513 -0.056212419657759805 -0.011811677957992451 0.074449281225089703 -0.088824733230283434 -0.012791023017157038 0.083824940210898743 0.085340011507416505 0.089020332528266299 0.078789726953613679 -0.0099369660292499967 0.042898804858154109 -0.0094843287937767459 0.062435580129137226 0.059430092034781681 0.089107897777326153 0.031057786524818377 -0.044541987576938696 0.080966919820269073 -0.015332285799673698 0.0069823008533237418 -0.023360273684639703 0.086165510720395522 -0.0040593311726425758 0.023863583225402541 -0.065102533804351603 -0.048711033159003617 -0.036288386003935552 0.086487387312926739
leaf_weight=1670.5931622870266 46221.751834072405 4594.2539717420004 11605.034719453193 5192.0521759120747 40066.491970291827 481.56802459061146 15026.787778024096 1159.0475993957371 1693.6149936788715 674.12960393214598 9146.2649629879743 3921.7564966273494 8892.0697691901587 3816.4619965986349 1485.5751226264983 30343.089868393727 206.26977295428514 6367.3009176291525 13786.680774129461 150.92335020005703 2220.1703837160021 3794.1355987014249 19641.959602166433 1012.117374190595 41236.012106115464 15319.505670739803 12097.157799359877 2555.5710319345817 12244.706997934962 128.06693899910897
leaf_count=4197 1084676 25560 200203 51102 177751 45643 126661 15229 4034 4105 17804 48449 102612 36897 6554 123963 2190 43681 173686 1628 11351 31459 308210 8542 325336 118203 135998 28342 212362 614
internal_value=2.05566e-06 0.0360706 -0.0504025 0.0101618 0.058419 0.0475323 -0.0351846 -0.0232351 0.0141597 0.00584525 0.0575628 0.025363 0.0206167 -0.00363335 0.05906 0.0539736 -0.0516146 0.0154173 -0.025806 -0.0476799 0.0269945 0.0227169 -0.0316285 -0.00493605 -0.00187798 0.0188963 -0.0524467 -0.0251771 -0.0460027 -0.0432748
internal_weight=316751 184634 132117 85512.3 99121.3 59054.8 85895.7 49742.5 13653.3 80918.1 45401.6 11982.7 31623.8 49294.3 44769.1 35622.8 36153.2 10289.1 48583.5 632.491 26431.7 5279.71 33556.7 48620.2 42248.1 17539.7 35946.9 6372.03 23849.7 13914.7
internal_count=3477042 1217213 2259829 712050 505163 327412 1175153 624400 100361 686490 227051 96164 283268 403222 179780 161976 550753 92130 609171 47271 232166 38013 482510 399117 333878 129554 548563 65239 412565 174300
cat_boundaries=0 2 4 6 7 8 10 12 14 15 17 18 20 21 23 25 27 29 31 32 33 35 37 39 40 42 43
cat_threshold=1442974986 6109292 1073741826 14400 2708746369 50048 1427800729 36946185 1073741824 2048 142606884 2229248 3248013738 32 2162689 3328 4194336 131072 0 2048 95520 0 12288 1410869608 16 17301536 32 0 4096 2048 4194336 2 573456 39845890 36 33554432 12 0 4 1583136 8388608 2097152 1074790792
is_linear=0
shrinkage=0.05


Tree=5
num_leaves=31
num_cat=25
split_feature=15 15 15 17 15 15 4 17 17 17 15 17 15 17 17 15 4 15 17 4 15 17 15 17 15 17 17 4 15 4
split_gain=182384 29494.7 25474.9 8264.3 5235.33 5231.44 4926.8 4801.76 3449.19 3399.54 2384.26 2140.51 1604.31 1479.49 1331.6 1261 1239.57 1238.56 1781.81 1204.76 1195.65 1002.54 1096.34 992.996 977.308 1553.15 1435.66 966.986 943.808 926.835
threshold=0 1 2 3 4 5 4.5000000000000009 6 7 8 9 10 11 12 13 14 4.5000000000000009 15 16 2.5000000000000004 17 18 19 20 21 22 23 2.5000000000000004 24 6.5000000000000009
decision_type=9 9 9 9 9 9 2 9 9 9 9 9 9 9 9 9 2 9 9 2 9 9 9 9 9 9 9 2 9 2
left_child=1 4 17 -3 6 11 27 20 12 -7 16 21 19 15 -9 -11 -10 18 -2 -5 -6 22 -4 -22 25 -15 -26 -1 -12 -8
right_child=2 3 5 8 7 9 29 14 10 13 28 -13 -14 24 -16 -17 -18 -19 -20 -21 23 -23 -24 -25 26 -27 -28 -29 -30 -31
leaf_value=-0.011160566546464393 -0.063340678023186645 0.081608159341520922 0.085100244133218608 -0.020120193246990603 -0.050757755065809596 0.079978399331419384 0.043523021742791684 0.061403940916405421 -0.0069046018789155816 -0.010607995060728452 8.2845021610416145e-05 0.084400148321402593 0.084375732456559813 -0.041533472301030341 0.079359556443841392 0.061499371491431823 0.045965690547584308 -0.07844571753596348 0.093694235551904592 0.023418735762544218 0.058379953375930695 -0.055019376532852209 -0.037571169614538796 -0.036355714583628469 0.084564453399715744 0.081143124268414579 -0.021112225846651868 0.023511704279876415 -0.017046010672832592 0.061160418651666652
leaf_weight=2584.6701979835052 19279.584944899427 3942.8001059726812 176.10805524513125 1732.3571563113946 869.78988888440654 877.62478119437583 12558.06787283998 18825.40334301861 1609.2491799127311 20785.889287737664 19438.22052256763 316.28091470187064 1000.9845597795211 9884.2299223481677 24461.167904915987 614.81724544567987 3563.7308575259522 29034.013448144309 175.50980746932328 19181.914676163811 792.23211749829352 13212.243849553401 15285.67017341638 415.61794140934944 316.90244175959378 256.9741654060781 21801.275791757274 9059.0185499340296 13711.926238660235 18307.060516980011
leaf_count=32719 397530 27245 1013 21123 3952 10748 70700 70686 8639 201892 88085 3985 6359 161890 131239 9192 21835 843979 1649 230491 2688 169338 272420 47248 1758 5479 342042 74711 144249 70739
internal_value=1.20554e-05 0.0373416 -0.0429828 0.0115693 0.0561618 -0.0262406 0.0435191 0.0679966 0.00697228 -0.0171099 -0.0020764 -0.0434057 0.0227894 -0.0187124 0.0715666 -0.00850868 0.0294615 -0.0718119 -0.0618766 0.0198029 -0.00636869 -0.0448444 -0.0361199 0.0257508 -0.0254767 -0.038348 -0.0195606 0.0158151 -0.00700518 0.0539843
internal_weight=284071 152054 132017 64181.2 87873 83528 42508.8 45364.2 60238.4 54537.7 38323.1 28990.3 21915.3 53660.1 43286.6 21400.7 5172.98 48489.1 19455.1 20914.3 2077.64 28674 15461.8 1207.85 32259.4 10141.2 22118.2 11643.7 33150.1 30865.1
internal_count=3475623 1052708 2422915 548026 504682 1179757 248869 255813 520781 733001 262808 446756 257973 722253 201925 211084 30474 1243158 399179 251614 53888 442771 273433 49936 511169 167369 343800 107430 232334 141439
cat_boundaries=0 2 4 6 8 10 12 13 14 16 18 19 21 23 25 27 29 31 33 34 35 36 38 39 40 42
cat_threshold=1107299594 6109292 1073741826 14400 2708746369 2148224 1427800729 16 1073741824 64 143131172 131072 131073 8484132 340144976 4 3072 4194336 1410869608 3328 65568 52956193 32 2518795520 32 335577104 16 7348224 2098432 2166130192 16 0 2048 1583136 134742020 1 49168 2 3222306952 3221258376 0 1114112
is_linear=0
shrinkage=0.05


Tree=6
num_leaves=31
num_cat=24
split_feature=15 15 15 17 15 4 15 17 17 17 15 17 17 15 15 17 17 15 17 6 4 17 17 4 15 17 4 4 15 17
split_gain=146551 28100.6 19668.2 7308.92 4844.68 4000.08 3796.92 3448.22 2704.85 2630.28 1720.07 1486.91 1217.19 1038.07 957.123 1628.03 925.553 3118.96 841.531 1029.84 816.724 766.543 765.612 1436.22 751.489 2048.63 734.487 559.051 527.112 754.78
threshold=0 1 2 3 4 4.5000000000000009 5 6 7 8 9 10 11 12 13 14 15 16 17 1.0000000180025095e-35 4.5000000000000009 18 19 3.5000000000000004 20 21 6.5000000000000009 2.5000000000000004 22 23
decision_type=9 9 9 9 9 2 9 9 9 9 9 9 9 9 9 9 9 9 9 2 2 9 9 2 9 9 2 2 9 9
left_child=1 4 14 -3 5 18 11 28 -8 13 22 -4 -9 20 15 -2 -10 -18 19 27 -5 -13 -11 -24 -19 -26 -7 -1 -6 -30
right_child=2 3 6 9 7 26 8 12 16 10 -12 21 -14 -15 -16 -17 17 24 -20 -21 -22 -23 23 -25 25 -27 -28 -29 29 -31
leaf_value=-0.0071401470823092899 -0.061170323410972387 0.078310385919376613 -0.057366527463439149 0.0021653534911133141 -0.042045503655514994 0.04105619818905467 0.071194306087936546 0.058286559535189103 -0.032600427534949405 0.0044429888951929451 -0.0084816375528459359 -0.033085438178240049 0.076369665274913831 0.081032161750228912 -0.075305216216189172 0.090990646027802713 0.072663671854097264 -0.023084859606020719 0.055437927480838228 -0.012349750631782305 0.029610399476183987 0.07937553236296338 -0.015899087571912673 0.040578306889553474 -0.012460851357060501 0.086383010091091006 0.057384427173240805 0.029399152937217916 0.053450383225380593 -0.036321785990219617
leaf_weight=1315.199055312667 16041.380244902568 3593.3892558449879 10248.03943898296 3920.6877802086528 632.24029608489946 11663.125406260137 815.44496986101149 17079.953256208915 11429.1156937622 14334.23977354262 27870.14680176531 12823.239068060182 21854.675894539803 760.47828799043782 25906.527661281638 170.86550231347792 950.02555330609903 26673.58980994951 1146.4539327895036 3315.5951125416905 8783.7806571810506 144.96583279687911 1519.7107566255145 4341.4290960291401 9753.1502211941406 544.06911430833861 16819.286605215166 5129.8915229793638 558.119410187006 390.25170446559787
leaf_count=15179 378279 27640 156705 60127 3952 70700 11603 70686 180770 90980 249489 251880 131239 5948 843979 1576 15766 406062 8320 48633 124644 2109 11659 36214 112310 3201 70739 35298 2688 47248
internal_value=1.45935e-05 0.0334793 -0.0420049 0.00909611 0.0533485 0.0408278 -0.0263645 0.0655082 -0.0186182 0.00504192 -0.000431242 -0.0430875 0.0684539 0.0245652 -0.0692415 -0.0595116 -0.0201164 -0.0163461 0.01509 0.0102835 0.021124 -0.0317681 0.0106772 0.0258903 -0.0186524 -0.00715955 0.0506983 0.0219429 -0.00702558 0.0165159
internal_weight=260529 145029 115500 65123.9 79904.8 39389.6 73381.6 40515.2 50165.4 61530.5 48065.5 23216.2 38934.6 13464.9 42118.8 16212.2 49350 37920.8 10907.1 9760.69 12704.5 12968.2 20195.4 5861.14 36970.8 10297.2 28482.4 6445.09 1580.61 948.371
internal_count=3475623 1111383 2364240 606701 504682 248869 1140406 255813 729712 579061 388342 410694 201925 190719 1223834 379855 718109 537339 107430 99110 184771 253989 138853 47873 521573 115511 141439 50477 53888 49936
cat_boundaries=0 2 4 6 8 10 12 13 15 16 18 20 22 24 26 27 28 30 32 33 34 36 38 40 41
cat_threshold=1375735050 6109292 1073741826 14400 2708746369 2147200 1360691864 16 1073741824 64 142606884 132096 131073 340144721 36 75510817 3072 4259872 1409286504 16 2518795520 32 3328 32 7348224 2097408 2166130192 3229663626 540736 2 17891723 32 1583104 2304 32768 17 2084 16 0 2048 1
is_linear=0
shrinkage=0.05


Tree=7
num_leaves=31
num_cat=26
split_feature=15 15 15 17 15 17 17 15 17 15 15 17 4 4 4 17 15 15 17 6 17 15 17 17 15 15 17 17 17 15
split_gain=125495 19319.2 18854.5 8900.37 3522.6 2862.41 2190.54 2575.01 1972.03 2522.25 1561.39 1115.94 1093.27 1059.49 962.164 944.051 3979.73 939.44 1241.77 847.12 792.168 666.293 1875.24 540.783 443.607 565.772 438.194 411.467 406.696 361.488
threshold=0 1 2 3 4 5 6 7 8 9 10 11 3.5000000000000004 3.5000000000000004 3.5000000000000004 12 13 14 15 1.0000000180025095e-35 16 17 18 19 20 21 22 23 24 25
decision_type=9 9 9 9 9 9 9 9 9 9 9 9 2 2 2 9 9 9 9 2 9 9 9 9 9 9 9 9 9 9
left_child=1 6 17 -3 11 -6 29 26 9 -5 14 -4 -11 19 -10 24 -17 18 -2 -9 -13 -18 -23 -16 -7 -26 -8 -12 -14 -1
right_child=2 3 4 8 5 15 7 13 10 12 27 20 28 -15 23 16 21 -19 -20 -21 -22 22 -24 -25 25 -27 -28 -29 -30 -31
leaf_value=-0.015190826558301805 -0.057724213611117882 0.05934742990997164 -0.057316827281172579 0.076913110434976228 0.074668625139137038 -0.036829745277706175 0.059386776681985699 0.012369770032301476 -0.013962287120572387 -0.0060938763523069837 -0.0012848247517625137 -0.033786414310333419 0.015389420478785165 0.051987035349919455 0.012738330480253897 0.072377992772833716 -0.022101573031798188 -0.072490336510476747 0.086667046599393005 0.05709053269549666 0.078129012267909581 0.082123437257496337 -0.012273578098577466 0.038794284896376714 -0.02015225040010498 0.080185972833346941 0.073960202458682178 -0.016093944487089291 0.031212628205778442 0.074446624505376938
leaf_weight=1220.2267007669434 15505.182417985052 10344.347383992048 6972.1545865742955 1729.8307305674534 835.54692537232768 8344.2632205339614 8161.8760421125917 3348.5454114769818 2225.4718632809818 5078.0440400466323 9347.4908016189002 12991.00187851931 14559.21329391608 24499.343282882124 5106.0285994559526 1268.9957805005834 25838.316747195087 23168.330810683314 143.44966473150998 1548.6726733171381 151.78493625333067 535.71210535243154 14780.866694396362 3292.3917915713973 4003.4043068720493 136.18007347825915 17903.693310899544 9422.4463792226743 5680.8375137345865 113.94186331843957
leaf_count=52220 397530 52016 116368 9777 15426 150973 28046 33137 18835 78330 41116 272791 143509 137738 27893 19981 406064 843979 1649 11804 2211 2024 173334 31504 65170 896 113097 102938 123561 1706
internal_value=1.40783e-05 0.0349683 -0.037655 0.0167314 -0.0231448 -0.0166653 0.0564061 0.0579333 0.00891188 0.0186529 -5.49959e-05 -0.041084 0.0146435 0.0477269 0.0152541 -0.0180685 -0.0145035 -0.0659981 -0.0563461 0.026512 -0.0324355 -0.0171994 -0.00892052 0.0230143 -0.0301623 -0.0166661 0.0694214 -0.00872357 0.0198536 -0.00703863
internal_weight=238258 123582 114675 66786.1 75858.2 55743.3 56796.3 55462.1 56441.8 27047.9 29393.8 20114.9 25318.1 29396.6 10623.9 54907.7 42423.9 38817 15648.6 4897.22 13142.8 41154.9 15316.6 8398.42 12483.8 4139.58 26065.6 18769.9 20240.1 1334.17
internal_count=3475623 1007227 2468396 629479 1225238 833868 377748 323822 577463 355177 222286 391370 345400 182679 78232 818442 601403 1243158 399179 44941 275002 581422 175358 59397 217039 66066 141143 144054 267070 53926
cat_boundaries=0 2 4 6 8 10 12 13 15 16 18 20 21 22 24 26 28 29 31 32 33 35 37 39 40 41 43
cat_threshold=1107299594 5585004 2 14400 2708746369 2148224 3507126936 16 142606884 131072 373699153 4 131073 0 14336 76576037 33554440 5505036 1073744896 5242912 1409286472 3229663624 540736 524290 7348224 2098432 2166130192 16 1583136 32768 17 1572864 2048 540752 2 131072 524289 2518795264 32 33622016 1048864 0 6144
is_linear=0
shrinkage=0.05


Tree=8
num_leaves=31
num_cat=25
split_feature=15 15 15 17 15 17 17 15 17 17 15 15 17 17 16 4 15 15 17 4 15 6 1 5 15 17 17 15 17 15
split_gain=101859 19613.7 14766 6624.7 3935.31 2633.1 1924.21 2395.13 1652.21 1209.34 1883.34 1253.45 1167.22 1104.14 2805.17 961.904 953.945 933.717 988.066 870.289 794.688 707.626 617.546 560.446 439.063 620.488 434.69 358.15 343.611 974.308
threshold=0 1 2 3 4 5 6 7 8 9 10 11 12 13 14 3.5000000000000004 15 16 17 3.5000000000000004 18 1.0000000180025095e-35 4422.5000000000009 1.5000000000000002 19 20 21 22 23 24
decision_type=9 9 9 9 9 9 9 9 9 9 9 9 9 9 9 2 9 9 9 2 9 2 2 2 9 9 9 9 9 9
left_child=2 17 6 -4 8 -6 -1 26 28 11 -11 22 20 14 24 -12 -15 18 -2 21 -10 -9 -5 -22 25 -7 -8 -17 29 -3
right_child=1 4 3 9 5 13 7 19 12 10 15 -13 -14 16 -16 27 -18 -19 -20 -21 23 -23 -24 -25 -26 -27 -28 -29 -30 -31
leaf_value=-0.0063733085632005377 -0.05472159157610014 0.082887864549996235 0.055713867209561799 0.0022282264090986098 0.074043415303784929 -0.004585335207610809 0.056857136229971378 0.012480998033949234 -0.031264668563310762 0.074499033760060174 -0.0062040074634646739 -0.01372425383763623 0.078802301029518143 0.064574185573632259 0.06827559923322872 0.048542738414711288 -0.024241083968038681 -0.070226923259927118 0.083100368381733056 0.049427367384435227 -0.012708904878220684 0.055180712583412408 0.025450158931786329 0.029890439028790568 -0.015204351802396774 0.072966195542162438 0.07196033553350549 0.017007590857018608 -0.047573701163516918 -0.036280103760563211
leaf_weight=1290.5061610345729 14455.788288310869 165.59733287058771 9206.8244467242621 7672.7290888680145 907.26568089984357 15580.925505317748 7539.9892742567463 3178.193333760486 5139.4879352103453 1326.7064623846672 4921.8566029842477 8949.2306791858282 310.95655798807275 299.81625005975366 1206.1710125152022 946.11402589664795 15160.804385916097 21059.500197657384 124.29146024119109 22632.780822828063 2931.9010915081017 1396.6599091142416 4567.0616064604837 1048.0971630914137 15211.170005177846 252.30080571817234 16291.934792577173 17774.325388887897 9167.9041618455667 12762.280174353626
leaf_count=53926 408299 1004 48913 44080 18425 121249 28046 33137 86336 11739 79629 98763 5311 8015 12211 62321 247320 843979 1607 137738 31890 11804 28289 8022 264025 1249 113097 205033 163244 296922
internal_value=1.58833e-05 -0.0325383 0.0350151 0.0170078 -0.0188095 -0.00988263 0.0540597 0.0555887 -0.0325686 0.00927697 0.0167312 0.000489186 -0.0150033 -0.0114937 -0.00622257 0.0134594 -0.0224781 -0.063397 -0.0534905 0.0453902 -0.0182847 0.0255168 0.0108842 -0.00148701 -0.00913811 -0.00330428 0.0672078 0.0186364 -0.0400552 -0.0346908
internal_weight=223479 115784 107695 55364.8 80144.7 48618.5 52330.1 51039.6 31526.2 46158 24969 21189 9430.44 47711.2 32250.6 23642.3 15460.6 35639.6 14580.1 27207.6 9119.49 4574.85 12239.8 3980 31044.4 15833.2 23831.9 18720.4 22095.8 12927.9
internal_count=3475623 2519108 956515 578767 1265223 672494 377748 323822 592729 529854 358722 171132 131559 654069 398734 346983 255335 1253885 409906 182679 126248 44941 72369 39912 386523 122498 141143 267354 461170 297926
cat_boundaries=0 2 4 6 8 10 12 13 15 16 18 20 22 23 25 26 28 30 32 34 36 37 39 41 42 44
cat_threshold=1107299594 4536428 2708746373 2148224 2 14400 3507126936 16 143180320 131072 1415985105 4 131073 0 14336 1410337256 6621250 36 33554440 4456460 1073744896 4259872 532480 17893408 32 269488704 0 1048576 7348228 2098432 3239872016 16 8388608 131072 335544320 1048576 2048 2518795264 32 0 65568 1074792480 134742016 131072
is_linear=0
shrinkage=0.05


Tree=9
num_leaves=31
num_cat=15
split_feature=15 15 15 15 15 15 15 15 0 15 0 0 15 0 5 15 15 7 0 6 15 5 15 5 6 3 0 0 3 15
split_gain=87626.2 15911.6 14009.4 2441.92 1834.03 1633.19 802.344 685.062 501.74 421.792 810.56 399.826 286.323 281.757 262.14 867.237 247.244 266.986 230.188 225.06 194.806 188.386 173.48 148.925 815.423 146.836 135.523 126.303 118.034 111.823
threshold=0 1 2 3 4 5 6 7 61.500000000000007 8 68.500000000000014 69.500000000000014 9 69.500000000000014 1.0000000180025095e-35 10 11 1.0000000180025095e-35 40.500000000000007 1.0000000180025095e-35 12 1.5000000000000002 13 1.0000000180025095e-35 1.0000000180025095e-35 1.0000000180025095e-35 28.500000000000004 47.500000000000007 1.0000000180025095e-35 14
decision_type=9 9 9 9 9 9 9 9 2 9 2 2 9 2 2 9 9 2 2 2 9 2 9 2 2 2 2 2 2 9
left_child=1 5 6 21 11 8 -2 13 27 23 -11 18 -7 14 20 -16 26 -18 22 -13 -5 28 -3 -6 -25 -22 -9 -1 -4 -17
right_child=2 4 3 7 9 12 -8 16 -10 10 -12 19 -14 -15 15 29 17 -19 -20 -21 25 -23 -24 24 -26 -27 -28 -29 -30 -31
leaf_value=0.014740011706503953 -0.051731079866750518 0.013718755725986215 -0.039360902483623089 -0.028583749569062952 0.014126943977195137 0.062369720215095285 -0.068169754368814048 0.016157966785957271 0.045649173046763282 -0.0054332904860115196 0.016017911970469496 0.0057197047698292636 0.051603193486154032 -0.029215478642150374 0.029816997418410141 -0.056265628488733711 0.032897055521988516 -0.0065327578124979926 0.021479544592600892 0.03462010006220366 -0.021698818838747774 -0.050321396969316326 -0.022405509912513902 0.015875280485701918 -0.051024065596612135 -0.0056623189168933837 -0.015312956900123353 0.031879330808088295 -0.030328941920165789 -0.019764747939722979
leaf_weight=1430.1626679573674 12900.897023466881 863.99531128245872 8168.2121526858537 4435.9942862791941 16637.460036578705 21028.263208617456 19087.99910613941 349.9670431308914 11710.256800626928 12820.781961181783 6707.7493079944979 726.98791750334203 9981.1947879922809 8766.878078947193 1061.364886877127 403.02857035491616 445.34118980658241 11931.944039144379 11933.452511664655 9180.6011166722747 3212.0082263641525 2456.9614751399495 526.27014599065296 2113.0484733568155 580.65744630037807 2569.1861840549391 15189.556697746273 4327.1294686261099 6492.4765189675381 507.37824018124957
leaf_count=14625 399179 11212 177662 67364 194965 131666 843979 6700 74498 108924 68044 10339 124147 167486 11291 11515 4412 164153 143735 101188 61847 47443 5904 24935 5714 51351 232877 32812 166265 9391
internal_value=2.52979e-05 0.0305336 -0.0344025 -0.0212313 0.0137684 0.0519999 -0.0615584 -0.0155314 0.0396846 0.00711967 0.00193388 0.024882 0.058922 -0.0223686 -0.0174623 -0.000771022 -0.0103929 -0.00510992 0.0192364 0.0324995 -0.0206835 -0.0374865 -1.81821e-05 0.0123547 0.0014544 -0.014547 -0.0145948 0.0276218 -0.0353611 -0.0363591
internal_weight=208547 110568 97979.2 65990.3 62091 48477 31988.9 48872.6 17467.5 38859.7 19528.5 23231.3 31009.5 20955.8 12189 1971.77 27916.8 12377.3 13323.7 9907.59 10217.2 17117.7 1390.27 19331.2 2693.71 5781.19 15539.5 5757.29 14660.7 910.407
internal_count=3475623 1052708 2422915 1179757 674960 377748 1243158 788387 121935 402582 176968 272378 255813 380245 212759 32197 408142 168565 160851 111527 180562 391370 17116 225614 30649 113198 239577 47437 343927 20906
cat_boundaries=0 2 4 6 8 10 12 14 16 18 20 21 23 24 26 28
cat_threshold=1107299594 6109292 2 14400 2708746369 2148224 142606884 131072 1073743872 4456480 0 64 7348224 2098432 573504 1 33555456 1048588 0 10240 32768 16 18 32768 1073743872 262144 0 1
is_linear=0
shrinkage=0.05


Tree=10
num_leaves=31
num_cat=26
split_feature=15 15 15 17 15 15 17 17 4 17 17 17 15 17 15 15 17 15 4 17 4 17 17 15 15 4 15 17 15 17
split_gain=75670 13146.7 12844.4 5892.92 2317.85 1715.36 2092.2 1521.85 1251.16 1133.96 1054.89 1054.71 2062.42 826.133 2780.67 810.959 908.473 737.349 667.055 647.527 507.583 866.4 475.349 464.196 424.898 341.664 310.601 572.867 579.218 442.448
threshold=0 1 2 3 4 5 6 7 4.5000000000000009 8 9 10 11 12 13 14 15 16 5.5000000000000009 17 4.5000000000000009 18 19 20 21 2.5000000000000004 22 23 24 25
decision_type=9 9 9 9 9 9 9 9 2 9 9 9 9 9 9 9 9 9 2 9 2 9 9 9 9 2 9 9 9 9
left_child=1 5 15 -3 9 8 26 -6 25 -4 24 12 -5 14 -9 16 -2 20 -14 23 -13 -22 -10 -11 -8 -1 29 -28 -29 -7
right_child=2 3 4 11 7 6 10 13 22 19 -12 17 18 -15 -16 -17 -18 -19 -20 -21 21 -23 -24 -25 -26 -27 27 28 -30 -31
leaf_value=-0.0071236768707172195 -0.050881681290315575 0.05277150289153329 -0.037421811755959149 0.072503922313286187 0.071939321193696948 0.078486254461940144 0.081184265369986353 -0.010867617922873657 -0.0036746082531297799 -0.038240802489518028 0.068947730398735085 -0.0062428012393187307 0.0017522836378383606 -0.022190309408067124 0.070288284329154946 -0.066641209297028589 0.08165646790925965 -0.012069922613252019 0.01970298977990774 0.074049865107510854 0.005302055428016041 0.039178770637629118 0.048444554853651449 -0.010477834394197732 0.046205863466846527 0.023633763323610699 0.050481822854291175 0.069681048053810646 -0.076292172480939807 -0.053022184804085805
leaf_weight=1151.4312211289071 11781.195956024458 8257.1401995294727 19367.273658168153 1454.0255196420476 527.09462416463066 66.221963239833713 976.32912356476299 20977.412365955533 462.96036191470921 2005.2540774624795 15328.634926326689 5789.0965333748609 9961.2974259109469 14399.890880593448 1101.524291216163 17509.579236663878 123.57046120427549 8227.6230338606983 10771.72176556685 188.84446601525997 10022.210254326463 2318.3303577082697 10879.690944776929 6068.3001314902212 11348.399657125119 4183.0536072548712 453.28973130136728 86.631209581624717 233.33665837347507 449.21791470237076
leaf_count=16187 397373 51881 455656 9877 14542 691 4162 347131 3778 40166 131214 45153 183729 265460 12095 843692 1673 102398 161694 4236 47089 27678 65757 85996 66372 36462 2690 1598 45701 3234
internal_value=7.25755e-05 0.0298062 -0.0323072 0.0137464 -0.0198349 0.0497953 0.057186 -0.0116457 0.0369427 -0.0307949 0.0600962 0.00709891 0.0151298 -0.0128729 -0.00678874 -0.059698 -0.0494386 0.000335446 0.0110731 -0.0152348 0.00596882 0.0117023 0.0463567 -0.0174122 0.0490403 0.0169949 -0.00524369 0.0147543 -0.035856 -0.0349543
internal_weight=196471 102421 94049.9 56801.4 64635.6 45619.2 28942.1 37005.9 16677.1 27629.7 27653.4 48544.3 22187 36478.8 22078.9 29414.3 11904.8 26357.3 20733 8262.4 18129.6 12340.5 11342.7 8073.55 12324.7 5334.48 1288.7 773.258 319.968 515.44
internal_count=3475365 1007345 2468020 629499 1225282 377846 255662 639228 122184 586054 201748 577618 355300 624686 359226 1242738 399046 222318 345423 130398 119920 74767 69535 126162 70534 52649 53914 49989 47299 3925
cat_boundaries=0 2 4 6 8 10 12 13 15 16 17 18 20 21 23 25 27 29 30 31 32 33 35 37 38 40 41
cat_threshold=1107299594 5585004 2 14400 2708746369 2148224 3507126937 16 143163940 131072 0 64 131073 375796561 4 1410337128 2518795520 76576036 33554440 5505036 17894432 335544336 17 7348224 2098432 2166130192 16 1073744896 5308448 532480 2048 256 8388608 0 6144 0 2048 1 2 8192 131072
is_linear=0
shrinkage=0.05


Tree=11
num_leaves=31
num_cat=14
split_feature=15 15 15 15 15 15 4 4 15 15 6 15 4 4 6 4 4 5 4 0 4 15 5 15 3 15 4 15 15 5
split_gain=64799.3 14693.4 9540.98 1681.14 1598.13 1377.04 1108.44 888.334 1967.69 652.926 513.777 459.87 639.518 279.576 268.862 247.232 208.332 196.578 185.465 178.682 162.014 161.843 653.523 244.1 194.282 293.057 181.471 481.867 151.002 149.047
threshold=0 1 2 3 4 5 4.5000000000000009 6.5000000000000009 6 7 1.0000000180025095e-35 8 2.5000000000000004 2.5000000000000004 1.0000000180025095e-35 3.5000000000000004 8.5000000000000018 1.5000000000000002 4.5000000000000009 43.500000000000007 6.5000000000000009 9 1.5000000000000002 10 1.0000000180025095e-35 11 4.5000000000000009 12 13 1.5000000000000002
decision_type=9 9 9 9 9 9 2 2 9 9 2 9 2 2 2 2 2 2 2 2 2 9 2 9 2 9 2 9 9 2
left_child=1 3 9 6 7 29 13 11 16 -2 -10 15 28 -1 -5 -3 -9 -12 -14 -6 -8 22 26 -24 25 -23 27 -7 -13 -4
right_child=2 4 5 14 19 21 20 8 10 -11 17 12 18 -15 -16 -17 -18 -19 -20 -21 -22 24 23 -25 -26 -27 -28 -29 -30 -31
leaf_value=-0.0055087768994594782 -0.048618867044670167 0.039485880339685357 -0.032300290903045294 0.059405039166568335 -0.0054001708382545579 -0.0087476227257945859 0.038492280689916607 0.035058696878605085 0.01255062865921939 -0.065080097996719211 -0.01461234253375138 -0.0095913879224876607 0.0046861362066570886 0.022749951921916554 0.047842732853359417 0.01537631518539131 0.05056025020305091 -0.061233138488835763 0.017158227697633022 0.0044210729319200948 0.05088426158381313 -0.023921849258209962 0.015678767844119961 -0.020768111347093773 -0.0099679657957039008 -0.0067485490006855041 -0.021861030503883841 -0.049331556177808419 -0.039349925084634509 -0.046360655423371512
leaf_weight=1119.7143975803046 10315.046554387896 1876.6362909891177 13586.628555014788 19571.985768976039 5614.9579413329484 1112.1921203125967 5092.1750108502456 4641.2672837430146 3031.3250326452544 16005.544571324252 1059.7281598366098 1561.289874184411 5353.6662150995107 4009.0222018582863 6765.9320152925793 2453.5245697802166 4066.4074465164449 287.43601492792368 6724.9297038836812 26431.077457772102 5471.9615272746887 8387.8029255967122 1441.98771379143 662.57320925942622 12848.996551199933 3566.3221814411227 7163.4821480378741 2224.543745571631 588.68127009703312 2188.4046107819304
leaf_count=16187 379767 22021 361566 194688 57022 27234 34607 51682 51528 843692 13814 29700 92960 36462 60974 31574 36975 3412 103229 280181 34928 163228 16151 12961 232283 54228 123064 53763 6153 49331
internal_value=7.44353e-05 0.0257192 -0.0340263 0.0486636 0.0105725 -0.0218312 0.0356293 0.0185421 0.0285244 -0.0586499 0.00113007 0.0115134 0.00715289 0.0165805 0.0564134 0.0257656 0.0422493 -0.0245595 0.0116302 0.0026994 0.044911 -0.0165952 -0.0212333 0.00418011 -0.0142305 -0.0188241 -0.0263472 -0.0359783 -0.0179672 -0.0342291
internal_weight=185225 105722 79503.5 42030.8 63690.9 53182.9 15692.9 31644.9 13086.2 26320.6 4378.49 18558.7 14228.6 5128.74 26337.9 4330.16 8707.67 1347.16 12078.6 32046 10564.1 37407.9 12604.8 2104.56 24803.1 11954.1 10500.2 3336.74 2149.97 15775
internal_count=3475365 1158097 2317268 377846 780251 1093809 122184 443048 157411 1223459 68754 285637 232042 52649 255662 53595 88657 17226 196189 337203 69535 682912 233173 29112 449739 217456 204061 80997 35853 410897
cat_boundaries=0 2 4 6 8 10 12 14 16 18 19 20 22 23 24
cat_threshold=1375866122 6109292 2 14400 2708746369 2147200 0 64 1107299328 4456484 142606884 132096 1073743872 4194336 7348224 2097408 33554432 262148 557120 32768 0 19 524352 1073744896
is_linear=0
shrinkage=0.05


Tree=12
num_leaves=31
num_cat=26
split_feature=15 15 15 17 15 15 17 17 4 17 15 17 15 15 17 17 15 17 4 15 17 15 4 17 17 15 4 17 17 15
split_gain=55558.8 11589.8 10176.6 4473.75 1658.24 1636.42 1615.91 1080.81 1023.84 981.692 2673.32 876.044 2367.86 741.321 1185.86 728.873 696.83 815.089 484.825 420.964 328.664 307.689 552.06 299.261 287.244 265.698 277.962 263.551 251.085 244.072
threshold=0 1 2 3 4 5 6 7 4.5000000000000009 8 9 10 11 12 13 14 15 16 3.5000000000000004 17 18 19 4.5000000000000009 20 21 22 6.5000000000000009 23 24 25
decision_type=9 9 9 9 9 9 9 9 2 9 9 9 9 9 9 9 9 9 2 9 9 9 2 9 9 9 2 9 9 9
left_child=1 5 16 25 7 8 15 24 -1 -6 -11 12 18 28 -15 29 17 -2 -5 -9 -10 22 -16 -21 -4 26 -3 -8 -13 -7
right_child=2 3 4 11 9 6 27 19 20 10 -12 13 -14 14 21 -17 -18 -19 -20 23 -22 -23 -24 -25 -26 -27 -28 -29 -30 -31
leaf_value=0.015229341637789518 -0.047990932665273225 0.029490332880589051 -0.049383973278902954 -0.0081287237165232132 -0.021769940130636101 -0.03514549665723099 0.052472277376064039 -0.034887910021631947 -0.001909200656539278 -0.0089979267714783828 0.068577399247723297 0.070148512006025121 0.071891700288580301 0.076456840228594308 -0.0096904417189392286 0.040490032459843762 -0.063735882723603032 0.080687955595632993 0.012499417405318024 -0.008708304069015415 0.044872716461483858 -0.00059819966805515221 0.033087539858404701 0.070393802189782459 -0.032818639698010625 0.071151124053059928 0.050643618931006232 0.066509608660555539 -0.019015245322712072 0.014073979660778647
leaf_weight=4954.244013042131 10109.389100888511 2445.5097084002336 3571.1400197208859 3543.9561906015733 13918.176802713424 407.35186840151437 5245.5537474621087 1770.5927291892003 399.09548673033714 19568.961416226055 1167.4249306160491 71.045306506333873 1591.9984649870312 536.04273797327187 1241.4867621934973 5322.4787309602834 14704.545247835573 117.24889897578396 14513.602009338327 5714.3241746281274 9564.4722081268847 18632.194091454614 1921.5088282502256 112.28515994752524 11230.288378934725 1008.445719306299 4255.2252931126277 12961.697215917287 4925.599855878856 626.82540561864153
leaf_count=52649 397373 24765 87270 72140 272942 3925 25545 40219 3778 349069 26865 1167 12535 10473 9175 45178 843692 1673 256555 85838 65757 134102 20777 2424 314861 19722 23798 131025 90084 49989
internal_value=7.88816e-05 0.0262784 -0.0300138 0.0113688 -0.0183611 0.0469218 0.0548842 -0.0289667 0.0337827 -0.0115 -0.00459961 0.00557068 0.0136206 -0.000220282 0.00367681 0.0330168 -0.0566619 -0.0464382 0.00844628 -0.0135874 0.043042 0.00185257 0.0162457 -0.00706592 -0.036846 0.0466478 0.0428595 0.0624964 -0.0176099 -0.00546399
internal_weight=176153 94168.3 81984.4 54686.6 57053.2 39481.7 24563.9 22398.6 14917.8 34654.6 20736.4 46977.4 19649.6 27327.9 22331.2 6356.66 24931.2 10226.6 18057.6 7597.2 9963.57 21795.2 3163 5826.61 14801.4 7709.18 6700.74 18207.3 4996.65 1034.18
internal_count=3475365 1053139 2422226 675293 1179488 377846 255662 530612 122184 648876 375934 607008 341230 265778 174527 99092 1242738 399046 328695 128481 69535 164054 29952 88262 402131 68285 48563 156570 91251 53914
cat_boundaries=0 2 4 6 8 10 12 13 14 16 18 19 21 23 25 26 28 30 31 32 34 35 36 38 40 41 43
cat_threshold=1107299594 6109292 2 14400 2708746369 2148224 1091207837 16 142639652 131072 0 64 371442945 1410337128 3230187918 48 335544336 17 345011488 1073745152 32 264 524300 2154037250 32 131073 7348224 2098432 2166130192 16 8388608 256 1073744896 4194336 532480 268435720 1073741824 65568 2147483648 32 2112 0 2048
is_linear=0
shrinkage=0.05


Tree=13
num_leaves=31
num_cat=28
split_feature=15 15 15 17 15 17 17 15 4 17 15 15 17 15 17 17 15 17 15 17 17 4 17 15 17 15 15 15 17 15
split_gain=48103 11841.9 8005.38 3989.88 1538.99 1605.15 1038.89 1348.6 701.748 695.405 2154.69 595.557 622.751 591.128 788.864 596.43 546.205 1272.17 495.468 473.451 391.389 371.728 345.956 343.051 324.273 341.933 321.422 311.745 320.549 272.497
threshold=0 1 2 3 4 5 6 7 3.5000000000000004 8 9 10 11 12 13 14 15 16 17 18 19 4.5000000000000009 20 21 22 23 24 25 26 27
decision_type=9 9 9 9 9 9 9 9 2 9 9 9 9 9 9 9 9 9 9 9 9 2 9 9 9 9 9 9 9 9
left_child=1 4 11 -3 5 -1 27 -8 19 10 21 12 -2 15 24 -9 20 -18 -17 -6 -11 -5 29 -20 -15 -26 -19 -4 -29 -7
right_child=2 3 6 9 8 22 7 13 -10 16 -12 -13 -14 14 -16 18 17 26 23 -21 -22 -23 -24 -25 25 -27 -28 28 -30 -31
leaf_value=-0.0059657683036409281 -0.04694683824467244 0.046953231842853792 -0.044577429845661438 -0.0022914387058650121 0.010019635054635968 0.074773793972263636 0.079407365217040796 -0.031132876854164739 0.040450194410016078 0.072269197099523938 0.070102472114996872 -0.062530642734436079 0.077331321520587915 -0.024989707672324158 0.07418527586523041 -0.033304893416685265 0.07139484975237137 -0.003285082106293552 -0.0034281268271146993 0.068774273405167549 -0.015883778607448187 0.012544663966247411 0.065645641408438926 0.075854408168247248 0.043661343952602696 -0.011296769215772409 0.0079493361153468011 -0.025634911583439543 0.072367860456737085 0.043419557085717403
leaf_weight=971.42749773385003 8806.1681080625858 6271.9306113615748 4827.2697954413015 6416.1859967963537 3289.0087722726166 893.99910256848671 353.07010066413204 11438.146144644357 16366.051022729749 119.37048945040442 1472.268474633689 13521.420003850479 94.715558113297448 4830.8582819723524 250.26044393255142 1656.1202878663316 657.32412378815934 15007.514110610355 3482.1137458855519 374.53285349876387 5515.8504157552379 12346.447318283492 10840.975542890723 131.9884374087269 278.05916893482208 18945.509342038538 11043.412423390429 2321.5244535198435 77.635666198097169 4132.8527365268674
leaf_count=53780 378166 48101 137022 132785 38137 3980 5190 340907 138091 1816 12563 843692 1601 81383 10452 40202 14713 151102 39534 6930 109576 222273 112870 2709 8128 369687 87322 57062 1533 24058
internal_value=8.26181e-05 0.023214 -0.0310944 0.00928983 0.0454312 0.0566162 -0.0196812 -0.0166158 0.0360043 0.004789 0.0120569 -0.0558089 -0.0455391 -0.0174616 -0.0124708 -0.0247096 0.000239701 0.0032254 -0.0107365 0.0162413 -0.0138917 0.00746724 0.0604488 -0.000331381 -0.0134028 -0.0104795 0.00147859 -0.0371812 -0.0221764 0.0491331
internal_weight=166734 95719.2 71014.9 58850.3 36868.8 16839.3 48592.6 41366.1 20029.6 52578.4 20234.9 22422.3 8900.88 41013.1 24304.7 16708.4 32343.5 26708.3 5270.22 3663.54 5635.22 18762.6 15867.8 3614.1 24054.4 19223.6 26050.9 7226.43 2399.16 5026.85
internal_count=3475365 1158097 2317268 780251 377846 194688 1093809 898192 183158 732150 367621 1223459 379767 893002 469650 423352 364529 253137 82445 45067 111392 355058 140908 42243 459198 377815 238424 195617 58595 28038
cat_boundaries=0 2 4 6 7 9 10 11 12 13 15 17 18 20 22 24 26 28 29 31 32 34 35 36 38 40 42 43 45
cat_threshold=1375866122 6109292 2 14400 2708746369 2147200 1359643289 0 14336 131073 1409319368 134758404 76576032 1073876224 32 7348224 2097408 2166130192 8421984 1024 2165860390 32 9439264 16 131336 524300 2154037250 48 8388608 101712266 32 2116 2518795264 32 32768 2148024322 0 2 301989888 1310720 134234676 131072 33024 0 6144
is_linear=0
shrinkage=0.05


Tree=14
num_leaves=31
num_cat=26
split_feature=15 15 15 17 15 17 17 15 4 17 15 17 15 17 15 17 15 15 17 17 4 17 15 15 4 17 4 15 15 17
split_gain=41096.6 11006.3 7402.73 3503.65 1523.81 1476.67 937.731 1200.04 936.506 634.937 1942.13 587.814 583.49 646.265 487.999 504.269 475.335 359.901 853.042 313.614 308.116 264.289 252.029 244.579 209.477 208.281 206.308 194.06 191.006 188.94
threshold=0 1 2 3 4 5 6 7 4.5000000000000009 8 9 10 11 12 13 14 15 16 17 18 5.5000000000000009 19 20 21 7.5000000000000009 22 2.5000000000000004 23 24 25
decision_type=9 9 9 9 9 9 9 9 2 9 9 9 9 9 9 9 9 9 9 9 2 9 9 9 2 9 2 9 9 9
left_child=1 4 12 23 8 11 22 -8 26 10 20 27 13 -2 -9 -16 -11 18 -18 -19 -5 -10 -4 24 -3 -7 -1 -6 -24 -17
right_child=2 3 6 9 5 25 7 14 21 16 -12 -13 -14 -15 15 29 17 19 -20 -21 -22 -23 28 -25 -26 -27 -28 -29 -30 -31
leaf_value=-0.0071446796898593252 -0.047330806088461581 0.030556723923251306 -0.044815260334417871 0.00033517234409370064 0.065979259423652944 0.05084752824340915 0.077479498808363773 -0.02847160126137252 -0.0019737183632457336 0.070981552913317425 0.068566055247613167 0.037899122388133588 -0.063218621852992027 0.077674761534812897 0.065423186398819777 -0.027573842383402648 0.069144197279798217 0.069212194901002125 0.00063672724154479438 -0.014174747954159302 0.013430510228938706 0.042310980442453176 -0.0266651044572528 0.072434428155910183 0.050803901134017643 0.064573240113105779 0.018344974823536298 -0.011876709420428618 0.065627553616915343 -0.013200709294174013
leaf_weight=1018.3687842899817 10535.89896150399 2476.5188169769244 3654.8171587451361 8782.3771462688455 77.943886076565832 4418.3506876016036 333.78974443144398 6933.2632133560546 359.1363382562995 223.97720890771598 1371.3805258146022 4646.9289438328706 10120.449490180705 97.193756802007556 190.08556259993929 2490.3158440832049 452.38883565738797 105.69949304126203 26325.208090488915 5225.3476390412543 9194.2488196215127 8410.6884686536214 3000.1057832061779 742.99634704738855 2638.4555842104601 10957.01575245033 3600.363489335723 890.55914015742019 48.646065875538625 29711.478406861075
leaf_count=16187 520126 16956 118023 187751 1687 25545 5190 246049 3778 6712 12563 45178 701699 1634 6923 75016 10879 1816 235546 109576 167307 65757 76602 16988 14157 131025 36462 52227 992 565014
internal_value=7.96875e-05 0.0217978 -0.0296629 0.00841984 0.0441787 0.0526145 -0.0185434 -0.0156104 0.0309236 0.00426168 0.0114238 0.0305044 -0.0544826 -0.0461163 -0.01642 -0.0138325 -2.64049e-05 -0.000543674 0.00181949 -0.0123949 0.00702895 0.0405435 -0.0358462 0.0450345 0.0409208 0.0606646 0.0127248 -0.00500071 -0.0249827 -0.0143205
internal_weight=159034 91918 67116 57538.6 34379.4 20990.8 46362.5 39658.9 13388.6 51680.6 19348 5615.43 20753.5 10633.1 39325.1 32391.9 32332.6 32108.6 26777.6 5331.05 17976.6 8769.82 6703.57 5857.97 5114.97 15375.4 4618.73 968.503 3048.75 32201.8
internal_count=3475365 1158097 2317268 780251 377846 255662 1093809 898192 122184 732150 367621 99092 1223459 521760 893002 646953 364529 357817 246425 111392 355058 69535 195617 48101 31113 156570 52649 53914 77594 640030
cat_boundaries=0 2 4 6 7 9 10 11 12 13 15 16 18 19 21 23 24 26 28 29 30 32 34 36 38 40 41
cat_threshold=1375866122 6109292 2 14400 2708746369 2147200 1359643289 0 64 371442945 1409319368 134758404 76576032 1073876224 32 131073 24125440 2097408 2166130192 8389152 1024 4592144 20 1073744896 301989888 5570592 2151940098 16 2116 256 16932 131072 1073741824 32 2147483648 32 2 8192 134742032 2 2155888640
is_linear=0
shrinkage=0.05


Tree=15
num_leaves=31
num_cat=16
split_feature=15 15 15 15 15 15 4 15 4 15 15 15 4 15 15 15 5 4 0 15 4 15 4 4 0 5 0 15 4 3
split_gain=35353.3 10034.6 6822.62 1411.4 1072.72 773.974 632.526 557.701 549.088 1381.03 359.025 351.357 361.425 292.245 239.219 206.214 171.435 139.954 139.887 350.737 138.941 178.941 132.939 111.161 108.318 107.54 88.8122 86.6068 181.733 78.7708
threshold=0 1 2 3 4 5 3.5000000000000004 6 6.5000000000000009 7 8 9 3.5000000000000004 10 11 12 1.0000000180025095e-35 3.5000000000000004 69.500000000000014 13 5.5000000000000009 14 8.5000000000000018 1.5000000000000002 75.500000000000014 1.5000000000000002 67.500000000000014 15 2.5000000000000004 1.0000000180025095e-35
decision_type=9 9 9 9 9 9 2 9 2 9 9 9 2 9 9 9 2 2 2 9 2 9 2 2 2 2 2 9 2 2
left_child=1 3 7 -1 18 25 10 -2 11 22 -5 17 14 16 -13 29 -11 -6 27 -20 21 -8 -10 -12 -17 -4 -23 28 -3 -7
right_child=2 4 5 6 8 15 20 -9 9 13 23 12 -14 -15 -16 24 -18 -19 19 -21 -22 26 -24 -25 -26 -27 -28 -29 -30 -31
leaf_value=0.054493751910957927 -0.042209258270139542 -0.016655249458298715 -0.026434265605213732 0.04089723804132564 0.033254600361674706 -0.018511203346157724 0.047594848681933331 -0.060112039050836889 0.030971214378568597 -0.0099396586677521701 -0.028041159182430515 0.008809077154489196 0.010881379227573054 0.0094693195718404399 -0.016420419956936484 -0.0035673111653553875 -0.055033257994545094 0.013726284002576592 -0.013513628916206272 0.012367777243879299 0.041702175352229282 0.019072831506307394 0.045005931125361387 0.0075530126173382591 -0.017818149435639408 -0.040092345110756551 0.033914201920520075 -0.0024314888640385164 0.013593762244746115 -0.012779944255091762
leaf_weight=14346.323957677465 7305.177375879488 637.4425681255525 10771.403757860651 894.53542969492264 1669.1541717839427 12914.643442102883 1332.6662120108958 11870.699533405947 3705.4173640182707 998.48692637495697 242.9680086603621 1465.427657084947 8326.1247625475517 2852.1189893749543 2589.58024748959 6331.1683765346825 267.16614221257623 2037.3187571274757 1665.9122717570281 5997.728297417023 9018.0048903280403 2118.1219705296098 3097.929026386817 2256.4190911145706 1689.1538593824371 1663.8516908131423 1923.3079997416353 18131.868294896267 2246.2975224311231 11189.691871705232
leaf_count=194719 339143 9172 362057 11906 23787 266940 16697 884944 51714 12827 4982 30317 156461 60174 48069 136978 4267 36168 32872 71516 83116 21112 36845 28239 43803 49426 16881 170343 35078 235504
internal_value=-3.61369e-05 0.0205357 -0.0283805 0.0427832 0.00769337 -0.0176396 0.0333121 -0.0533174 0.0148432 0.0235014 0.0139139 0.00897477 0.00491567 0.000599519 -0.00732157 -0.0135291 -0.0193059 0.02246 0.000957212 0.00674022 0.0379097 0.0315458 0.0373071 0.00407656 -0.00656049 -0.028239 0.0260713 -0.00115119 0.00688343 -0.0158441
internal_weight=151556 87820.3 63735.8 32132.3 55688 44559.9 17786 19175.9 27008.7 10921.1 3393.92 16087.6 12381.1 4117.77 4055.01 32124.7 1265.65 3706.47 28679.2 7663.64 14392.1 5374.1 6803.35 2499.39 8020.32 12435.3 4041.43 21015.6 2883.74 24104.3
internal_count=3476057 1157262 2318795 377652 779610 1094708 182933 1224087 460629 165827 45127 294802 234847 77268 78386 683225 17094 59955 318981 104388 137806 54690 88559 33221 180781 411483 37993 214593 44250 502444
cat_boundaries=0 2 4 6 8 10 12 14 16 17 19 20 22 24 25 26 27
cat_threshold=1375866122 6109292 2 14400 2708746369 2147200 0 14336 268566784 1638400 142606884 132096 7340032 2097408 1073743872 4194336 2 33554440 262148 33554432 3072 8 557120 17 268566528 2 268435456
is_linear=0
shrinkage=0.05


Tree=16
num_leaves=31
num_cat=25
split_feature=15 15 15 17 15 17 15 17 17 15 4 15 17 15 17 17 15 17 4 17 16 6 17 15 15 4 17 15 17 4
split_gain=30413.5 9647.08 5777.38 3065.99 1381.87 1366.3 902.754 872.672 611.655 2043.2 590.609 497.109 463.867 378.431 718.793 335.387 327.437 591.442 317.12 291.377 253.776 251.366 236.392 1139.15 219.258 567.477 257.292 214.833 213.404 202.141
threshold=0 1 2 3 4 5 6 7 8 9 4.5000000000000009 10 11 12 13 14 15 16 2.5000000000000004 17 18 1.0000000180025095e-35 19 20 21 5.5000000000000009 22 23 24 2.5000000000000004
decision_type=9 9 9 9 9 9 9 9 9 9 2 9 9 9 9 9 9 9 2 9 9 2 9 9 9 2 9 9 9 2
left_child=1 4 16 20 5 -1 15 22 9 18 12 -10 21 28 -15 -4 17 -2 -5 27 -3 29 23 -8 25 -16 -26 -7 -13 -6
right_child=2 3 6 8 10 19 7 -9 11 -11 -12 13 -14 14 24 -17 -18 -19 -20 -21 -22 -23 -24 -25 26 -27 -28 -29 -30 -31
leaf_value=-0.0047924441541440186 -0.047884567156690622 0.038598977709113455 -0.032430606748972524 -0.019440046388997795 -0.011575931469647319 0.072121609859954305 0.063124734614060707 0.067190197669367666 0.071795832266072862 0.069320781568305206 0.038529049294268897 0.066663505580417948 0.067372418411103002 0.067669014748891462 -0.0070002953426274916 -0.010201821112800831 -0.061472839640311944 0.075949613154937506 0.0078306497548514386 0.063187411307724331 0.072094976937141272 0.03602791819346058 -0.024219250446633957 -0.014106756418809175 0.064419029722215013 0.0281746736051121 -0.0016147311796205655 0.04032921676447377 -0.011194034052668935 0.014909056456854029
leaf_weight=944.60402128868736 6403.770470587071 4495.3403057069518 11966.441669622785 1167.6332784922561 919.10325581836514 685.2616564478958 478.15235873311758 319.81830319395522 225.684185981052 1371.8277618841967 11171.98115921946 79.315130501170643 445.65055874554673 396.83563129615504 2272.1211192585761 2014.1335362381069 8515.290950965602 90.743438709178008 12251.544808089733 8502.5555020809406 680.35367729997961 1097.1033910291735 5311.8212374206632 22920.424645240884 138.44861700199544 2314.7728325647768 23601.335345430649 3257.4779492466478 8318.2708955070702 3332.9405680696946
leaf_count=53775 381193 31053 488156 28110 15229 3978 9451 15082 5959 11929 110447 2489 10132 10586 27221 47982 701320 1584 265632 112828 17285 11794 168439 446054 1909 34697 221079 24138 181195 35331
internal_value=-4.39659e-05 0.0185399 -0.0281228 0.00646556 0.0413266 0.0533758 -0.0187919 -0.013753 0.00281807 0.01142 0.0317918 -0.000590848 0.0188576 -0.00105015 0.00168025 -0.0292378 -0.0548305 -0.0460402 0.0054537 0.057791 0.0431326 0.0146624 -0.0146777 -0.0125022 0.000732246 0.0107273 -0.00120267 0.0460233 -0.0103803 0.00918418
internal_weight=145691 87670.2 58020.6 57313.5 30356.7 13389.9 43010.8 29030.2 52137.8 14791 16966.8 37346.8 5794.8 37121.1 28723.5 13980.6 15009.8 6494.51 13419.2 12445.3 5175.69 5349.15 28710.4 23398.6 28326.7 4586.89 23739.8 3942.74 8397.59 4252.04
internal_count=3476057 1216796 2259261 839144 377652 194719 1175164 639026 790806 305671 182933 485135 72486 479176 295492 536138 1084097 382777 293742 140944 48338 62354 623944 455505 284906 61918 222988 28116 183684 50560
cat_boundaries=0 2 4 6 7 9 10 12 14 15 17 18 20 22 24 26 28 29 31 32 34 36 38 39 41 42
cat_threshold=1442974986 6109292 2 14400 2708746369 50048 1359643289 0 14336 131073 8389156 2229248 3248013802 32 68187424 1073743104 32 1073742848 101712266 32 67240192 524300 2151677954 16 1410861352 16 24125440 256 2166130192 2518795264 32 589824 18350114 32 134758464 2 2048 4194336 8388608 0 6144 262208
is_linear=0
shrinkage=0.05


Tree=17
num_leaves=31
num_cat=29
split_feature=15 15 15 15 17 17 17 15 15 17 17 15 17 15 17 17 0 15 17 17 15 15 17 15 15 17 15 15 17 15
split_gain=26600.4 9501.76 4488.95 1880.9 2284.04 1725.72 1399.25 1242.36 837.685 836.142 605.018 1116.42 556.046 847.958 492.615 420.184 285.935 279.14 231.898 228.349 751.548 363.114 201.581 189.958 181.908 178.759 170.739 155.203 339.4 349.932
threshold=0 1 2 3 4 5 6 7 8 9 10 11 12 13 14 15 60.500000000000007 16 17 18 19 20 21 22 23 24 25 26 27 28
decision_type=9 9 9 9 9 9 9 9 9 9 9 9 9 9 9 9 2 9 9 9 9 9 9 9 9 9 9 9 9 9
left_child=2 8 6 9 -5 17 15 10 14 12 11 16 13 25 18 27 -7 -4 -2 20 -6 -21 23 -8 -14 -3 -23 -1 -29 -30
right_child=1 3 5 4 19 7 22 -9 -10 -11 -12 -13 24 -15 -16 -17 -18 -19 -20 21 -22 26 -24 -25 -26 -27 -28 28 29 -31
leaf_value=-0.028142878002618034 -0.027734925029813142 -0.019351407178840294 0.0085824308555268684 0.073017183798085167 0.066022821959092606 0.016841237382568579 0.041075046370633056 0.068809238822149107 -0.058433982973398448 0.070227544222450658 0.039045313360641626 0.0036463890068288729 -0.040911312753879311 -0.015282782652582436 0.072854835948420085 0.033294664387864992 0.034275685475570673 -0.0068877859302194592 -0.044806539251722913 0.073887127647871503 -0.018639671561280199 -0.0051989011404264046 0.062389087184918417 0.071231772189826389 -0.02384844312532873 0.071711066095406992 0.002582995989287783 0.044511328740614413 0.061976208929163272 -0.070416267912164557
leaf_weight=382.53082578280009 3342.5417936429149 64.986591287888587 7172.7880170125281 1026.473995620996 270.98831515677739 3446.3344085300341 2822.2628262555227 1541.1471955944726 10042.465720596709 264.43722358073865 4446.9468547790311 7538.017582407454 2519.8057272206061 25632.186384619446 92.864921468717512 3894.3038106001914 7404.5556583410362 4899.741981602856 5543.727013165364 152.03172998374794 4005.0922424552264 13630.575407637283 8588.9591605824535 705.77753548137844 4524.5252098281635 338.75863330473658 14577.305038281251 331.77729873545468 62.097179204924032 166.43776062875986
leaf_count=3940 134556 6588 129424 19838 9829 39634 21032 27245 884944 13562 36103 187478 73678 617769 1972 45152 71190 91584 293493 2202 79179 174892 130994 4534 165016 2690 157568 2686 1579 45706
internal_value=-4.55526e-05 -0.0172515 0.0276699 -0.00839433 -5.56223e-05 0.0177716 0.048927 0.0254281 -0.0484319 -0.01681 0.0224716 0.0184446 -0.0175267 -0.0141414 -0.0371929 0.0260365 0.0287119 0.0023032 -0.0384235 -0.00237559 -0.0131328 -0.000749561 0.058036 0.0472921 -0.0300013 0.0569403 -0.00117787 -0.00397732 0.0127249 -0.0333527
internal_weight=139432 86028.8 53403.7 67007.2 33662.5 36449.5 16954.1 24377 19021.6 33344.7 22835.9 18388.9 33080.3 26035.9 8979.13 4837.15 10850.9 12072.5 8886.27 32636 4276.08 28359.9 12117 3528.04 7044.33 403.745 28207.9 942.843 560.312 228.535
internal_count=3476057 2637776 838281 1322811 443508 582658 255623 361650 1314965 879303 334405 298302 865741 627047 430021 99063 110824 221008 428049 423670 89008 334662 156560 25566 238694 9278 332460 53911 49971 47285
cat_boundaries=0 2 4 6 8 9 11 12 14 16 17 18 20 21 23 25 26 28 29 31 33 34 36 38 40 41 43 45 46 48
cat_threshold=1107299338 4470892 2717134981 2148224 2 14336 134775392 131091 22983505 6627650 36 371442945 1073743872 96 15728644 2098432 2509826376 59789449 0 64 18360320 134742080 2 3239871520 16 131073 1073744896 4194336 1091044384 1115685002 20 335544320 1638400 147456 2147483648 32 0 8192 512 131072 16777216 67108880 1572864 0 2048 1 2 8192
is_linear=0
shrinkage=0.05


Tree=18
num_leaves=31
num_cat=26
split_feature=15 15 15 17 17 15 15 17 17 15 17 6 17 15 17 17 17 15 0 15 17 17 17 15 17 15 17 5 0 15
split_gain=23991.8 7730.77 4835.32 1815.44 1325.48 1321.68 1225 886.27 590.593 560.221 520.843 973.172 467.903 683.756 370.281 334.32 327.238 1015.77 265.648 200.307 631.064 304.065 186.326 182.087 176.43 168.256 160.952 149.628 132.383 130.905
threshold=0 1 2 3 4 5 6 7 8 9 10 1.0000000180025095e-35 11 12 13 14 15 16 57.500000000000007 17 18 19 20 21 22 23 24 1.0000000180025095e-35 20.500000000000004 25
decision_type=9 9 9 9 9 9 9 9 9 9 9 2 9 9 9 9 9 9 2 9 9 9 9 9 9 9 9 2 2 9
left_child=2 9 4 23 15 8 10 -7 12 14 11 18 13 -3 26 -1 17 -9 -5 -19 -21 -22 25 28 -25 -6 -2 -26 -4 -18
right_child=1 5 3 6 22 7 -8 16 -10 -11 -12 -13 -14 -15 -16 -17 29 19 -20 20 21 -23 -24 24 27 -27 -28 -29 -30 -31
leaf_value=-0.0036842410479591137 -0.022559926787799028 0.075725066080157055 -0.057968090788946131 0.013743624334854468 0.040530345891491203 0.073978276869827816 0.06695131251245888 0.071104979525290532 0.069547254878958867 -0.057978706541304749 0.037522438437097294 0.0037635240403956411 -0.030432747554915797 -0.016093344943361603 0.068666594579243664 0.031557290001041037 -0.027230999619104253 -0.0061188164312808123 0.032256105385987402 0.073630318912732085 -0.017560528459445179 0.0062560419335343544 0.061762385638251531 0.066443303504325188 -0.0025715593629248475 0.07032543556984662 -0.043531431747203343 -0.028758595441320436 0.006994547432985174 -0.010339041366241405
leaf_weight=827.64225094334688 1191.8507417729124 195.31977761199232 78.89871851913631 2581.3548572143773 2615.3596200309694 355.21296835463727 1592.9886390101456 455.97248981654411 180.91714533809863 8918.6084582016483 4154.2198034100584 7258.6294205204467 6683.9562629723223 20737.803091154899 72.141865680227056 3693.0795159597183 1651.5230323154246 18923.471221778775 7773.3281095626298 297.69017827790231 1754.3110730876215 5564.2913797532674 7920.2290389642585 75.608002017834224 4134.49813495751 642.7352405898273 5514.2003507650224 628.38991791818989 13011.508213241759 3872.9491117782891
leaf_count=53911 61660 1579 799 31725 21032 14972 32189 4651 6287 843526 36012 187461 269236 487943 1700 45152 72632 281673 79085 1477 42806 83371 130994 1013 75929 4534 336544 15098 174162 76904
internal_value=-4.91484e-05 -0.018368 0.0244989 0.0155093 0.0481171 -0.0102719 0.0246938 -0.00348314 -0.0182966 -0.0496357 0.021572 0.0177908 -0.018897 -0.0152009 -0.038589 0.0251115 -0.00435172 -0.00207998 0.0276411 -0.00336366 0.00348086 0.000530901 0.0573902 0.00353535 -0.00474696 0.0466053 -0.0398434 -0.00601391 0.00659796 -0.0154289
internal_weight=133359 76370.2 56988.5 41289.4 15699 60673.4 23360.5 32875.4 27798 15696.8 21767.5 17613.3 27617.1 20933.1 6778.19 4520.72 32520.2 26995.7 10354.7 26539.8 7616.29 7318.6 11178.3 17928.9 4838.5 3258.09 6706.05 4762.89 13090.4 5524.47
internal_count=3476057 2586961 889096 633473 255623 1343531 366472 578486 765045 1243430 334283 298271 758758 489522 399904 99063 563514 413978 110810 409327 127654 126177 156560 267001 92040 25566 398204 91027 174961 149536
cat_boundaries=0 2 4 6 8 9 11 13 14 15 17 18 19 20 22 23 25 27 29 30 31 33 35 36 38 39 41
cat_threshold=1107299338 5519468 2708746369 2148224 2 14336 40184130 36 371442945 143164004 131088 1073743872 96 40776529 1419258216 7348224 2098432 9457801 1581056 134742116 2166130192 16 131073 344984614 32 16384 524290 67108880 65537 1048576 8388614 2147483648 32 1073744896 5242912 33630208 0 8192 17301504 16400 2
is_linear=0
shrinkage=0.05


Tree=19
num_leaves=31
num_cat=24
split_feature=15 15 15 15 17 17 17 15 4 15 17 17 15 4 17 17 15 15 17 17 15 4 15 17 4 15 4 6 15 15
split_gain=20394.4 7865.16 3841.34 1480.24 2183.69 1340 1295.72 1033.62 1386.56 755.068 635.359 501.873 663.554 316.127 300.406 293.794 446.953 258.445 256.854 237.491 236.926 207.327 186.204 185.109 181.035 170.651 271.009 192.383 167.121 164.828
threshold=0 1 2 3 4 5 6 7 5.5000000000000009 8 9 10 11 3.5000000000000004 12 13 14 15 16 17 18 2.5000000000000004 19 20 7.5000000000000009 21 5.5000000000000009 1.0000000180025095e-35 22 23
decision_type=9 9 9 9 9 9 9 9 2 9 9 9 9 2 9 9 9 9 9 9 9 2 9 9 2 9 2 2 9 9
left_child=2 9 6 10 -5 25 14 8 13 18 11 12 -3 19 -1 16 -6 -17 -2 -7 -20 -18 -15 28 29 26 -4 -28 -8 -10
right_child=1 3 5 4 15 7 23 -9 24 -11 -12 -13 -14 22 -16 17 21 -19 20 -21 -22 -23 -24 -25 -26 -27 27 -29 -30 -31
leaf_value=-0.0033741685866534674 -0.042614607333441495 0.076325664090854908 -0.0029596910481016962 0.071417950973486882 0.070656675828054183 -0.0057987989553120525 0.039290229514893013 0.066836204820190467 0.035846802746391779 -0.05721355411945972 0.070695255081814318 -0.02932437597704934 -0.013779980341577928 0.022378506212438351 0.030270647538977027 0.042165667915351507 -0.014025725718466088 -0.01536888977691649 0.041728306061523113 0.068122914930659126 -0.02683652718138432 0.00038939788914952201 0.0047951984905248756 0.06119656199281745 0.039901153339951007 -0.0049396974744849026 0.0086254423636237115 0.033290182927859673 0.07012806075136184 0.018409941915856598
leaf_weight=823.12129978009034 4973.4189230266493 196.50427111121826 3227.0676663190825 1016.8751020584605 208.82516998890787 3808.9561253942957 2436.0065589011647 1289.2677324727993 2711.7318519020337 8227.4316364617553 202.39760340683279 5883.1408674306003 23926.494187749224 3355.6416880304168 3506.1348703354597 193.8722305521369 2779.6504645361565 5236.1360005118186 124.17614014574792 101.88818625983549 2994.7547098700888 24302.97559699032 2759.1423721548053 7306.4764639380155 5217.5117952758446 4683.7030096367234 2293.2359574787552 1206.5497085374664 591.74630590621382 2885.3292194422102
leaf_count=53911 311081 1579 62372 22877 2639 78095 21032 27245 44003 843526 6919 250018 575160 52338 45152 9222 41567 145836 9359 2653 140372 277621 48898 130994 70493 91584 49048 18004 4534 37925
internal_value=-5.04945e-05 -0.0154881 0.0256535 -0.00757753 -0.00037795 0.0163092 0.0470012 0.0234859 0.0207732 -0.046461 -0.0156156 -0.0162211 -0.0130147 0.00738841 0.0238807 -0.00263027 -0.000515051 -0.013241 -0.0354718 -0.00371357 -0.0239821 -0.00108971 0.0144889 0.0566545 0.0332008 0.00238253 0.00748054 0.0171286 0.0455282 0.0269549
internal_weight=128470 80266.7 48203.5 63946.9 33738.3 33540 14663.5 22129.5 20840.2 16319.8 30208.5 30006.1 24123 10025.6 4329.26 32721.5 27291.5 5430.01 8092.35 3910.84 3118.93 27082.6 6114.78 10334.2 10814.6 11410.6 6726.85 3499.79 3027.75 5597.06
internal_count=3476057 2637776 838281 1333438 499762 582658 255623 361650 334405 1304338 833676 826757 576739 181984 99063 476885 321827 155058 460812 80748 149731 319188 101236 156560 152421 221008 129424 67052 25566 81928
cat_boundaries=0 2 4 6 8 9 11 12 14 16 17 18 19 20 22 24 26 28 29 31 33 35 37 39 41
cat_threshold=1107299338 4470892 2717134977 2148224 2 14336 134775396 131089 276722513 6627650 36 371442945 1073743872 96 15736832 2098432 1419274568 1581056 134742116 131073 75500582 32 16384 524290 335544320 1114112 2148827648 16 1083724424 3145728 1024 0 96 2147483648 32 1073744896 4194336 0 8192 0 96
is_linear=0
shrinkage=0.05


Tree=20
num_leaves=31
num_cat=27
split_feature=15 15 15 15 17 17 17 15 15 17 4 17 15 17 15 17 17 17 15 17 15 15 15 4 15 4 15 15 17 17
split_gain=17753.6 7141.51 3516.09 1303.18 1691.06 1242.65 1222.32 1042.84 798.777 567.693 564.652 411.711 629.276 281.952 273.755 269.324 202.041 196.326 190.457 184.173 484.439 281.46 165.614 165.407 145.266 142.136 384.88 249.438 705.264 233.903
threshold=0 1 2 3 4 5 6 7 8 9 4.5000000000000009 10 11 12 13 14 15 16 17 18 19 20 21 1.5000000000000002 22 5.5000000000000009 23 24 25 26
decision_type=9 9 9 9 9 9 9 9 9 9 2 9 9 9 9 9 9 9 9 9 9 9 9 2 9 2 9 9 9 9
left_child=2 8 6 9 -5 14 15 10 13 11 -7 12 -3 17 -4 -1 18 -2 -8 20 -6 -21 -13 -23 -24 27 -27 29 -29 -9
right_child=1 3 5 4 19 7 16 25 -10 -11 -12 22 -14 -15 -16 -17 -18 -19 -20 21 -22 23 24 -25 -26 26 -28 28 -30 -31
leaf_value=-0.0027693481613679776 -0.041424665904180834 0.057021822009198489 0.034610976910347667 0.070232435666483795 0.060330543589425106 0.00902896706793699 0.037006104667332222 -0.009535639450715885 -0.056187739868738762 0.067127627437542581 0.033711821410620117 0.063759218411803639 -0.013143976498746539 0.065163047205543667 0.06853078906052483 0.029327290880053421 0.060596994023472711 -0.024803229344783424 0.070666491695509301 0.070738171467476338 -0.015954913276558774 -0.023084279054123344 -0.054864330214229089 -1.2179240718641614e-05 -0.025700643501110454 0.015651894033382754 -0.0079457223467513886 0.0017517122831022924 0.064520346080460006 0.07184637546987109
leaf_weight=817.94594079640228 4216.7357632610947 314.34039749123622 3562.1548907215183 826.54614241178206 210.69318563875277 3639.0657778548775 2292.5994954043999 4522.049803951697 7842.2809795215726 202.93330186724779 6377.8417631739285 40.929284971905872 24785.803403199068 64.43001127691241 745.37266930805345 3339.8456581494538 6753.7612085888395 3314.9376608527964 555.65597707312554 128.61376819422003 3793.4974868266145 800.41062311118003 482.51301167253405 26356.904896144406 4723.3909708046122 6307.689146255434 2374.2380278175697 4261.5736791861127 490.32647259783698 80.24511768866796
leaf_count=53722 273465 9207 32054 19797 9771 51387 21085 102681 885620 13598 68840 551 653300 1928 19130 45218 131289 153730 4533 2174 79104 16967 19912 315369 181718 146983 50431 99564 9019 2598
internal_value=5.76351e-05 -0.0144668 0.0246526 -0.00695894 7.43966e-05 0.0156389 0.0458246 0.0117891 -0.0449181 -0.0143506 0.0247201 -0.0149174 -0.0122429 -0.0332247 0.0406256 0.0230216 0.0556644 -0.0341516 0.0437971 -0.00180071 -0.0118006 -0.000329449 -0.0276641 -0.000691931 -0.0285037 0.00459771 0.00920755 0.00032409 0.00835041 -0.00796398
internal_weight=124225 78105 46120.4 62666.6 32116.7 32360.6 13759.8 28053 15438.4 30549.9 10016.9 30347 25100.1 7596.1 4307.53 4157.79 9602.02 7531.67 2848.26 31290.1 4004.19 27285.9 5246.83 27157.3 5205.9 18036.1 8681.93 9354.2 4751.9 4602.29
internal_count=3474745 2636211 838534 1321468 443182 582687 255847 531503 1314743 878286 120227 864688 662507 429123 51184 98940 156907 427195 25618 423385 88875 334510 202181 332336 201630 411276 197414 213862 108583 105279
cat_boundaries=0 2 4 6 8 9 11 12 14 16 17 18 20 22 24 25 27 28 30 32 34 35 37 38 40 42 44 46
cat_threshold=1107299338 4470892 2717134981 2148224 2 14336 134775392 131091 22983504 3221916340 16 371442945 0 64 15728644 2098432 2509826376 26748928 134742016 2 3239871520 16 1073741824 32 131073 2147483648 32 2148827136 0 8192 1115685002 20 335544320 1638400 147456 32832 16 512 1073744896 4194336 1073741824 4194344 82076992 4 1118210 36
is_linear=0
shrinkage=0.05


Tree=21
num_leaves=31
num_cat=24
split_feature=16 16 16 17 6 16 17 17 17 16 17 4 17 17 6 16 17 17 17 4 16 17 4 16 16 16 17 17 4 17
split_gain=9999.61 3593.85 2246.26 1530.88 1049.98 1295.11 1284.53 974.506 700.487 588.772 1337.79 437.145 366.287 333.119 320.51 713.518 367.534 314.651 314.506 368.419 261.971 256.642 236.076 178.071 176.403 168.459 1357.88 364.463 196.653 413.642
threshold=0 1 2 3 1.0000000180025095e-35 4 5 6 7 8 9 2.5000000000000004 10 11 1.0000000180025095e-35 12 13 14 15 5.5000000000000009 16 17 4.5000000000000009 18 19 20 21 22 5.5000000000000009 23
decision_type=9 9 9 9 2 9 9 9 9 9 9 2 9 9 2 9 9 9 9 2 9 9 2 9 9 9 9 9 2 9
left_child=2 9 7 14 8 13 25 -1 -3 10 -2 24 -5 -6 16 -16 -4 -9 19 23 -15 -11 -17 -13 -10 27 -27 28 29 -7
right_child=1 4 3 12 5 6 -8 17 11 21 -12 18 -14 20 15 22 -18 -19 -20 -21 -22 -23 -24 -25 -26 26 -28 -29 -30 -31
leaf_value=0.00099376094439698748 -0.030025134798338973 0.06783972021730951 -0.016496286843749007 0.034603734244001663 -0.040045272070833755 0.0051923516659852136 0.07350821971343624 0.038582467414884622 -0.025122244954945423 -0.04951521699619027 0.070793696502277223 -0.0010021352797656622 0.0724748303569068 -0.013882515028986429 0.029352480043633292 -0.013867595943130296 0.06021955860053662 0.060475079988841642 -0.00129773194635027 0.014663409540647709 -0.029205236648012691 0.031589063357926571 0.0080160419494782736 0.063650340179819978 -0.0049170944619728093 0.068021879425306769 -0.0042084423172422001 0.06871274356658319 -0.021300826668772001 -0.033849146805651258
leaf_weight=986.95967033226043 5314.2652536721434 381.12415858045279 2008.1364042442292 3502.5616212206369 1924.4521424691193 2821.9922656631097 540.40090206154855 2532.8785623622825 2037.6635876023211 4691.9424588284455 341.97863815969322 8026.4714061539853 807.10461121355183 10872.5966787824 3218.5329142836854 2037.6232220896636 159.66202171560144 5729.0212582728709 25552.734662572038 8693.9256871826947 3790.2239814223576 96.864806306490209 3118.6103572246502 97.933920347364619 2322.4255132013932 673.3032682936755 13616.580981055042 133.42726435151417 3068.8619513009908 882.56785490602488
leaf_count=56690 292694 15663 86209 35673 73291 70462 25668 25058 66074 543190 11943 205021 19756 325903 48270 51480 2423 113187 368582 163829 259475 7247 53710 994 38705 7057 350652 2935 100352 52552
internal_value=5.6438e-05 -0.00718099 0.0288402 0.0167673 -0.00379431 -0.0099404 -0.00190508 0.0481883 0.00120454 -0.0348526 -0.0238154 0.000646427 0.0418475 -0.020457 0.00648493 0.0109266 -0.0106443 0.0538181 0.00219785 0.00750514 -0.0178605 -0.0478123 -0.000630638 -0.000145685 -0.0144288 -0.00386147 -0.000759944 -0.010268 -0.0119228 -0.00418618
internal_weight=119983 95881.7 24101.1 14852.2 85436.7 38324.4 21737.1 9248.86 47112.3 10445.1 5656.24 46731.2 4309.67 16587.3 10542.6 8374.77 2167.8 8261.9 42371.1 16818.3 14662.8 4788.81 5156.23 8124.41 4360.09 21196.7 14289.9 6906.85 6773.42 3704.56
internal_count=3474745 2982289 492456 297521 2127215 1268347 609678 194935 858868 855074 304637 843205 55429 658669 242092 153460 88632 138245 738426 369844 585378 550437 105190 206015 104779 584010 357709 226301 223366 123014
cat_boundaries=0 1 3 4 5 6 8 9 11 12 13 15 16 17 18 20 21 22 24 25 26 28 29 30 31
cat_threshold=159907884 2181474435 1 16777224 376784193 2117632 3297793186 52 2343937 3251016336 20 2147778562 3246948384 17433216 32 264 32 4194624 2516582400 32 1057032 2101248 2149323540 16 2113600 17984 1074790400 2 3222274176 3222291584 1048576
is_linear=0
shrinkage=0.05


Tree=22
num_leaves=31
num_cat=27
split_feature=16 16 16 17 6 16 17 17 17 16 17 16 17 17 6 16 17 16 17 16 17 16 16 3 17 17 16 17 17 17
split_gain=8805.91 3268.35 2034.31 1349.04 940.366 1142.2 1120.21 915.786 609.205 565.884 1119.03 368.077 349.868 297.232 294.258 631.59 325.805 238.207 233.063 275.813 215.463 162.557 160.779 155.687 152.402 133.077 129.258 1190.92 360.412 131.332
threshold=0 1 2 3 1.0000000180025095e-35 4 5 6 7 8 9 10 11 12 1.0000000180025095e-35 13 14 15 16 17 18 19 20 1.0000000180025095e-35 21 22 23 24 25 26
decision_type=9 9 9 9 2 9 9 9 9 9 9 9 9 9 2 9 9 9 9 9 9 9 9 2 9 9 9 9 9 9
left_child=2 9 7 14 8 13 26 12 -3 10 -2 -5 -1 -6 16 24 -4 25 19 23 -11 -20 -14 -10 -16 -15 28 -28 29 -7
right_child=1 4 3 11 5 6 -8 -9 18 20 -12 -13 22 17 15 -17 -18 -19 21 -21 -22 -23 -24 -25 -26 -27 27 -29 -30 -31
leaf_value=-0.0025442176754080083 -0.028676532565376691 0.066541075328410429 -0.015845226711737177 0.032722999752374714 -0.038700089242395007 -0.0066152137285355322 0.07167269737654558 0.059888335334387692 0.0086449229350051785 -0.04889905956202964 0.068530760379559977 0.070591343270922438 0.066010705537080841 -0.013665781190303004 0.024600438396825824 0.00029215510031251415 0.05872787990825723 -0.028170093965622024 -0.022725836126657687 0.065984682108650869 0.027209397024177431 -0.0014733079772906621 0.029786170316440704 -0.00076146440527763383 0.060149568744487097 0.067779081316096598 0.066729758245646545 -0.0040357809590657106 0.069691579453126526 -0.022352985069851027
leaf_weight=808.05337043968029 4993.3379210532876 343.79621691460488 1917.490575156291 3263.3288312560326 1796.6495443098247 4917.7730307206511 495.71442783375096 5288.0356848062947 9940.8317699931795 4385.7365925453487 305.94311408689828 823.88113513591816 372.20275491953362 10676.961249720072 2730.6459990387666 5282.0553701211466 148.94884456822183 3627.7452092221938 920.98104244610295 174.30228538101073 93.06537535780808 27006.21204386669 2175.9009888607543 7890.5603529390646 345.38756817864487 40.929590486804955 612.43771209288388 13253.949528247758 131.92823026818223 1821.4738509164308
leaf_count=53584 292694 15663 86209 33369 73291 128675 26089 113187 220587 543190 11943 21609 4004 324682 43050 166206 2590 259475 75135 1843 7247 343513 24160 202127 5500 1221 6991 289391 2829 94691
internal_value=5.98974e-05 -0.00678165 0.0276554 0.0161905 -0.00358238 -0.00948165 -0.00185448 0.0468615 0.00118141 -0.03412 -0.022946 0.04051 0.0262192 -0.0195011 0.00662577 0.0108091 -0.0102625 -0.0170713 0.000677579 0.00511168 -0.0472605 -0.00218206 0.0353149 0.00447999 0.028774 -0.0132919 -0.00364579 -0.000864438 -0.00924929 -0.0108956
internal_weight=116586 93430.3 23155.9 14511.7 83652.2 37375.6 21233.3 8644.19 46276.7 9778.08 5299.28 4087.21 3356.16 16142.3 10424.5 8358.09 2066.44 14345.6 45932.9 18005.7 4478.8 27927.2 2548.1 17831.4 3076.03 10717.9 20737.6 13866.4 6871.18 6739.25
internal_count=3474745 2921277 553468 358533 2066203 1207335 548666 194935 858868 855074 304637 54978 81748 658669 303555 214756 88799 585378 843205 424557 550437 418648 28164 422714 48550 325903 522577 296382 226195 223366
cat_boundaries=0 1 3 4 5 6 8 10 12 13 14 15 16 17 18 19 20 21 22 24 25 26 27 28 30 31 32 33
cat_threshold=159973420 2181474435 1 16777224 393565505 2117632 3297854626 52 2518926337 32 3251016336 20 2147778562 3246948384 589824 131073 264 32 4194624 2101248 1057033 2113600 2149323540 16 67109888 16777216 20975872 1581056 1074790400 2 3222274176 3222291584 1048576
is_linear=0
shrinkage=0.05


Tree=23
num_leaves=31
num_cat=28
split_feature=15 15 15 15 17 17 4 15 15 17 15 17 17 17 15 17 17 17 17 15 17 15 15 17 15 17 15 17 4 15
split_gain=13135.9 6585.34 1854.81 1425.5 1890.5 1093.49 922.749 557.655 378.939 360.166 672.601 354.94 332.86 301.027 259.187 325.952 247.497 236.11 231.638 193.073 223.407 182.772 171.851 159.706 208.865 368.319 183.341 173.207 147.872 139.008
threshold=0 1 2 3 4 5 5.5000000000000009 6 7 8 9 10 11 12 13 14 15 16 17 18 19 20 21 22 23 24 25 26 2.5000000000000004 27
decision_type=9 9 9 9 9 9 2 9 9 9 9 9 9 9 9 9 9 9 9 9 9 9 9 9 9 9 9 9 2 9
left_child=2 7 5 9 -5 12 8 17 13 -3 -11 -8 29 -4 -12 -16 -15 -2 28 20 -13 -14 -17 26 27 -26 -6 -25 -10 -1
right_child=1 3 6 4 23 -7 11 -9 18 10 14 19 21 16 15 22 -18 -19 -20 -21 -22 -23 -24 24 25 -27 -28 -29 -30 -31
leaf_value=-0.02634826559556144 -0.036751691515225511 -0.025557160429596951 0.069786296570296599 0.066646526414083945 0.0062499624721595029 0.059072784054273131 -0.0043602053991542407 -0.058252478439271241 -0.023684516498320957 0.069061915489275247 -0.0074060063235691243 0.034232454129977934 0.066399293152951899 -0.013096564605398642 -0.024191981851173348 0.0014039637544264638 0.018446393845386013 0.062865678416379342 0.024888676312620955 0.036916098074980107 0.013212705794081134 0.02980315527981986 -0.022483633976583414 0.058397709570749357 0.062240283576020398 -0.00067013063424277495 0.058566422752245662 -0.013354728656917537 -0.0014015112401645209 0.01524039173111601
leaf_weight=334.19735000818036 6248.935824229673 4866.5889331397484 246.94259715132648 1069.8927682856738 4376.6529493561247 5342.0221583726525 803.72105731908232 5202.0943140770469 916.9717615704285 251.88645058425755 15406.225347310436 2420.8934750598855 374.65151682368014 714.98269267374417 6711.2206431495724 2583.7811079131206 4570.1402727638488 52.689451672660653 705.13903576710436 5386.9693628505556 2731.0382512134383 4946.2684980196645 1053.0134636238217 76.382358498987742 224.66803838399937 27161.365047839587 164.65159520979068 4240.6179473904776 3958.9441491350881 472.98117572744377
leaf_count=3859 539089 254468 4496 31772 91893 131289 32834 702221 24896 6842 352174 23588 4265 27563 243525 39736 65270 1685 11521 103554 46820 66571 40176 1198 8192 342453 3051 126274 93607 49863
internal_value=6.41754e-05 -0.0110286 0.0261163 -0.0051217 0.00145461 0.0424825 0.0177414 -0.0460062 0.00750965 -0.013068 -0.010722 0.0277819 0.0279476 0.0167669 -0.0115288 -0.0176538 0.0141625 -0.0358205 -0.00169336 0.0302086 0.0231371 0.0324996 -0.00555524 -0.000487631 -0.00174452 -0.000131499 0.00827128 -0.0119532 -0.00558064 -0.00209034
internal_weight=113617 79690.7 33925.9 68186.9 37314.2 11470.1 22455.7 11503.7 11113.1 30872.7 26006.1 11342.6 6128.1 5532.07 25754.2 10348 5285.12 6301.63 5581.05 10538.9 5151.93 5320.92 3636.79 36244.3 31703 27386 4541.3 4317 4875.92 807.179
internal_count=3474745 2784749 689996 1541754 604833 255847 434149 1242995 227353 936921 682453 206796 124558 97329 675611 323437 92833 540774 130024 173962 70408 70836 79912 573061 478117 350645 94944 127472 118503 53722
cat_boundaries=0 2 4 6 8 9 11 13 15 16 17 19 20 22 24 25 27 29 31 32 33 35 36 38 40 42 43 44 46
cat_threshold=1073743882 4470892 2708746369 2148224 2 14336 143164020 131089 6165080 2518926593 32 24125440 2098432 8 262220 1417693512 134742116 6553922 32 131073 2156439588 20 16 131089 1048608 6553930 32 2166130192 16 9506816 4 1073743872 524288 0 6144 33280 337723681 32 147712 2 1098940544 16 1280 10246 0 2048
is_linear=0
shrinkage=0.05


Tree=24
num_leaves=31
num_cat=25
split_feature=15 15 15 15 17 17 15 17 15 17 17 15 17 0 15 17 17 5 15 15 15 5 17 15 15 15 5 0 15 17
split_gain=11601.9 6069.18 1750.12 1262.77 1662.05 1045.05 536.609 466.74 680.635 304.069 266.173 242.93 204.371 192.449 176.577 308.895 259.218 224.531 176.512 162.872 161.45 160.162 146.443 144.973 121.363 118.503 367.192 150.409 111.004 394.801
threshold=0 1 2 3 4 5 6 7 8 9 10 11 12 61.500000000000007 13 14 15 1.5000000000000002 16 17 18 1.5000000000000002 19 20 21 22 1.0000000180025095e-35 70.500000000000014 23 24
decision_type=9 9 9 9 9 9 9 9 9 9 9 9 9 2 9 9 9 2 9 9 9 2 9 9 9 9 2 2 9 9
left_child=2 6 5 10 -5 9 12 18 13 -1 23 -12 -2 -9 15 17 25 22 -4 -18 -11 -21 24 -3 -13 -16 -27 -28 -6 -30
right_child=1 3 7 4 28 -7 -8 8 -10 20 11 14 -14 -15 16 -17 19 -19 -20 21 -22 -23 -24 -25 -26 26 27 -29 29 -31
leaf_value=-0.0020166196906899808 -0.03590380203710633 -0.036625844113578027 0.030076782356691829 0.066137961846464408 -0.0039403757497964171 0.058682884089632827 -0.057767468783256615 0.013836374842715424 0.0046169741832242346 0.065193119261799312 0.063581349399023254 0.038846635997755237 0.060643656059046251 0.02938154131139338 -0.013839993303742224 0.06253749156751448 -0.021838839246837018 -0.027351212979492424 0.068032394101523536 -0.0046686870886312477 0.029161379699401316 0.026783937031814777 -0.015961858146234471 -0.015644234335411272 -0.0042276742453077922 -0.033774346938336156 0.026452826989001484 -0.025178149550973535 0.066464708339566914 0.0010100464619870217
leaf_weight=777.06867969594896 5901.2761656499933 1649.130073610926 2911.9157723703465 949.78478051398997 14367.253058067814 4921.8978979512322 4836.4351658388041 3063.3217900606687 9589.797636175208 340.58359994972125 99.220836381296976 156.41576515440829 48.007845953805372 5687.4807884185575 2790.361595666036 144.87067807985295 1010.4881918365136 1426.5599818918854 352.78206529835006 1916.8585985426907 4718.0259688738734 513.09062904247548 3091.6091351874638 1748.8719068372739 9875.1328495850321 3473.6878287908621 397.15393999405205 218.75035329023376 222.81766995752696 22077.709464416548
leaf_count=53722 539089 91414 32026 29707 247195 131041 702221 46697 270844 4317 3522 7304 1685 73513 165749 10899 40183 43458 11069 32337 66767 8055 98886 73703 243637 116716 8253 5918 6199 308619
internal_value=6.2086e-05 -0.0105057 0.0251735 -0.00483021 0.00118557 0.0416586 -0.0452666 0.0169499 0.0138314 0.0272242 -0.0127648 -0.0109773 -0.0350243 0.0239124 -0.0112983 -0.00776403 -0.0163182 -0.00850648 0.0343735 -0.00506976 0.0317111 0.00196454 -0.00646444 -0.0259047 -0.00351803 -0.0219276 -0.0273987 0.00811508 -0.000514426 0.00169354
internal_weight=109278 76915.5 32362.9 66129.8 37617.6 10757.6 10785.7 21605.3 18340.6 5835.68 28512.2 25114.2 5949.28 8750.8 25015 14694.6 10320.4 14549.7 3264.7 3440.44 5058.61 2429.95 13123.2 3398 10031.5 6879.95 4089.59 615.904 36667.8 22300.5
internal_count=3474745 2784749 689996 1541754 591720 255847 1242995 434149 391054 124806 950034 784917 540774 120210 781395 404184 377211 393285 43095 80575 71084 40392 349827 165117 250941 296636 130887 14171 562013 314818
cat_boundaries=0 2 4 6 8 9 11 13 15 17 18 19 20 22 24 25 26 28 29 31 32 34 36 37 39 41
cat_threshold=1073743882 4470892 2708746369 2148224 2 14336 143164004 131091 293524049 2535703809 32 24125440 2098432 3221924404 16 0 64 131073 335593800 134742016 2166130192 16 64 131091 2174230528 1074792480 1073741824 32 8388608 0 6144 17833984 544 131072 64 2 544 67256336 1572864 3263168648 16
is_linear=0
shrinkage=0.05


Tree=25
num_leaves=31
num_cat=14
split_feature=6 17 17 17 17 13 17 5 17 17 0 17 4 5 0 0 13 4 17 5 17 17 17 0 5 0 0 17 4 17
split_gain=1863.47 1937.63 644.272 621.83 392.729 172.105 587.018 164.436 150.14 85.7995 84.1013 79.6266 70.2318 68.3554 64.2911 62.0034 60.8394 58.2924 53.7584 83.1324 49.017 35.0852 31.7884 96.057 36.5951 29.4893 27.779 26.4294 26.1308 24.6717
threshold=1.0000000180025095e-35 0 1 2 3 1.0000000180025095e-35 4 1.5000000000000002 5 6 74.500000000000014 7 7.5000000000000009 1.5000000000000002 44.500000000000007 65.500000000000014 1.0000000180025095e-35 6.5000000000000009 8 1.5000000000000002 9 10 11 74.500000000000014 1.0000000180025095e-35 38.500000000000007 72.500000000000014 12 2.5000000000000004 13
decision_type=2 9 9 9 9 2 9 2 9 9 2 9 2 2 2 2 2 2 9 2 9 9 9 2 2 2 2 9 2 9
left_child=1 8 -2 7 10 9 14 11 17 -6 16 15 -13 20 -7 -3 18 -1 19 -4 -11 -15 23 24 -5 -22 -9 -24 29 -20
right_child=2 3 4 22 5 6 -8 26 -10 13 -12 12 -14 21 -16 -17 -18 -19 28 -21 25 -23 27 -25 -26 -27 -28 -29 -30 -31
leaf_value=0.028910776215025986 0.062420679100930299 0.011051659771515787 -0.0049038066626129187 0.007477205533315108 0.038143490820057524 -0.015366331227210806 0.072530397487788473 0.027316612169142919 0.058331903071477481 -0.019104254377704601 0.0022784563559141296 0.0098879789902110039 0.020653790526869373 -0.0062067299221352417 -0.036858164766004758 -0.0047870280170152924 0.077155260916452667 0.046350273051248482 -0.028726520425123588 -0.018361074314611925 -0.016368215538075753 -0.020503816317007633 -0.00016542650515202938 -0.006944831565266903 0.024720433353323159 -0.008266130378870867 0.015986670485848623 -0.0065533911651162527 -0.00060236367790268133 -0.0057608642602718502
leaf_weight=1311.9512076741084 325.7204613581489 1043.9576968668262 6259.8400312814047 2196.8148849353893 83.609203199623153 452.67788309999742 136.25689398864051 1672.7457221925724 1206.8849038916815 1191.0000920225575 7197.6428418023279 10942.698624228069 1758.3027342247078 574.32502026949078 1504.3944407453528 1514.0174744409742 22.926635630312376 754.86159845534712 136.67736469628289 1405.2374836753588 1183.2743461636128 2132.0050167442241 26639.98896322307 1267.3131705580745 357.81680309562944 22077.607993876882 799.62175078259315 1714.1227962725243 7396.4259297932731 671.46857150783762
leaf_count=17319 28642 24588 189365 52676 7390 28350 6099 33885 43710 86462 222433 273207 32745 46212 119342 47068 575 8852 6896 43373 70089 105820 407345 33492 7315 1129220 16982 247250 130108 9404
internal_value=1.31851e-05 0.0066179 -0.00664537 0.00416781 -0.00708503 -0.0109245 -0.0247439 0.0116836 0.0438228 -0.0098666 -0.00220452 0.00975207 0.0113694 -0.0100248 -0.0317249 0.00167051 -0.00423622 0.0351103 -0.00435381 -0.00736132 -0.00919392 -0.0175685 2.3696e-05 0.00429812 0.00989239 -0.00867455 0.0236522 -0.00055378 -0.00153322 -0.0100717
internal_weight=105932 53181.1 52751.1 49907.4 52425.4 29335.2 2093.33 17731.3 3273.7 27241.8 23090.2 15259 12701 27158.2 1957.07 2557.98 15892.6 2066.81 15869.6 7665.08 24451.9 2706.33 32176.1 3821.94 2554.63 23260.9 2472.37 28354.1 8204.57 808.146
internal_count=3476214 1246434 2229780 1176553 2201138 1598984 153791 428475 69881 1445193 602154 377608 305952 1437803 147692 71656 379721 26171 379146 232738 1285771 152032 748078 93483 59991 1199309 50867 654595 146408 16300
cat_boundaries=0 2 3 4 6 7 8 9 10 11 13 14 15 16 17
cat_threshold=3246657664 20 373426772 3785736 532771 36 2164293632 2147483648 16809984 524288 532512 262280 16 2157974528 8224 2311 256
is_linear=0
shrinkage=0.05


Tree=26
num_leaves=31
num_cat=11
split_feature=6 17 17 17 17 7 17 5 17 13 13 17 3 5 4 0 0 13 17 17 5 7 3 7 4 17 7 17 4 4
split_gain=1512.41 1724.97 621.994 510.845 336.307 233.224 157.942 153.866 149.161 146.163 113.22 179.047 87.7375 79.4233 79.2146 76.1038 60.8596 54.0059 50.1472 45.4241 72.2154 45.3647 38.3086 37.4754 36.0267 34.9471 47.3823 568.158 89.1337 37.2567
threshold=1.0000000180025095e-35 0 1 2 3 1.0000000180025095e-35 4 1.5000000000000002 5 1.0000000180025095e-35 1.0000000180025095e-35 6 1.0000000180025095e-35 1.5000000000000002 6.5000000000000009 74.500000000000014 49.500000000000007 1.0000000180025095e-35 7 8 1.5000000000000002 1.0000000180025095e-35 1.0000000180025095e-35 1.0000000180025095e-35 7.5000000000000009 9 1.0000000180025095e-35 10 1.5000000000000002 3.5000000000000004
decision_type=2 9 9 9 9 2 9 2 9 2 2 9 2 2 2 2 2 2 9 9 2 2 2 2 2 9 2 9 2 2
left_child=1 6 -2 7 5 15 14 12 9 -6 13 -12 -3 22 23 17 -11 19 -14 -4 -21 -15 -10 -1 -20 -5 27 -27 -28 -30
right_child=2 3 4 25 8 -7 -8 -9 10 16 11 -13 18 21 -16 -17 -18 -19 24 20 -22 -23 -24 -25 -26 26 28 -29 29 -31
leaf_value=0.024453275012597201 0.061133427179872885 0.012228138346064094 -0.0017054248728440827 -0.013557135013676542 -0.011784917758657511 0.077080362848085268 0.057606924556136634 0.022388007311260911 -0.0097957223775324322 -0.015765966190242769 -0.016369702036792229 0.069610720809064594 -0.004687643321875188 -0.020433342404293189 0.046781099894007971 0.0020107764765536005 -0.035596049398946721 0.076349348886902646 0.0049481549837066341 -0.0047880945843816174 -0.017413791549150005 0.00098634620723133662 -0.0055413562866164431 0.07498558798442917 0.016349231003129117 0.057665866211224798 -0.019356408165206472 0.00017417680033895427 -0.0048561787293769278 0.00048251692402759597
leaf_weight=1248.9139115950093 332.91007550920767 8215.8842001171433 8152.807819297188 460.19921150420123 3609.8890196961584 93.01821167813614 1113.3351905953605 2385.2803919106955 10791.277864528005 567.64044237998314 121.14603180158883 108.7196790750022 1199.1462206471479 1922.3019353793934 705.92456440487877 7188.9783570078434 1215.299108027888 20.783058675122447 4963.6853568476508 6192.5305614498793 1386.049728035694 283.66757805761881 10382.061501807359 37.800518607487902 805.32176446565427 446.87923728453461 638.16884396341629 7244.648610699478 3929.5651351290871 19409.244226219656
leaf_count=16584 28715 193656 146005 145680 218250 1230 43710 50867 553473 36882 20435 5399 33884 120250 8852 222106 91075 571 133832 188910 43259 9979 543241 735 16236 7502 15248 300892 62442 216314
internal_value=1.70839e-05 0.00598822 -0.00600364 0.00372357 -0.00644367 -0.00193089 0.0420768 0.0105764 -0.0100259 -0.0175374 -0.00830346 0.0266127 0.00872788 -0.00865031 0.0331555 -0.0022521 -0.0292827 -0.00419759 0.00460085 -0.004304 -0.00708786 -0.017679 -0.00770965 0.0259378 0.00652837 -2.59707e-05 0.000174879 0.00358965 -0.000920468 -0.000416362
internal_weight=105173 52804 52369.1 49698 52036.2 23034.2 3105.97 17569.3 29002 5392.83 23609.2 229.866 15184 23379.3 1992.64 22941.1 1782.94 15752.2 6968.15 15731.4 7578.58 2205.97 21173.3 1286.71 5769.01 32128.7 31668.5 7691.53 23977 23338.8
internal_count=3476214 1246434 2229780 1176553 2201065 602081 69881 428475 1598984 346207 1252777 25834 377608 1226943 26171 600851 127957 378745 183952 378174 232169 130229 1096714 17319 150068 748078 602398 308394 294004 278756
cat_boundaries=0 2 3 4 6 7 9 10 11 13 15 16
cat_threshold=3246657664 20 373426773 3785736 532770 36 2147483648 2147778696 16 16777216 524288 258 36 373293584 32 2080
is_linear=0
shrinkage=0.05


Tree=27
num_leaves=31
num_cat=11
split_feature=6 17 17 17 17 17 13 17 7 13 5 4 17 5 17 0 13 0 17 0 5 7 17 5 7 4 17 7 4 5
split_gain=1205.39 1608.45 565.461 384.265 287.787 151.957 148.104 146.004 207.128 93.3234 90.7357 90.0275 78.8567 76.1094 76.1063 71.1876 60.0395 55.9855 49.6071 158.516 90.3757 40.1484 39.0093 62.4336 38.0606 32.5303 31.3278 28.4848 28.0035 26.7825
threshold=1.0000000180025095e-35 0 1 2 3 4 1.0000000180025095e-35 5 1.0000000180025095e-35 1.0000000180025095e-35 1.0000000180025095e-35 5.5000000000000009 6 1.5000000000000002 7 74.500000000000014 1.0000000180025095e-35 54.500000000000007 8 74.500000000000014 1.5000000000000002 1.0000000180025095e-35 9 1.5000000000000002 1.0000000180025095e-35 8.5000000000000018 10 1.0000000180025095e-35 6.5000000000000009 1.5000000000000002
decision_type=2 9 9 9 9 9 2 9 2 2 2 2 9 2 9 2 2 2 9 2 2 2 9 2 2 2 9 2 2 2
left_child=1 5 -2 10 6 11 14 9 15 13 25 24 17 27 -4 16 22 -8 19 20 -5 -15 23 -9 -1 -3 -20 -6 -12 -21
right_child=2 3 4 18 7 -7 12 8 -10 -11 28 -13 -14 21 -16 -17 -18 -19 26 29 -22 -23 -24 -25 -26 -27 -28 -29 -30 -31
leaf_value=0.020462397180330272 0.059981640203055075 0.0078574387949618182 0.059474569887627463 0.0063100579640288576 -0.0073105259620868477 0.057104300124745724 -0.019726671496023026 -0.0044241876804644543 0.075268322817432537 0.025176243419027241 0.014629678574683148 0.044001368879328866 0.053106870763982364 -0.019285783564823713 -0.011702309359648744 0.0021492975785975003 0.078073253234618889 -0.037893261253221205 -0.013613064539706411 -0.008491656115529515 0.024495320317668923 0.0010533096608229863 -0.0015710345311027 -0.01620521278404911 0.076314650289848296 0.017730344883715967 -0.0003125986891694191 -0.0011206465917836012 0.026801325332433696 0.0060455040749499318
leaf_weight=970.83081299904734 318.91140156090842 11538.72319285816 28.425066329305992 3800.2785545689985 18789.439514508093 1034.9066771930375 750.95986736041959 6154.2604123302735 87.121261167456396 219.00601140112849 1013.3104094602168 900.26741066016257 21.598408040823415 1851.1391850740765 3733.6169804201636 7183.2668485362083 22.327369225793518 974.37327281967737 439.92413796189066 2035.6571367303841 832.95464181760326 279.22936267754994 8145.5615285017993 1376.030641265912 31.491877837106586 899.36126818973571 27789.273617265397 2062.6415207090322 885.51374962134287 375.23687816108577
leaf_count=13345 28521 280749 702 95068 976165 43710 50606 188910 2377 21721 23449 12188 835 118208 245202 222655 4599 76651 145680 60971 18058 9935 152509 43259 638 15744 508915 86925 18384 9535
internal_value=1.19765e-05 0.00535265 -0.00538517 0.00321883 -0.00579903 0.0412385 -0.016594 -0.00450767 -0.00167981 -0.00730523 0.0101184 0.032355 -0.0286548 -0.00761793 -0.0110375 -0.00197352 -0.00386006 -0.0298134 0.000412404 0.00416293 0.00957937 -0.0166199 -0.00397676 -0.00656824 0.0222172 0.00857132 -0.000524621 -0.00669824 0.0203059 -0.00622906
internal_weight=104546 52547.7 51997.9 49610.2 51679 2937.5 5508.97 46170 22968.6 23201.5 14336.9 1902.59 1746.93 22982.4 3762.04 22881.4 15698.2 1725.33 35273.3 7044.13 4633.23 2130.37 15675.9 7530.29 1002.32 12438.1 28229.2 20852.1 1898.82 2410.89
internal_count=3476214 1246434 2229780 1176553 2201259 69881 373996 1827263 614309 1212954 338326 26171 128092 1191233 245904 611932 389277 127257 838227 183632 113126 128143 384678 232169 13983 296493 654595 1063090 41833 70506
cat_boundaries=0 2 3 4 6 7 8 9 10 11 12 14
cat_threshold=3246657664 20 306317909 3195912 3223635080 16 2147483648 26284032 2147516416 32768 598048 532512 373293584 32
is_linear=0
shrinkage=0.05


Tree=28
num_leaves=31
num_cat=22
split_feature=16 16 16 17 17 16 17 17 16 16 6 16 16 17 6 17 17 4 16 4 17 17 17 4 4 17 4 17 4 17
split_gain=5846.76 2265.89 1278.32 891.182 881.143 730.096 381.739 308.493 561.279 274.517 252.474 316.929 238.13 1616.45 423.864 553.913 308.923 305.594 299.092 245.761 236.169 227.547 225.979 169.284 168.601 162.325 184.515 154.243 129.896 129.754
threshold=0 1 2 3 4 5 6 7 8 9 1.0000000180025095e-35 10 11 12 1.0000000180025095e-35 13 14 5.5000000000000009 15 5.5000000000000009 16 17 18 3.5000000000000004 4.5000000000000009 19 2.5000000000000004 20 2.5000000000000004 21
decision_type=9 9 9 9 9 9 9 9 9 9 2 9 9 9 2 9 9 2 9 2 9 9 9 2 2 9 2 9 2 9
left_child=2 29 4 10 22 7 -7 -3 23 -5 21 25 14 -14 17 16 18 27 19 -16 -19 -4 -1 -9 -13 -12 -27 28 -8 -2
right_child=1 5 3 9 -6 6 12 8 -10 -11 11 24 13 -15 15 -17 -18 20 -20 -21 -22 -23 -24 -25 -26 26 -28 -29 -30 -31
leaf_value=-0.0022876401639787733 -0.046626788329104427 -0.021286841839613269 -0.013897108127679986 0.030914672486904493 0.058421990882341859 0.061912301946894059 -0.021466699743107012 -0.023317965942680419 0.068524178798491028 0.069105812640813336 0.059601985828797402 -0.0082803384237076002 0.06831073580265945 -0.00088907449778398559 0.0040567251095633642 0.073432939772621872 -0.034637355599734951 -0.0098745052367329601 -0.020827796919374801 -0.01643956165379486 0.0084340637791490061 0.055915890266898617 0.03007196000645242 -0.0036062449089585783 0.01136403514994103 -0.03737535945341397 0.023796994896306337 0.06473234314775278 -0.0053426523476804242 0.028090311552924171
leaf_weight=772.95228674879763 3377.6149987867684 7555.1797791909776 1676.8866412250791 2800.5590320445044 3849.4453822414362 224.06460088086169 1475.8667443095474 1514.7310916981951 233.31253104322241 583.46525957081758 297.82324951011105 1808.6995702557615 855.21120670059463 34259.169680268795 3876.4247320843861 175.27142797235865 1543.0656367103802 2181.1088402033783 4298.2712735050591 2348.6329281786457 9007.8970793804619 115.78709282213822 1810.3325965467666 3877.0892992302834 2757.4568042238825 129.94462733124965 2400.3126938022033 64.037917181150988 8128.1801485288888 56.752073892152112
leaf_count=53702 543952 450494 86000 33172 113166 27073 57060 63084 12103 21037 5422 51729 11392 534634 98295 5149 75423 61919 337173 75651 189870 2772 28050 134098 53795 6018 98431 2393 235923 7234
internal_value=1.50533e-05 -0.00558793 0.0250812 0.0157746 0.0432156 -0.00391095 -0.0018346 -0.0146826 -0.00579035 0.0376837 0.00767217 0.0117618 -0.00205303 0.000815256 -0.00509532 -0.0124824 -0.0137798 -0.000762042 -0.0106915 -0.00367036 0.00486383 -0.00915356 0.0204181 -0.00912696 0.00357488 0.0248796 0.0205741 -0.00727294 -0.00781232 -0.0453141
internal_weight=104056 85051.9 19003.7 12570.9 6432.73 81617.5 68437.2 13180.3 5625.13 3384.02 9186.91 7394.24 68213.1 35114.4 33098.8 12241.7 12066.4 20857.1 10523.3 6225.06 11189 1792.67 2583.28 5391.82 4566.16 2828.08 2530.26 9668.08 9604.05 3434.37
internal_count=3476214 2922920 553294 358376 194918 2371734 1711955 659779 209285 54209 304167 215395 1684882 546026 1138856 591691 586542 547165 511119 173946 251789 88772 81752 197182 105524 109871 104449 295376 292983 551186
cat_boundaries=0 1 3 4 5 7 8 9 10 11 12 13 14 15 16 17 18 19 20 21 22 23 25
cat_threshold=159973420 33695873 1 16777224 393565633 2518926337 32 2214892546 359109201 3582494816 4096 589824 65568 1076904000 2149064968 2148558088 2148541440 3145728 524288 4194624 131073 1310784 1581352 2149323540 16
is_linear=0
shrinkage=0.05


Tree=29
num_leaves=31
num_cat=22
split_feature=16 16 16 17 17 16 17 16 17 6 16 17 17 16 16 17 6 17 17 16 4 4 4 17 17 16 4 4 4 17
split_gain=5179.14 2047.67 1060.52 968.933 865.468 708.487 331.045 303.261 242.671 235.355 284.882 204.071 196.449 374.3 188.355 1430.64 405.603 483.55 282.769 275.204 257.371 241.901 184.733 178.53 164.966 160.358 179.095 154.202 129.612 128.213
threshold=0 1 2 3 4 5 6 7 8 1.0000000180025095e-35 9 10 11 12 13 14 1.0000000180025095e-35 15 16 17 3.5000000000000004 5.5000000000000009 3.5000000000000004 18 19 20 5.5000000000000009 7.5000000000000009 4.5000000000000009 21
decision_type=9 9 9 9 9 9 9 9 9 2 9 9 9 9 9 9 2 9 9 9 2 2 2 9 9 9 2 2 2 9
left_child=2 -2 3 24 9 8 -7 -6 12 11 29 -4 13 22 16 -16 20 18 19 21 -8 -18 -3 -22 -1 -26 -27 -25 -12 -11
right_child=1 5 4 -5 7 6 14 -9 -10 10 28 -13 -14 -15 15 -17 17 -19 -20 -21 23 -23 -24 27 25 26 -28 -29 -30 -31
leaf_value=-0.002103158967794195 -0.044131708030341388 -0.024241173566585908 -0.013587783389940496 0.057964687246662205 0.030185850237325763 0.060942132323895198 -0.012389678977304875 0.070273435287141722 0.061698247604756701 0.057750979352564416 -0.0061609282740255952 0.054924077578149683 -0.020769847613341663 0.066454975226994159 0.067218647404090101 -0.00080673529007835591 0.0037389152184459321 0.071706523223176444 -0.033556862896795214 -0.020037332161551669 -0.010242938619718846 -0.016935548880568904 -0.0047989671740692325 0.0012092760556463751 0.064067640297618841 0.0030819885946639998 0.037593662803507739 0.012720530255739482 0.010903051775437938 0.020858881532652876
leaf_weight=770.87582443165593 3245.0103590656072 1720.5442398693413 1614.2056599948555 3571.2003602475161 2658.3902188264328 200.81160922472191 3600.5995081066503 589.35183496341051 94.802266230632085 263.8300799879944 1853.8594534262957 106.88526907781488 6851.9483736344264 152.93418578105047 780.79395437723724 34164.479053818446 4070.7793433910701 161.21535430866061 1464.0980102265021 4171.8548949187971 2403.8233387218788 2168.5532964756712 4214.6667824061587 10310.232350694452 231.33161988179199 785.5748012647673 720.86894511792343 4052.8765515194391 2783.9136857771955 2282.6244919556775
leaf_count=53702 551186 74388 86000 113347 33172 26870 126670 21037 11040 5367 68887 2772 407614 1789 11392 534781 98295 5184 75423 337173 77791 75651 164948 263701 3853 12913 11103 79024 97518 43623
internal_value=3.23798e-06 -0.0052502 0.0241468 0.0412036 0.0155868 -0.00367923 -0.0016188 0.0376537 -0.0143475 0.00750592 0.0114928 -0.0090928 -0.0149519 -0.00838063 -0.00181435 0.000731974 -0.00455974 -0.0118379 -0.0130215 -0.0101043 -0.00026082 -0.00344122 -0.0104175 0.00234378 0.0172078 0.0257372 0.0194674 0.00445434 0.00407328 0.0248921
internal_weight=102063 83830 18232.9 6079.85 12153.1 80585 67550.1 3247.74 13034.9 8905.32 7184.23 1721.09 12940.1 6088.15 67349.3 34945.3 32404 12036.5 11875.3 10411.2 20367.5 6239.33 5935.21 16766.9 2508.65 1737.78 1506.44 14363.1 4637.77 2546.45
internal_count=3476214 2922920 553294 194918 358376 2371734 1711955 54209 659779 304167 215395 88772 648739 241125 1685085 546173 1138912 591726 586542 511119 547186 173946 239336 420516 81571 27869 24016 342725 166405 48990
cat_boundaries=0 1 3 4 5 6 7 8 9 10 11 12 13 14 15 16 17 18 19 20 21 22 23
cat_threshold=159973420 33695873 1 16777224 2518926337 393565633 2214892546 291934801 589824 3583543392 32 4194624 1050624 5120 1076904000 2149064968 2148558088 2148541440 3145728 524288 131073 16777216 1310784
is_linear=0
shrinkage=0.05


Tree=30
num_leaves=31
num_cat=15
split_feature=15 15 15 15 15 15 15 5 15 15 0 0 0 3 6 0 15 5 0 3 0 15 6 0 15 5 15 15 15 0
split_gain=8830.69 4050.67 2015.39 598.184 427.435 171.099 163.026 237.472 340.679 151.82 109.521 99.6849 93.7552 93.5925 72.7578 67.0608 52.714 87.8275 44.8918 44.5929 52.5938 69.2805 38.0727 37.2741 47.554 35.4926 254.338 64.1213 47.1374 249.26
threshold=0 1 2 3 4 5 6 1.0000000180025095e-35 7 8 47.500000000000007 51.500000000000007 71.500000000000014 1.0000000180025095e-35 1.0000000180025095e-35 87.500000000000014 9 1.0000000180025095e-35 74.500000000000014 1.0000000180025095e-35 72.500000000000014 10 1.0000000180025095e-35 76.500000000000014 11 1.0000000180025095e-35 12 13 14 49.500000000000007
decision_type=9 9 9 9 9 9 9 2 9 9 2 2 2 2 2 2 9 2 2 2 2 9 2 2 9 2 9 9 9 2
left_child=2 4 6 11 -2 -4 13 -8 12 15 14 16 -9 18 -6 -5 22 -18 -1 -12 21 -21 -3 -13 -25 28 -27 -28 -11 -30
right_child=1 3 5 9 10 -7 7 8 -10 25 19 23 -14 -15 -16 -17 17 -19 -20 20 -22 -23 -24 24 -26 26 27 -29 29 -31
leaf_value=-0.02077023108086137 0.042473770781994859 0.052954610884724009 -0.039572325161925416 -0.0026197241767952771 0.0034025645534895756 -0.05790261228715704 -0.026045194264069201 0.026184455143582863 -0.032390599478468868 0.0015173217395024921 0.029245399621499815 0.011945568566733053 -0.0067759731640258062 -0.0060607446063964286 0.034591154519481852 -0.016123590944436494 -0.01138524035808515 0.04086969171359317 -0.0091295977317946593 0.030829323618212806 0.028900293471819345 0.012444939125130448 0.0071781133009358664 -0.0076076614281157849 0.020101511033845429 -0.042148311979275738 -0.0083234395713673286 0.0088949896102398472 0.026731618535049219 0.002010979305576855
leaf_weight=2942.7991624748283 4942.0171560808303 47.077687061813776 2207.070550299657 24393.164258718542 889.08930615449208 4024.7579725072101 7950.0043420814618 607.32899221999105 652.12899801356252 12816.570715180533 5876.726710331277 7451.7804339050781 334.6211504181847 3179.6111377162888 236.79762208997272 955.3830599252542 878.48326174015529 88.513010503316764 1152.641600255025 739.11065593615785 1907.120053242179 1817.5864741632395 1291.7620167109417 164.02866640215507 2772.8594854142575 347.06755472577061 808.47543273333577 1588.7397032590816 1260.2265590613897 5342.6617126077108
leaf_count=152691 131488 1669 268706 476490 28376 682478 403877 12524 48077 156846 118293 200808 8468 192758 6396 30470 28306 3772 59998 30595 46625 37692 33976 6252 78326 10566 14656 21911 37907 144525
internal_value=-6.84117e-05 0.00809559 -0.0271951 0.00209173 0.0301106 -0.0514845 -0.0181701 -0.02249 -0.00490036 -0.000485145 0.0247497 0.0117291 0.0143234 -0.0124799 0.00996218 -0.00312745 0.00233371 -0.00653456 -0.017494 0.0263838 0.0226163 0.0179289 0.0087226 0.0138258 0.0185965 0.00253689 -0.00278454 0.00307752 0.0032902 0.00671898
internal_weight=99666.2 76615.2 23051 60206.8 16408.4 6231.83 16819.1 9544.08 1594.08 47512.3 11466.4 12694.5 941.95 7275.05 1125.89 25348.5 2305.84 966.996 4095.44 10340.5 4463.82 2556.7 1338.84 10388.7 2936.89 22163.7 2744.28 2397.22 19419.5 6602.89
internal_count=3475522 1645945 1829577 1246480 399465 951184 878393 472946 69069 893371 267977 353109 20992 405447 34772 506960 67723 32078 212689 233205 114912 68287 35645 285386 84578 386411 47133 36567 339278 182432
cat_boundaries=0 2 4 6 8 10 11 13 14 16 18 20 22 24 25 27
cat_threshold=2851910309 2279296 2 14404 144220708 2229504 1073760264 4980776 0 10240 559939584 134742564 132096 32768 268566608 1048593 1073760264 262144 2 4096 0 262144 33554432 2 67109120 67109120 65536
is_linear=0
shrinkage=0.05


Tree=31
num_leaves=31
num_cat=26
split_feature=15 15 15 15 17 17 17 17 17 15 15 15 4 17 15 17 15 17 15 15 15 4 15 17 17 15 15 6 4 15
split_gain=7578.48 3716.38 1948.32 746.251 692.065 688.126 369.492 304.62 296.522 555.157 307.272 280.667 263.445 194.322 182.247 181.911 238.127 164.566 158.201 148.132 145.13 142.529 158.587 445.087 140.437 784.406 144.919 134.383 125.995 115.31
threshold=0 1 2 3 4 5 6 7 8 9 10 11 6.5000000000000009 12 13 14 15 16 17 18 19 6.5000000000000009 20 21 22 23 24 1.0000000180025095e-35 2.5000000000000004 25
decision_type=9 9 9 9 9 9 9 9 9 9 9 9 2 9 9 9 9 9 9 9 9 2 9 9 9 9 9 2 2 9
left_child=2 5 6 7 19 8 18 -3 9 21 15 -8 -6 -12 -4 16 -10 -14 29 -5 -15 22 23 -2 26 -26 -9 -17 -24 -1
right_child=1 3 14 4 12 -7 11 24 10 -11 13 -13 17 20 -16 27 -18 -19 -20 -21 -22 -23 28 -25 25 -27 -28 -29 -30 -31
leaf_value=-0.0018911455762777578 0.0071107076563324979 0.063402995759818503 -0.037997137407118471 0.028212782134586136 0.0012119925611928251 0.0575431020620501 -0.012325619306020445 0.041793262859449377 0.056777526050240459 0.063893090252582482 -0.04450115996775561 -0.028662973529960056 0.029633820302224109 -0.0058927521292821833 -0.05750178379324003 0.050147440161993309 -0.067609170909472535 0.0097311792724338146 0.067382205170371287 0.065471849186674952 0.070435576937625199 0.03526430268460818 -0.0051040009273004006 0.056397494541694161 0.063441326873797013 -0.0023645421356516261 -0.0097847502951531121 0.018789338028530719 0.019762850979521334 -0.018096641657351538
leaf_weight=3542.9700616968476 849.63772593298927 163.96040829081903 2051.7052751304 2367.0962249130971 12278.918380121409 1862.3427594547757 4450.9949585604991 129.25854026421439 48.062398216454312 1045.6160453552147 318.8652245241683 6612.4612683663363 1253.949471462518 410.89644563558977 3759.2740342172256 407.62164678273257 114.77203928120434 6102.2614997586206 62.765197088825516 310.24449404542247 63.236344213597476 2666.7884256407851 576.39807428000495 1015.508417492616 450.10112721781479 28746.783737398757 7673.0103047038137 2111.0605402182555 4381.858704576036 1586.1118448354537
leaf_count=86064 14766 16249 268706 31971 306767 100894 302666 5966 1612 13181 26424 405944 51576 8369 682478 15011 45677 100206 2594 20292 1180 41476 13649 10410 10779 528730 173944 42872 63944 81125
internal_value=-8.23631e-05 0.00746514 -0.025846 0.00172672 0.0089528 0.0289526 -0.0169382 -0.00261301 0.0251139 0.0293096 0.0123434 -0.0221073 0.00569185 -0.01489 -0.0506923 0.0204225 -0.0297342 0.0131773 -0.00590182 0.0327578 0.00553197 0.025436 0.0216321 0.0341033 -0.00292261 -0.0013287 -0.00887787 0.0237699 0.0168381 -0.00692798
internal_weight=97414.5 75348.2 22066.3 59475.6 22312.5 15872.7 16255.3 37163.1 14010.3 10535.8 3474.51 11063.5 19635.1 792.998 5810.98 2681.52 162.834 7356.21 5191.85 2677.34 474.133 9490.19 6823.4 1865.15 36999.2 29196.9 7802.27 2518.68 4958.26 5129.08
internal_count=3475522 1645945 1829577 1246480 510812 399465 878393 735668 298571 157426 141145 708610 458549 35973 951184 105172 47289 151782 169783 52263 9549 144245 102769 25176 719419 539509 179910 57883 77593 167189
cat_boundaries=0 2 4 6 8 10 12 14 16 18 20 22 24 25 26 27 29 31 33 35 37 39 40 42 43 45 47
cat_threshold=2851910309 2279296 2 14404 144220708 2229504 369230160 65555 4883004 16 2540946697 32 13512838 4 1111897042 32 2198896648 32 0 8256 2 12288 134742564 1024 4194305 559939584 131072 2 8192 8392704 4 8421376 2228224 1073741824 32 0 64 0 8192 2147516416 8962056 20 33685568 335544320 65538 32768 131072
is_linear=0
shrinkage=0.05


Tree=32
num_leaves=31
num_cat=15
split_feature=15 15 15 15 15 15 16 15 0 3 6 15 3 15 6 0 0 15 15 0 15 0 0 0 3 0 0 15 15 3
split_gain=6654.66 3426.97 1871.94 521.13 450.569 157.568 144.634 128.219 82.1171 80.0611 65.5708 62.1444 64.8425 71.1336 67.2539 44.555 42.1807 194.084 95.7058 60.0806 56.5507 51.5879 49.8177 52.4213 63.4884 40.7581 39.947 61.8608 34.8477 33.8912
threshold=0 1 2 3 4 5 6 7 47.500000000000007 1.0000000180025095e-35 1.0000000180025095e-35 8 1.0000000180025095e-35 9 1.0000000180025095e-35 74.500000000000014 68.500000000000014 10 11 41.500000000000007 12 77.500000000000014 43.500000000000007 45.500000000000007 1.0000000180025095e-35 74.500000000000014 69.500000000000014 13 14 1.0000000180025095e-35
decision_type=9 9 9 9 9 9 9 9 2 2 2 9 2 9 2 2 2 9 9 2 9 2 2 2 2 2 2 9 9 2
left_child=2 4 7 11 -2 -4 16 9 10 25 -6 12 13 15 -14 -3 18 -18 19 -5 -19 -22 -20 24 -24 -1 27 -9 -27 -25
right_child=1 3 5 6 8 -7 -8 26 -10 -11 -12 -13 14 -15 -16 -17 17 20 22 -21 21 -23 23 29 -26 28 -28 -29 -30 -31
leaf_value=-0.018938570906076084 0.040552318892398152 0.0058402814659295442 -0.037987096826086392 0.026225372062120278 5.2594788537192721e-05 -0.056869672207148274 0.011977580194388854 -0.012354921311870234 0.023552911211432461 -0.0049185496614718854 0.03150811307843427 -0.00095874958410017248 -0.014973872581718943 -0.011929467554924522 0.00023513518866337697 -0.012829173847881584 0.015835276906806535 0.0033814732588643712 -0.0075010403004506527 0.0066699514651396676 -0.0011061453965203832 -0.023434482691424775 -0.0091040695351143168 0.0046961739389206319 0.038404600238564381 0.0016168776566227935 -0.024072007947222949 -0.023790743145470594 -0.016039442478889606 -0.0031178798175754176
leaf_weight=2790.6739517338501 5038.3792243216812 1095.6218200676376 1932.075194530189 447.35785907742684 680.04930474724097 3467.4773878049018 8816.6339113190188 2913.7626725376031 9133.1919336331594 3068.8228246927029 219.03715574042872 19179.727605406821 840.94406591559527 4898.658760438062 5358.3095683273568 451.17593003818183 3212.0456981680618 1661.2124698136904 2023.5355838012911 3218.9286713986221 553.33342252083821 485.80386169598205 108.57170478376793 2574.3034421056363 199.60557007609168 538.9231628037378 3701.1245202054852 2106.5234955868364 574.68290414051444 3010.247354036881
leaf_count=152691 194864 29307 268706 11667 17485 682478 265997 78702 180720 192758 6396 330190 18496 141111 146917 15123 43049 56613 24477 78281 9031 10481 1689 30106 1712 21863 195239 199005 38135 32233
internal_value=-7.04497e-05 0.00705986 -0.0248077 0.00154998 0.0282994 -0.0501958 0.00675503 -0.0160467 0.0221116 -0.0109458 0.00771585 -0.00275417 -0.0054746 -0.00899039 -0.001828 0.000392167 0.00411776 0.00755642 0.00236603 0.00903146 -0.0023412 -0.0114348 -0.00073143 0.00159198 0.0216672 -0.0157114 -0.0201079 -0.0172254 -0.00762428 0.000484155
internal_weight=94300.7 73206.7 21094.1 58136 15070.7 5399.55 26311.6 15694.5 10032.3 6973.1 899.086 31824.4 12644.7 6445.46 6199.25 1546.8 17494.9 5912.4 11582.6 3666.29 2700.35 1039.14 7916.26 5892.73 308.177 3904.28 8721.41 5020.29 1113.61 5584.55
internal_count=3475522 1645945 1829577 1246480 399465 951184 565336 878393 204601 405447 23881 681144 350954 185541 165413 44430 299339 119174 180165 89948 76125 19512 90217 65740 3401 212689 472946 277707 59998 62339
cat_boundaries=0 2 4 6 8 10 11 13 15 17 18 20 21 22 23 25
cat_threshold=2851910309 2279296 2 14404 144220708 2229504 335675728 1048595 0 14336 559939584 1344274688 2 134742564 132096 80 17 80 0 4784128 33571840 17408 32768 134217728 131072
is_linear=0
shrinkage=0.05


Tree=33
num_leaves=31
num_cat=16
split_feature=15 15 15 15 15 15 4 15 4 15 4 3 15 4 15 15 4 15 0 4 15 15 4 0 0 6 15 15 0 4
split_gain=5893.47 3339.38 1483.57 526.081 452.724 208.027 401.394 137.477 125.393 93.2256 140.578 92.9652 105.168 89.2309 105.561 83.7011 66.1776 86.8544 109.677 65.8535 59.9648 58.2934 56.8319 51.5057 51.1688 63.3808 46.5604 43.3695 42.7812 57.0889
threshold=0 1 2 3 4 5 6.5000000000000009 6 2.5000000000000004 7 3.5000000000000004 1.0000000180025095e-35 8 3.5000000000000004 9 10 7.5000000000000009 11 76.500000000000014 8.5000000000000018 12 13 7.5000000000000009 42.500000000000007 47.500000000000007 1.0000000180025095e-35 14 15 39.500000000000007 2.5000000000000004
decision_type=9 9 9 9 9 9 2 9 2 9 2 2 9 2 9 9 2 9 2 2 9 9 2 2 2 2 9 9 2 2
left_child=2 4 7 11 -2 -5 9 13 26 10 -7 12 -3 14 -1 19 17 18 28 -8 -18 -19 -14 -15 25 -10 -6 -4 29 -13
right_child=1 3 27 5 8 6 15 -9 24 -11 -12 16 22 23 -16 -17 20 21 -20 -21 -22 -23 -24 -25 -26 -27 -28 -29 -30 -31
leaf_value=-0.039154834454325251 0.039904760331737898 -0.00039690112690960269 -0.041284289146298905 0.0019956758800954051 0.022577344601111396 -0.011736135035277841 0.019247762015046917 -0.027277080193672851 0.0017152529396830818 0.014484055346006523 0.0053965069396331757 -0.022472754428079219 -0.0087876840944545523 0.0062939870516118381 -0.011478630254951338 0.0036618477763275866 -0.022872988937402753 -0.020798480166305866 -0.012635706360774919 0.032800381801384622 -0.004944668260565166 -0.0022857539453258031 -0.018210522507908472 -0.013949023064432431 0.023947989306563146 0.036692214228137364 -0.004261307869927052 -0.056326356718853846 0.012941628100053636 0.010647858901736558
leaf_weight=770.48106019369152 4823.1007215537174 3149.3166257392295 930.46648426412139 26040.009432708612 206.49144013634941 1784.6908010170009 2058.5486939799448 3271.9553745099693 546.1937133576721 1330.8778785203031 3637.94536552504 216.57037439470878 6540.2034880806787 328.38674013706623 668.02472924426547 539.74790449642751 571.93859571337816 455.15394525165902 642.4884701569099 1587.6295370199223 2454.7833911625057 5063.4512464152867 2118.5112098062964 7288.0671185054307 8191.421113093038 169.77879949045018 630.13346421897586 3212.6336799118471 2452.3570321079897 325.87650156099699
leaf_count=40149 194864 90338 161491 418957 8801 43846 51512 379955 12767 79488 76087 3841 206911 17342 58031 24243 23121 12284 18700 36809 50530 165127 61337 318508 162176 4624 16233 682478 49341 5631
internal_value=-8.14528e-05 0.00582828 -0.0271726 0.000687968 0.0273276 0.00442845 0.0102123 -0.0184373 0.0210677 0.0026813 -0.00024172 -0.0050771 -0.00824069 -0.0152165 -0.0266543 0.022387 -0.00201494 0.000103867 0.00609278 0.0250801 -0.00842437 -0.00384747 -0.0110804 -0.0130762 0.0228276 0.0100094 0.0025818 -0.0530557 0.010131 -0.00257545
internal_weight=92007.2 75537.2 16470 60970.1 14567.1 36979.4 10939.4 12326.9 9744.02 6753.51 5422.64 23990.7 11808 9054.96 1438.51 4185.93 12182.6 9155.9 3637.29 3646.18 3026.72 5518.61 8658.71 7616.45 8907.39 715.973 836.625 4143.1 2994.8 542.447
internal_count=3475522 1817568 1657954 1418103 399465 730942 311985 813985 204601 199421 119933 687161 358586 434030 98180 112564 328575 254924 77513 88321 73651 177411 268248 335850 179567 17391 25034 843969 58813 9472
cat_boundaries=0 2 4 6 8 10 12 14 16 17 18 20 22 24 25 27 28
cat_threshold=2717168293 2148224 2 14404 15770148 2098432 470417488 131089 0 14336 33555712 1638402 8421924 1024 1073758208 4194312 67240016 8421376 1073743872 4194336 402653184 1 0 131073 16 2 4 553648128
is_linear=0
shrinkage=0.05


Tree=34
num_leaves=31
num_cat=23
split_feature=16 17 16 16 16 17 17 17 16 17 16 6 6 17 16 17 17 4 17 17 16 4 17 16 17 4 4 16 17 4
split_gain=3102.12 1534.39 1437.66 535.033 288.102 548.644 291.802 244.502 283.821 198.831 157.13 182.683 133.547 308.761 279.421 265.511 169.172 146.393 109.573 101.973 187.437 97.7154 96.2152 95.7593 90.3242 87.1997 84.694 77.9297 77.6563 70.8802
threshold=0 1 2 3 4 5 6 7 8 9 10 1.0000000180025095e-35 1.0000000180025095e-35 11 12 13 14 2.5000000000000004 15 16 17 6.5000000000000009 18 19 20 3.5000000000000004 4.5000000000000009 21 22 4.5000000000000009
decision_type=9 9 9 9 9 9 9 9 9 9 9 2 2 9 9 9 9 2 9 9 9 2 9 9 9 2 2 9 9 2
left_child=1 10 18 9 5 25 -6 8 21 19 -1 28 15 -14 24 -8 27 23 -2 20 -4 -3 -7 -17 -15 -5 -22 -16 -12 -18
right_child=2 7 3 4 6 22 12 -9 -10 -11 11 -13 13 14 16 17 29 -19 -20 -21 26 -23 -24 -25 -26 -27 -28 -29 -30 -31
leaf_value=0.045658394022364462 -0.042626491149944906 0.0079506091470660841 0.066831461441852397 -0.010605707775194505 0.060738119311778527 0.068936461800067753 0.065756614307177344 0.057514845862310066 0.071817208331640695 0.061596203032980856 -0.009900935160039176 0.013891987029267625 0.067103119900748354 -0.048136854725509416 -0.025116059992154438 -0.0027790073278335403 0.0022077729437658638 0.00082624426312516452 0.024977503644324873 -0.016676603822524203 -0.015471856684959233 0.039273499630496068 0.026499350098443338 -0.019734161082348069 -0.017171136307969816 0.0038746722776455697 -0.0024542280425895982 0.049471750866340723 0.052251020091715873 -0.0044367735751098146
leaf_weight=230.59827482426772 2368.4234042448807 710.8636522621382 74.449284360744059 1352.6452171268393 178.31271731571906 143.54747043980751 143.50950445100898 2979.0216165857091 328.33463900478091 81.957337383581034 1673.4783284371952 2089.0830577844463 138.21932300482877 261.28872428764589 1006.2134264162742 1975.6142166187055 6508.9228377954278 35293.414141816233 59.208358555162704 6341.3419474146503 2292.7203752589412 383.21380432869773 2119.0525688876951 1444.9593879245003 2428.5881578836124 4493.3247662925642 2745.9675153910648 28.246987164253369 42.163970471447101 10469.288032322685
leaf_count=18209 543756 14457 684 62597 27335 4715 5581 109038 6399 11196 130212 55731 2621 19889 55464 37242 176927 672457 7260 429961 110034 7994 35611 57252 258664 194641 108210 1692 4172 305521
internal_value=-8.48209e-05 0.0287658 -0.00305816 -0.00189848 -0.000208347 0.00863058 -0.00140657 0.0491707 0.0314157 -0.0118498 0.00644311 0.00395287 -0.00160233 -0.00483174 -0.00534184 0.000129314 -0.00309115 -0.000130913 -0.040882 -0.0124285 -0.00713781 0.0187504 0.0294832 -0.0100072 -0.0203462 0.000523295 -0.00836096 -0.0226252 -0.00812663 -0.00188835
internal_weight=90386 8436.76 81949.2 79521.6 67985.1 8108.57 59876.6 4401.43 1422.41 11536.4 4035.32 3804.73 59698.3 20840.8 20702.5 38857.5 18012.7 38714 2427.63 11454.5 5113.14 1094.08 2262.6 3420.57 2689.88 5845.97 5038.69 1034.46 1715.64 16978.2
internal_count=3475522 346212 3129310 2578294 1918209 297564 1620645 137888 28850 660085 208324 190115 1593310 820778 818157 772532 539604 766951 551016 648889 218928 22451 40326 94494 278553 257238 218244 57156 134384 482448
cat_boundaries=0 1 2 4 5 7 9 10 12 13 14 15 16 17 19 20 22 23 24 26 27 28 29 30
cat_threshold=159383592 375899393 33695873 1 2214892546 537460740 2 1404131009 32 1097306833 2164260992 32 8 3583543392 8 526340 16384 2155872256 20 17664 2149323540 16 17825792 2214626304 2147748128 20 270532608 264 3145728 4325633
is_linear=0
shrinkage=0.05


Tree=35
num_leaves=31
num_cat=25
split_feature=15 15 15 17 15 17 17 17 15 17 15 15 17 15 17 16 5 6 17 15 0 17 15 15 0 15 17 17 5 17
split_gain=4979.23 2999.88 1171.19 615.139 552.117 580.993 429.003 263.731 287.438 262.025 467.614 190.062 187.788 795.663 156.027 141.433 139.11 159.716 139.018 200.066 121.087 116.653 165.825 98.6006 113.196 96.8679 81.213 73.7547 81.5084 71.6914
threshold=0 1 2 3 4 5 6 7 8 9 10 11 12 13 14 15 1.0000000180025095e-35 1.0000000180025095e-35 16 17 61.500000000000007 18 19 20 83.500000000000014 21 22 23 1.5000000000000002 24
decision_type=9 9 9 9 9 9 9 9 9 9 9 9 9 9 9 9 2 2 9 9 2 9 9 9 2 9 9 9 2 9
left_child=2 3 6 -2 7 15 16 -3 -9 10 20 21 13 -7 26 -6 -1 -18 -12 -20 -5 22 -11 24 27 -14 -13 28 -8 -10
right_child=1 4 -4 9 5 12 23 8 29 11 18 14 25 -15 -16 -17 17 -19 19 -21 -22 -23 -24 -25 -26 -27 -28 -29 -30 -31
leaf_value=-0.032152200842487252 0.05697607334472346 -0.020750452220973253 -0.052390890118726857 0.010104279644672566 0.02393818960027147 0.0044784021557081949 -0.0018179132214360542 0.064361383593742369 -0.0049419508024098283 0.051833074292432592 0.056252780312576238 -0.0042904143378823317 0.058207680045078675 0.064101846211099142 0.065295322140987017 0.066093936003057741 0.011530952043641624 -0.039951000793606924 0.021295055146960409 0.06866091015297647 0.024450032114390962 0.019182499849217105 -0.063031339139426559 -0.01514349550948663 -0.028441468540374815 -0.00011587876334446926 -0.039743287129299622 0.062403691220108949 0.025336872749347247 0.054635207083169005
leaf_weight=4343.4708728193655 1438.7586945634976 2767.966244086856 3752.0118792761386 2277.7297327523484 1982.4260104724926 9850.7748254890757 1444.8385357665829 141.6470082049309 18183.820172648819 37.942664134548977 1328.9971681280294 392.93348989868537 61.371256086596986 583.59779696195255 49.779855530883651 222.35381591155601 411.1496462195646 237.78146689664572 1026.1880490440599 289.17896884499351 4152.6865031904308 2290.8276509714196 92.219460021704435 1888.7954505898233 290.47350238799118 28352.274197001319 276.56601864832919 44.649913645349443 341.69800774240866 40.764814279355051
leaf_count=347087 74078 186801 844135 42104 31473 319869 43315 5497 600625 1583 18044 8487 4056 12840 2954 23673 13521 29942 25775 9736 68851 75684 45766 145332 9712 445051 26495 1782 8390 3347
internal_value=-2.24255e-05 0.00483968 -0.0289138 0.0260532 0.000178594 0.00355873 -0.0190822 -0.00638583 -0.00421083 0.0223673 0.0266906 0.00982873 0.00213801 0.00787134 -0.0126351 0.0284689 -0.0288683 -0.00733308 0.0444287 0.0321478 0.0193385 0.0165273 -0.0282388 -0.00685857 0.00055348 3.05299e-05 -0.0193051 0.00515585 0.003357 -0.0047788
internal_weight=88595.7 75840.8 12754.9 13653.8 62187 41052.8 9002.86 21134.2 18366.2 12215 9074.78 3140.27 38848 10434.4 719.279 2204.78 4992.4 648.931 2644.36 1315.37 6430.42 2420.99 130.162 4010.46 2121.66 28413.6 669.5 1831.19 1786.54 18224.6
internal_count=3476005 2032789 1443216 399557 1633232 836962 599081 796270 609469 325479 164510 160969 781816 332709 37936 55146 390550 43463 53555 35511 110955 123033 47349 208531 63199 449107 34982 53487 51705 603972
cat_boundaries=0 2 4 6 8 10 11 12 13 14 16 18 20 21 23 24 25 26 28 29 31 33 34 35 36 37
cat_threshold=2717167745 2148224 2 14404 15769600 2098432 1082931318 20 201851508 131089 4850200 2148827648 343949576 524352 2165310088 32 0 64 2 12288 361813281 1073876224 34 4194561 589824 1048584 0 8192 131072 2 8192 7372800 256 1073743872 256 17433730 1075325028
is_linear=0
shrinkage=0.05


Tree=36
num_leaves=31
num_cat=24
split_feature=16 16 17 16 17 16 17 16 17 17 17 17 16 17 3 6 16 17 17 17 4 17 16 17 4 6 16 17 17 4
split_gain=2584.11 1210.84 669.352 606.797 628.345 352.95 262.514 241.37 168.247 145.276 112.73 107.608 200.01 120.276 105.395 94.0926 284.333 887.656 246.25 190.963 112.104 118.196 112.354 133.253 90.3593 98.1049 145.903 82.4021 80.7318 80.3563
threshold=0 1 2 3 4 5 6 7 8 9 10 11 12 13 1.0000000180025095e-35 1.0000000180025095e-35 14 15 16 17 3.5000000000000004 18 19 20 2.5000000000000004 1.0000000180025095e-35 21 22 23 7.5000000000000009
decision_type=9 9 9 9 9 9 9 9 9 9 9 9 9 9 2 2 9 9 9 9 2 9 9 9 2 2 9 9 9 2
left_child=2 10 9 4 24 8 -7 -6 11 -1 -2 12 13 -5 -14 18 19 -18 -8 -17 22 29 23 -20 -3 28 27 -27 -26 -22
right_child=1 3 -4 5 7 6 15 -9 -10 -11 -12 -13 14 -15 -16 16 17 -19 20 -21 21 -23 -24 -25 25 26 -28 -29 -30 -31
leaf_value=0.026754349345095213 -0.041075893007723976 -0.014811094349754842 0.056396868297252205 -0.0065598819368163147 0.025359199194291717 0.060191404934185733 0.066377669397413713 0.06782512016224429 0.060569652917400185 -0.0022714421588511911 0.02818910591674962 -0.021263270615910872 -0.013635492731229723 0.064961288017065508 -0.0045260724849539085 -0.020530548820323003 0.064933350056315606 -0.0027518403914331691 0.056938164284823567 0.0011879153024504782 0.0034916363911431797 -0.00055208249264097193 -0.014292413317941115 -0.0022183290773355752 -0.0097554824557042358 0.01595074311899505 0.0021312373316865422 0.055497395830189228 0.050592683211453049 0.014201775853155697
leaf_weight=1119.570782675466 2072.3764525742736 617.44416401117633 2311.1262385355003 100.94139767810702 1965.6567208118504 165.96414025579725 130.9532107031846 410.41921687491413 75.639004285258125 702.40339634855627 57.214925055290223 1815.8272711549653 6414.3182849077857 140.43719767499715 6288.0036346205743 3476.8881154280389 495.06451589963399 11824.63670347142 87.156265258789062 1433.0853792494163 6870.7285241953796 21440.921808537707 2386.2444684839502 4720.3078185113845 1257.421365572256 1820.8455527447513 3713.7426886554749 137.30385638549342 48.260481820383575 2350.4676769697107
leaf_count=25502 543672 27399 101004 20384 33880 28837 5571 23539 11458 89961 7264 220077 279242 2582 255375 332444 8777 376156 1406 46650 213998 303639 106923 82291 63079 95858 104034 4917 1757 58329
internal_value=-3.07349e-05 -0.00196973 0.0384994 -0.00097911 0.0105568 -0.00261852 -0.000783116 0.0329478 -0.00946527 0.0156131 -0.0390919 -0.00986494 -0.00825073 0.0359809 -0.0091189 -0.000977253 -0.00404215 1.85325e-05 0.000412638 -0.014202 0.000166869 0.00148484 -0.00545054 -0.00102989 0.00351777 0.00514473 0.00798931 0.0189916 -0.00721213 0.00621489
internal_weight=86451.4 82318.3 4133.1 80188.7 9971.09 70217.6 55382.4 2376.08 14835.2 1821.97 2129.59 14759.5 12943.7 241.379 12702.3 55216.5 17229.7 12319.7 37986.8 4909.97 37855.8 30662.1 7193.71 4807.46 7595.02 6977.57 5671.89 1958.15 1305.68 9221.2
internal_count=3476005 3259538 216467 2708602 354463 2354139 1565021 57419 789118 115463 550936 777660 557583 22966 534617 1536184 764027 384933 772157 379094 766586 575966 190620 83697 297044 269645 204809 100775 64836 272327
cat_boundaries=0 1 3 5 7 8 9 10 11 12 14 16 17 18 19 20 21 23 24 25 26 27 28 29 30
cat_threshold=25165832 33695873 1 2539897857 32 134807588 2 1463113153 2215941122 1365676753 589824 3583559776 2535456768 32 2149323540 16 1092094048 2147483650 16777216 2113536 1583372 2155872256 20 1048840 1048840 270533120 1048608 65568 4480 320
is_linear=0
shrinkage=0.05


Tree=37
num_leaves=31
num_cat=12
split_feature=6 17 17 17 17 7 17 17 13 13 0 0 17 5 3 0 17 5 17 7 3 3 5 17 17 4 5 17 0 0
split_gain=433.358 846.381 301.883 199.586 126.536 148.093 74.7159 68.0321 251.832 69.0769 61.1168 53.4192 47.8744 40.6805 37.0875 35.6481 60.4965 77.4508 60.0069 34.2396 32.9904 31.967 27.91 35.5384 27.1029 24.9242 21.4897 18.9731 18.6756 18.5586
threshold=1.0000000180025095e-35 0 1 2 3 1.0000000180025095e-35 4 5 1.0000000180025095e-35 1.0000000180025095e-35 78.500000000000014 43.500000000000007 6 1.0000000180025095e-35 1.0000000180025095e-35 78.500000000000014 7 1.0000000180025095e-35 8 1.0000000180025095e-35 1.0000000180025095e-35 1.0000000180025095e-35 1.5000000000000002 9 10 8.5000000000000018 1.0000000180025095e-35 11 74.500000000000014 72.500000000000014
decision_type=2 9 9 9 9 2 9 9 2 2 2 2 9 2 2 2 9 2 9 2 2 2 2 9 9 2 2 9 2 2
left_child=1 6 -2 13 7 10 19 8 14 12 22 -11 -9 21 26 16 17 20 -17 25 28 -3 -6 -24 -13 -1 -4 -12 -5 -23
right_child=2 3 4 15 5 -7 -8 9 -10 11 27 24 -14 -15 -16 18 -18 -19 -20 -21 -22 29 23 -25 -26 -27 -28 -29 -30 -31
leaf_value=0.026084344234059732 0.057526096722192416 0.0094343543092519442 -0.0070282734989425893 0.0098166285124739842 -0.0018478633456503434 0.072679828926895826 0.05471348176424471 0.055173092366027549 0.077689544252324202 -0.0041096984876394871 -0.00025752888902880471 -0.030396834231719533 -0.0089530358915122562 0.015780493332003896 -0.003438353674812461 8.5130608679217929e-05 -0.0001597261212208372 0.020747634816912892 -0.012300155873535189 0.081543421360659077 -0.003853724190426545 0.0010229742788800459 -0.013554533213560239 -0.0003990754945835237 0.036561453187646677 0.047296149545785468 -0.014249686879047997 0.0068735346699876233 -0.0067192753464712157 0.0079236666189075721
leaf_weight=955.11024485324742 190.42479859250307 5033.7196927020559 8403.662644668806 1293.473756906722 12670.235123191684 67.980334314284846 521.06031879078364 19.792756264389027 90.871163497387897 273.45963022089563 1489.3148387148976 825.45981638296507 2430.6984768006951 1439.7434077088838 8961.0907910106507 2867.0062728865305 23924.376026750499 786.74521207681391 1476.7721998566194 32.090748124115635 1076.4846610621316 2681.010993867967 1218.9830405029934 893.77886170148849 9.3612172952562087 161.97101405181456 1174.1532022962638 2508.1679275212809 196.71789332653861 1530.5282370878849
leaf_count=23881 28178 150211 519499 35344 398534 2507 40899 704 1302 24627 48439 102673 241944 41745 568658 80319 594834 21500 72072 1082 28631 93332 49929 23663 611 3974 97984 120435 5850 52644
internal_value=-1.86919e-05 0.00343389 -0.00370152 0.00205037 -0.00399868 -0.000984621 0.038237 -0.00655743 -0.00534053 -0.012895 -0.00125179 -0.0232895 -0.00824647 0.00795509 -0.00575039 5.3264e-05 0.000723205 0.00700191 -0.00415367 0.0303586 0.00281581 0.00674507 -0.00273502 -0.00805532 -0.0295722 0.0291599 -0.00791355 0.00423331 0.00763375 0.00353078
internal_weight=85204.2 43976.8 41227.4 42306.6 41037 18848.5 1670.23 22188.5 18629.8 3558.77 18780.5 1108.28 2450.49 10685 18538.9 31621.6 27277.8 3353.42 4343.78 1149.17 2566.68 9245.26 14783 2112.76 834.821 1117.08 9577.82 3997.48 1490.19 4211.54
internal_count=3476005 1246318 2229687 1176482 2201509 643507 69836 1558002 1187443 370559 641000 127911 242648 337932 1186141 838550 686159 91325 152391 28937 69825 296187 472126 73592 103284 27855 617483 168874 41194 145976
cat_boundaries=0 2 3 4 6 7 8 9 10 11 12 13 15
cat_threshold=3246657664 20 37882452 3261448 3233076360 16 2164260992 9458688 32768 524320 33687879 532512 2147516416 16777474 4
is_linear=0
shrinkage=0.05


Tree=38
num_leaves=31
num_cat=15
split_feature=15 15 15 15 15 15 4 15 4 15 3 4 15 13 5 6 15 4 15 0 15 0 4 4 15 15 5 6 15 4
split_gain=4271.59 2411.36 1081.77 400.533 398.307 145.043 214.854 178.594 123.498 148.611 97.5888 92.8034 82.2755 73.4877 65.5109 143.798 58.2671 103.911 69.1885 66.1344 58.1559 55.8565 54.8576 49.3401 106.272 63.4858 47.9765 67.3953 43.8068 40.7533
threshold=0 1 2 3 4 5 6.5000000000000009 6 5.5000000000000009 7 1.0000000180025095e-35 3.5000000000000004 8 1.0000000180025095e-35 1.0000000180025095e-35 1.0000000180025095e-35 9 3.5000000000000004 10 56.500000000000007 11 69.500000000000014 8.5000000000000018 6.5000000000000009 12 13 1.5000000000000002 1.0000000180025095e-35 14 7.5000000000000009
decision_type=9 9 9 9 9 9 2 9 2 9 2 2 9 2 2 2 9 2 9 2 9 2 2 2 9 9 2 2 9 2
left_child=2 3 8 -2 10 -6 16 22 26 14 12 20 -3 -9 -10 21 19 18 -18 -7 -5 -16 -8 24 28 -25 -1 -28 -12 -14
right_child=1 4 -4 11 5 6 7 13 9 -11 23 -13 29 -15 15 -17 17 -19 -20 -21 -22 -23 -24 25 -26 -27 27 -29 -30 -31
leaf_value=-0.028474870436981783 0.037263256617563051 -0.0016150551680365608 -0.055510376383743343 0.025580389924462234 0.00087321851721741195 0.030780866239152382 0.016983972664886111 0.0060165128808909174 -0.014085718659923941 -0.031700734469146848 -0.025462349099858835 0.02051738595754064 -0.0097397879432417813 -0.02880698067705539 0.029616761409224247 -0.023423042866977006 -0.012016487697563152 0.0053480402791120357 0.0058997062261363833 0.00053531034618659404 0.0043311012000388175 -0.0006764756457737324 0.030255270379987501 -0.00089483382927953994 0.0050354235490934155 -0.014407026352053189 0.013337341419003244 -0.042495261022473557 -0.0054342380327022074 -0.01868051467911366
leaf_weight=3286.4556087054225 3769.6376202794054 2824.3308383559634 2744.0905360181023 394.335568577706 25590.675410548873 373.79819502585451 1801.4230044991273 1565.6296944287315 3389.5207504562277 1053.2684426011692 312.5242142638017 7915.5345667740912 5956.9479018603852 167.72964964256971 328.00210243696347 385.57462970307097 1869.2542706381573 5097.2627249188226 751.31146272787737 349.9324556411957 1651.9781034371335 283.85403710755054 1371.490715998676 2001.8055998503114 4379.8424296761877 1536.4071602053446 160.88668716949178 81.394065257161856 1926.8747374861923 1621.4856128747415
leaf_count=369217 194877 84871 701968 18606 320032 25376 51893 52405 121368 171889 9573 194774 262568 15111 7548 26704 61965 169327 26801 27251 41663 7375 36438 42799 175196 89197 4897 12867 77235 74214
internal_value=-1.94114e-05 0.00446593 -0.0280417 0.0233446 0.000105807 0.00307832 0.00730216 0.0156286 -0.0195851 -0.0148816 -0.00552252 0.0180455 -0.00892909 0.00263161 -0.0107467 0.000492273 0.00247146 0.0011866 -0.00690329 0.0159366 0.00857213 0.015563 0.0226491 -0.00203912 0.000508677 -0.00680552 -0.0268919 -0.00541959 -0.00833008 -0.0116374
internal_weight=84943.3 73230.2 11713 13731.5 59498.7 38938.5 13347.8 4906.27 8968.96 5440.22 20560.2 9961.85 10402.8 1733.36 4386.95 997.431 8441.56 7717.83 2620.57 723.731 2046.31 611.856 3172.91 10157.5 6619.24 3538.21 3528.74 242.281 2239.4 7578.43
internal_count=3476005 2052172 1423833 449920 1602252 786599 466567 155847 721865 334884 815653 255043 421653 67516 162995 41627 310720 258093 88766 52627 60269 14923 88331 394000 262004 131996 386981 17764 86808 336782
cat_boundaries=0 2 4 6 8 10 12 14 16 17 19 21 23 25 27 28
cat_threshold=2717167745 2147200 2058 14404 32546816 2097408 0 14336 201851508 132113 302121216 1114112 1073741824 4718624 8421376 2097152 201326676 0 262146 1073741824 4718624 10 4 52 16 67108884 16 16
is_linear=0
shrinkage=0.05


Tree=39
num_leaves=31
num_cat=25
split_feature=15 15 15 17 15 17 17 17 15 17 15 15 17 15 16 15 17 17 5 6 1 17 6 17 15 15 3 15 15 17
split_gain=3768.89 2191.23 1042.78 582.363 384.037 476.736 355.257 241.083 440.459 205.355 266.057 189.794 138.181 682.028 130.911 126.949 212.326 117.054 113.623 119.42 102.506 83.2539 111.466 78.6047 78.1462 78.0747 72.3775 68.0464 65.0375 75.11
threshold=0 1 2 3 4 5 6 7 8 9 10 11 12 13 14 15 16 17 1.0000000180025095e-35 1.0000000180025095e-35 3782.5000000000005 18 1.0000000180025095e-35 19 20 21 1.0000000180025095e-35 22 23 24
decision_type=9 9 9 9 9 9 9 9 9 9 9 9 9 9 9 9 9 9 2 2 2 9 2 9 9 9 2 9 9 9
left_child=2 3 6 -2 9 14 18 8 15 27 -11 21 13 -7 -6 16 -5 -13 -1 -20 -17 24 -23 -8 -9 -14 28 -3 29 -12
right_child=1 4 -4 7 5 12 23 11 -10 10 26 17 25 -15 -16 20 -18 -19 19 -21 -22 22 -24 -25 -26 -27 -28 -29 -30 -31
leaf_value=-0.029994249722720159 0.057033670214929805 -0.02652459558899338 -0.051222780129101891 0.016457234490682964 0.02232912592764507 0.0035936634222597042 -0.006451872320721236 0.014266035143213352 0.061563558762114362 0.06597858264293828 -0.0020002266247380893 -0.017667912558699313 0.056357220612009443 0.059271523801064596 0.064601406899474176 0.0084333821247940411 0.054633096827204436 0.060803143447272882 0.010108399789198986 -0.037484712271267137 0.022173286251607215 0.044621733580501449 0.013029258515782191 0.05944968386935312 -0.050517517062374034 -0.00010303281668185373 -0.00080120536877135735 -0.010356608851813611 -0.010317936812313097 0.06675115855522161
leaf_weight=3848.4657403999445 1157.7585106963888 1299.7583139805938 3177.7516743575725 846.30959980713305 1755.6036347309091 9208.5696039533359 3566.1527747742948 90.484819807810709 718.84837657243042 127.090719455613 2801.1847763746046 765.30636960524134 51.36496610782342 575.26640428352403 204.59265442685864 2114.3880775930447 672.25807890901342 41.246176608081441 382.01607977383537 201.2337672545691 3791.7484488462433 332.21750815394626 1749.5147471685632 35.977385086080176 82.020226079039276 27849.634272169642 8867.520698216078 1388.1041548086941 5704.863785355592 30.300047071512381
leaf_count=348125 66554 97625 844135 24246 31588 307700 186185 3712 18228 5348 68241 48385 3784 17322 26673 42104 11813 3127 13521 30118 68851 34257 45896 1749 45922 436357 298445 109208 235905 881
internal_value=-1.98547e-05 0.00416803 -0.0269782 0.023324 0.000209018 0.0030688 -0.0173366 0.019793 0.0243015 -0.00539718 -0.00341818 0.00775754 0.00181473 0.00692457 0.0270467 0.0206159 0.0336042 -0.0129595 -0.026817 -0.00631225 0.0172253 0.0151945 0.0179846 -0.0056309 -0.0176166 2.10635e-05 -0.00396254 -0.0182442 -0.00725117 -0.00103218
internal_weight=83437.6 72226 11211.6 12362.1 59863.9 39645 8033.85 11204.3 8143.55 20218.8 17531 3060.79 37684.8 9783.84 1960.2 7424.7 1518.57 806.553 4431.72 583.25 5906.14 2254.24 2081.73 3602.13 172.505 27901 17403.9 2687.86 8536.35 2831.48
internal_count=3476005 2052172 1423833 413095 1639077 823424 579698 346541 165242 815653 608820 181299 765163 325022 58261 147014 36059 51512 391764 43639 110955 129787 80153 187934 49634 440141 603472 206833 305027 69122
cat_boundaries=0 2 4 6 8 10 11 12 14 16 18 20 22 23 25 26 28 29 30 31 32 34 35 37 39 40
cat_threshold=2717167745 2147200 10 14404 15769600 2097408 1082669174 20 201851508 132113 5112344 2148828672 2165310088 32 0 8256 343949576 16 524352 1024 2 12288 280023329 1073876224 32 589824 0 8192 2147484160 6553857 163840 17301552 2 8192 1073743872 528 132096 67108884 131072 1073752100
is_linear=0
shrinkage=0.05


Tree=40
num_leaves=31
num_cat=27
split_feature=15 15 15 17 15 17 15 17 17 17 15 17 15 15 17 4 17 15 15 17 15 17 15 17 17 15 15 0 15 0
split_gain=3394.15 2236.22 595.573 507.051 452.283 440.107 239.089 312.029 293.714 268.511 182.751 134.946 331.224 140.711 139.349 133.439 124.963 659.217 114.386 102.637 96.4663 68.4071 67.301 238.086 91.0626 129.698 94.1794 74.0029 112.981 67.2453
threshold=0 1 2 3 4 5 6 7 8 9 10 11 12 13 14 3.5000000000000004 15 16 17 18 19 20 21 22 23 24 25 66.500000000000014 26 70.500000000000014
decision_type=9 9 9 9 9 9 9 9 9 9 9 9 9 9 9 2 9 9 9 9 9 9 9 9 9 9 9 2 9 2
left_child=4 3 11 -2 19 18 8 -8 -5 -9 -11 -3 -13 14 29 -12 17 -7 -4 -1 -18 -10 24 -24 26 -26 -22 28 -27 -14
right_child=1 2 5 6 -6 16 7 9 21 10 15 12 13 -15 -16 -17 20 -19 -20 -21 22 -23 23 -25 25 27 -28 -29 -30 -31
leaf_value=-0.026468465657837188 0.057174790367692865 -0.017584105271195676 0.021844780787299553 0.05190548600689561 -0.054836305293496215 0.0031785476864687142 0.071293090330456749 -0.027801867828713796 -0.015569366612315106 0.055576298768895353 0.0023565018786356143 0.067975574633329025 -0.016195223714082389 -0.0040992345552516079 -0.0058452158847277997 0.017607718237145936 0.058332838348592257 0.062412453211872991 0.064302282470335481 0.055873986676393456 0.052791920002149523 0.019880639417171997 0.029078323192239131 0.00039300364325938088 0.062163104827774367 0.0060906398590530146 -0.013658989154104059 -0.0080156031597017393 -0.010450033564354479 -0.033217999327637242
leaf_weight=3186.7480677656131 931.99851433186996 2962.1251887698309 1688.7802502483028 1114.2634400872339 2308.6980339650363 7455.7283246251063 236.20957380044274 359.83570640844118 155.77596671611536 272.42660996884661 1798.9340100034678 139.76551725326863 1654.717391109094 14250.615366735477 2788.0744541231252 7074.1938348052972 60.457200935285073 491.55441240738946 174.24466102025326 30.266204767933232 45.286667743275757 865.05202380559058 741.18821778090205 19552.718833491206 70.493627679708879 4018.2707343889633 2290.6181451866578 2927.5494691146887 1378.5819823725033 893.37112333113328
leaf_count=539274 59760 249505 31893 38036 682445 257895 5567 44521 49339 9547 48330 5965 67630 490483 100808 152923 3233 14598 21419 1498 2925 41523 25082 206350 3068 83239 91537 66570 36935 42521
internal_value=-4.14675e-05 0.00269774 -0.00114289 0.0217492 -0.0378473 0.00246148 0.0189235 0.0155633 0.0341109 0.0141049 0.0157823 -0.00763786 -0.00613618 -0.00669944 -0.0136228 0.0144994 0.001325 0.00691611 0.0261378 -0.025523 -0.000106199 0.0143725 -0.000238837 0.00145447 -0.00343957 -0.00100398 -0.0121511 -0.00161284 0.00185738 -0.0220768
internal_weight=81918.5 76392.8 63584.1 12808.7 5525.71 40895.5 11876.7 9741.6 2135.09 9505.39 9145.55 22688.7 19726.5 19586.8 5336.16 8873.13 39032.4 7947.28 1863.02 3217.01 31085.2 1020.83 31024.7 20293.9 10730.8 8394.9 2335.9 8324.4 5396.85 2548.09
internal_count=3474419 2251202 1801656 449546 1223217 844744 389786 260888 128898 255321 210800 956912 707407 701442 210959 201253 791432 272493 53312 540772 518939 90862 515706 231432 284274 189812 94462 186744 120174 110151
cat_boundaries=0 2 4 6 8 10 11 13 14 15 16 18 20 22 23 24 25 27 29 31 32 33 35 37 39 41 43 44
cat_threshold=2708746369 2147200 2058 14404 143164020 132113 1074280566 20 560996352 2097408 5111832 0 12288 2147647488 30671241 6553601 8 2052 343951624 16 524384 1024 8421380 1074790400 355522337 1073743104 34 1140850944 32 2166130192 16 1073741824 163840 335693056 524296 1082138756 48 1082130566 48 147456 8 1280 524288 335545344
is_linear=0
shrinkage=0.05


Tree=41
num_leaves=31
num_cat=25
split_feature=15 15 15 17 15 17 17 15 4 15 17 17 15 17 15 17 15 15 5 17 15 17 6 17 15 4 17 5 15 17
split_gain=3083.15 2049.19 562.908 524.364 429.273 404.028 195.526 412.223 155.533 140.935 120.511 119.834 151.453 118.761 622.531 113.105 209.912 120.112 182.208 137.248 112.548 86.3171 74.0441 70.3722 62.7194 142.729 129.484 63.435 61.608 60.767
threshold=0 1 2 3 4 5 6 7 5.5000000000000009 8 9 10 11 12 13 14 15 16 1.5000000000000002 17 18 19 1.0000000180025095e-35 20 21 6.5000000000000009 22 1.5000000000000002 23 24
decision_type=9 9 9 9 9 9 9 9 2 9 9 9 9 9 9 9 9 9 2 9 9 9 2 9 9 2 9 2 9 9
left_child=4 3 10 -2 21 20 7 8 -5 -8 15 -9 -13 14 -7 16 -3 18 19 -18 -4 -1 -20 -11 25 26 27 -15 -17 -16
right_child=1 2 5 6 -6 13 9 11 -10 23 -12 12 -14 24 29 28 17 -19 22 -21 -22 -23 -24 -25 -26 -27 -28 -29 -30 -31
leaf_value=-0.025825401465465071 0.056457054071877434 0.0651980477536378 0.02085199920543869 0.0083608495833156164 -0.054376655933813189 0.0031363511487279777 0.014007933678890458 0.055258609978419131 0.025182256544443865 -0.014833865790669554 0.060510701651572567 0.018685256146744933 0.066143156985812218 -0.006080519094418319 -0.0062080097032284794 -0.04281512166311896 -0.025819157498268009 -0.0041120331501028444 0.016933331072248384 -0.0081733256999306468 0.062748291861053879 0.053009085405298778 -0.020756234493573732 0.053428576237820415 -0.00075332463291815678 0.025832411317815135 0.0620828737155803 0.04057422083870648 -0.014597252312226767 0.063457713299667859
leaf_weight=3068.876884450845 1006.311289322919 92.708526228088886 1709.1452053870671 3077.9253161468878 2145.37658817798 8703.0897821499966 2093.2076614258549 986.51438484003302 2482.4854992801193 705.34765868877003 55.508102008545393 788.68789205498251 215.41500967277534 1472.3119085617072 39.757131773978472 206.6223796273116 2192.9608056424186 14103.295502143912 627.36342571349815 2269.3890408605803 175.52776380717478 27.171095863086521 164.47783974185586 30.473512711119838 27884.855968622938 746.3472093547316 68.457857798784971 76.651143111143028 2681.2758422502229 494.77400119374579
leaf_count=539274 66555 2128 93068 63021 682445 246040 129087 18393 47770 48394 6017 26312 10341 22414 4479 20090 101239 488612 16042 82559 27196 1498 10810 3048 449417 20724 4292 1145 229415 12594
internal_value=-4.48516e-05 0.00254307 -0.000947076 0.0220718 -0.0370842 0.00250922 0.0186872 0.0229001 0.0158424 0.00740136 -0.00733067 0.0424366 0.0294185 0.00142659 0.00638545 -0.00752625 -0.0061478 -0.00652298 -0.0129743 -0.0169213 0.0250646 -0.0249651 0.00910462 -0.0113284 -8.94094e-05 0.00771283 -0.00060063 -0.00374759 -0.016757 0.0582573
internal_weight=80392.3 75150.9 63764.5 11386.4 5241.42 41370.9 10380.1 7551.03 5560.41 2829.03 22393.6 1990.62 1004.1 39486.2 9237.62 22338.1 19450.2 19357.5 5254.19 4462.35 1884.67 3096.05 791.841 735.821 30248.6 2363.77 1617.42 1548.96 2887.9 534.531
internal_count=3474419 2251202 1838281 412921 1223217 881369 346366 165837 110791 180529 956912 55046 36653 761105 263113 950895 701390 699262 210650 183798 120264 540772 26852 51442 497992 48575 27851 23559 249505 17073
cat_boundaries=0 2 4 6 8 10 11 13 15 17 19 20 22 23 24 25 27 28 29 31 33 34 36 38 39 40
cat_threshold=2708746369 2147200 10 14404 143164020 132113 1082669174 20 560996352 2097408 5116440 2467299976 32 0 64 2 12288 1419274600 16 1048584 0 8192 347129121 1073876224 1075322976 524384 1024 8421380 1074790400 1140850944 32 2166130192 16 6553857 1073874944 4194336 65536 20 512 32768
is_linear=0
shrinkage=0.05


Tree=42
num_leaves=31
num_cat=29
split_feature=15 15 15 17 17 15 17 15 17 15 17 15 17 16 17 15 4 17 15 17 17 15 17 15 17 17 15 15 15 17
split_gain=2807.61 1950.66 587.287 462.978 374.988 242.06 360.818 175.609 153.05 126.634 179.546 243.905 154.133 103.094 100.646 558.702 96.4842 91.2098 86.7325 77.6329 71.7902 64.4292 78.1826 55.3894 212.436 80.7087 111.697 83.1395 54.2159 81.6549
threshold=0 1 2 3 4 5 6 7 8 9 10 11 12 13 14 15 3.5000000000000004 16 17 18 19 20 21 22 23 24 25 26 27 28
decision_type=9 9 9 9 9 9 9 9 9 9 9 9 9 9 9 9 2 9 9 9 9 9 9 9 9 9 9 9 9 9
left_child=7 3 9 -2 13 6 -5 17 -7 12 21 -12 -3 -4 15 -6 -10 -1 -16 28 -18 22 -11 25 -25 27 -27 -20 -8 -30
right_child=1 2 4 5 14 8 19 -9 16 10 11 -13 -14 -15 18 -17 20 -19 23 -21 -22 -23 -24 24 -26 26 -28 -29 29 -31
leaf_value=-0.03338635268368443 0.056820956997515826 -0.021308451891310219 0.020854543044399491 0.055091323390837388 0.0029555639327061714 0.071150386299158749 0.012571970765466026 -0.053939792453779591 0.002693220630602389 -0.027340117076178467 0.065824911000356548 -0.0030134663552361021 -0.0059665158749352305 0.063397382999263216 0.057124165060620437 0.061109095966864813 0.019906709211963209 0.019080350591443043 0.051756677042456838 0.024560421460991133 0.009227514865064828 -0.010679095044825955 0.058342868339602151 0.028476475675402121 0.00033876165642731239 0.06061905739739222 -0.001428878154546499 -0.012972124909468148 -0.032410578023601776 0.051109899466611292
leaf_weight=1367.268049311795 815.03846457949112 3293.263868063048 1546.4202235666744 988.72184892995574 7142.7609418728825 106.41937016951852 329.94527996011311 2000.1106601249321 1752.4728492559916 977.40815418143757 120.07924876302059 12113.888351270365 3298.5066818402047 155.20880733466402 56.058365635151858 428.5937034114213 4197.5536830481142 85.668171707380679 41.412685826246161 866.75510816343012 2617.9918538192469 3658.2839251153782 19.181130931043299 684.74089321524662 19489.838245472925 63.175242806581082 8285.0438865039614 2202.7572182000149 175.80027036857791 26.308058525493834
leaf_count=294767 59760 258458 31261 43338 251245 2339 52468 682445 55301 73718 6004 444907 172985 22051 3240 14484 76711 14958 2925 48347 107021 231564 323 25141 212996 3089 186775 91537 3236 1025
internal_value=-3.82509e-05 0.00198193 -0.00149386 0.0205731 0.00218366 0.0178535 0.0319754 -0.0440599 0.0139343 -0.00777193 -0.00547018 -0.00228459 -0.013652 0.0250827 0.00116251 0.00632374 0.0131415 -0.0301835 -0.000106928 0.0153613 0.0158474 -0.0138197 -0.0251278 -0.000229731 0.00130741 -0.00315589 -0.000887365 -0.0115533 0.000198484 -0.0196418
internal_weight=78906.7 75453.6 63576.6 11877 40096 11062 2387.53 3453.05 8674.44 23480.6 16888.8 12234 6591.77 1701.63 38394.4 7571.35 8568.02 1452.94 30823 1398.81 6815.55 4654.87 996.589 30767 20174.6 10592.4 8348.22 2244.17 532.054 202.108
internal_count=3474419 2482249 2032703 449546 844744 389786 148414 992170 241372 1187959 756516 450911 431443 53312 791432 265729 239033 309725 525703 105076 183732 305605 74041 522463 238137 284326 189864 94462 56729 4261
cat_boundaries=0 2 4 6 8 9 11 12 13 14 16 18 20 21 22 23 25 27 28 29 30 32 33 35 37 39 41 43 45 46
cat_threshold=2708738177 49792 2058 14404 143172212 2229521 1074280566 20 5111832 0 14336 13893896 560988160 2147516416 8429568 2097408 344475976 16 134742112 1024 2148565504 589824 338745121 1073743104 34 2149352448 16 1073741824 246785 1048576 512 131072 264 335693056 524296 1082204292 48 1082130566 48 147456 8 1280 524288 0 12288 1
is_linear=0
shrinkage=0.05


Tree=43
num_leaves=31
num_cat=21
split_feature=16 16 17 16 17 16 6 17 4 17 16 17 17 5 17 16 4 16 17 16 16 17 17 4 16 4 14 0 0 16
split_gain=1593.96 689.954 461.66 341.092 686.271 308.303 163.145 203.338 120.907 109.006 259.56 125.791 99.0605 98.3479 92.1995 735.678 120.114 85.4958 81.6466 90.8617 65.0494 62.744 60.3227 56.3128 55.6172 53.8444 47.3831 43.5021 43.2245 42.5299
threshold=0 1 2 3 4 5 1.0000000180025095e-35 6 3.5000000000000004 7 8 9 10 1.5000000000000002 11 12 3.5000000000000004 13 14 15 16 17 18 5.5000000000000009 19 7.5000000000000009 1.0000000180025095e-35 63.500000000000007 74.500000000000014 20
decision_type=9 9 9 9 9 9 2 9 2 9 9 9 9 2 9 9 2 9 9 9 9 9 9 2 9 2 2 2 2 9
left_child=2 22 18 6 5 27 8 9 21 10 11 -8 28 -12 15 16 -6 -16 20 -20 -1 -3 -2 -21 -15 -14 -18 -5 -10 -11
right_child=1 3 -4 4 14 -7 7 -9 12 29 13 -13 25 24 17 -17 26 -19 19 23 -22 -23 -24 -25 -26 -27 -28 -29 -30 -31
leaf_value=0.050668357270068132 -0.038551281352780943 -0.013471827139095236 0.055186969327096574 0.0089212739051497784 -0.01709248276183703 0.071269089033670283 -0.0042218623577296322 0.060016314636764205 -0.0018770793286549672 -0.041827526632040722 -0.0066600865797483942 0.068327840889775934 0.0015421937370141195 -0.012747943181437037 0.05588753021759571 0.062115429011283897 0.0092582339665544054 -0.00022611254802678248 0.061759966483497235 0.0047006199331412722 -0.0081398089010563581 0.028091286378735481 0.022021524260478612 0.03165109108253629 -0.035418697599385873 0.010693397847520334 -0.0050308126082912723 0.027007833574683004 -0.014899740547779372 -0.016351775691209051
leaf_weight=42.655824692628812 1320.0844114396314 2048.0279006701312 1526.5837577480379 498.33564990367813 838.01830792271357 381.77074333162818 98.576447505038232 97.91820606672627 1621.0544011777965 177.221511139418 11523.459483177168 160.46341299870983 5610.0482437089704 754.34320766991004 58.00020975919324 530.3639374651757 1789.8680666952714 38722.212584877263 128.4821173415894 424.82129832085047 431.40417221089592 86.717537473767152 40.237728691250595 356.46658885363286 453.37778379663359 2252.9099769844324 858.42277703480795 998.78994110661006 1049.8647548231529 2463.3705827337835
leaf_count=10151 504205 119942 92770 10990 39718 32623 20473 16366 79067 20097 644380 4503 211994 43925 3406 12341 45957 871897 7749 15561 76956 6061 7014 13398 47939 59613 66867 20763 47303 320390
internal_value=-3.9419e-05 -0.00146091 0.0361958 -0.000801625 0.00192182 0.0314163 -0.00508542 -0.00848844 -0.000864419 -0.00895026 -0.00705482 0.0415886 0.0013345 -0.00807643 0.000619903 0.00782124 -0.000592442 -0.000127802 0.0149998 0.0237365 -0.00191084 -0.011715 -0.0366119 0.0167821 -0.0216574 0.00415893 0.00462655 0.0208483 -0.00696983 -0.0182129
internal_weight=77343.9 74433.5 2910.41 73073.1 44675.8 1878.9 28397.4 15728.7 12668.6 15630.8 12990.2 259.04 10533.9 12731.2 42796.9 4016.67 3486.31 38780.2 1383.83 909.77 474.06 2134.75 1360.32 781.288 1207.72 7862.96 2648.29 1497.13 2670.92 2640.59
internal_count=3474419 3257834 216585 2746615 1104562 64376 1642053 1118073 523980 1101707 761220 24976 397977 736244 1040186 164883 152542 875303 123815 36708 87107 126003 511219 28959 91864 271607 112824 31753 126370 340487
cat_boundaries=0 1 3 5 6 7 8 10 11 12 13 14 15 16 17 18 19 20 21 22 23 24
cat_threshold=25165832 33695745 1 2539898497 32 3289699522 2152366616 589824 3248014632 16 1092091936 3221225602 16777216 526656 353391617 589824 524288 4325377 25165824 8 336595304 2149323540 299008 16384
is_linear=0
shrinkage=0.05


Tree=44
num_leaves=31
num_cat=12
split_feature=15 15 15 15 15 15 15 4 15 5 6 3 4 15 4 6 4 15 15 4 1 1 4 1 4 3 1 4 15 4
split_gain=2474.95 1655.37 505.469 336.238 176.731 114.164 102.933 183.585 129.816 91.8087 157.96 65.9825 63.4544 62.6418 62.5848 51.7497 50.0227 64.6916 49.9361 118.6 47.9423 45.7907 44.4161 41.148 39.8979 38.8558 44.1887 34.4184 34.1916 34.157
threshold=0 1 2 3 4 5 6 6.5000000000000009 7 1.5000000000000002 1.0000000180025095e-35 1.0000000180025095e-35 7.5000000000000009 8 2.5000000000000004 1.0000000180025095e-35 8.5000000000000018 9 10 3.5000000000000004 1722.5000000000002 5256.5000000000009 7.5000000000000009 3540.5000000000005 1.5000000000000002 1.0000000180025095e-35 3660.5000000000005 7.5000000000000009 11 7.5000000000000009
decision_type=9 9 9 9 9 9 9 2 9 2 2 2 2 9 2 2 2 9 9 2 2 2 2 2 2 2 2 2 9 2
left_child=4 3 5 -2 -1 9 -4 18 15 12 21 13 -3 27 -5 -9 17 -13 19 24 -20 -11 23 -15 -8 -16 -27 -7 -18 -10
right_child=1 2 6 14 -6 11 7 8 29 10 -12 16 -14 22 25 -17 28 -19 20 -21 -22 -23 -24 -25 -26 26 -28 -29 -30 -31
leaf_value=-0.02876652251848888 0.035278590957786758 -0.019163489369579251 0.00044498291836599389 0.00031094851357438128 -0.053640984589791378 -0.0057020450354803784 -0.034284298813220253 0.0045910122172193842 0.012073339744545247 0.026696073002953076 -0.025956429464759453 -0.01646559417398585 -0.0075919330317413512 -0.014276071551512974 0.01951202744693745 -0.026990021022268215 -0.022618790311876146 0.00145557482493395 0.023537090098705037 0.0039310465371290284 0.0041209189419584534 -0.0031361565918168913 -0.017878011732583243 -0.0050168913327872508 -0.0096490860011116883 0.0024053402657159997 0.0158529457601576 0.008842807210716468 -0.0047446956332580529 0.023331610424281449
leaf_weight=1327.9291470427634 2764.7012363062149 3638.012260620184 27767.566019002646 672.75122996325081 1830.2566802282327 912.80166576150805 183.74746867822978 1279.3198328741128 989.70904739006801 402.31254732917296 331.53996209730394 538.15188918547938 1756.8475140414957 1781.7366484189806 3978.5852328491637 144.35315802844707 410.10867054463597 6180.7313904611583 359.70113699759713 3240.8776175202856 2737.7924802604612 189.08779517898802 1452.9504316629755 3674.3714643161366 1557.1176403940117 860.5793391881889 2105.4581518618579 733.63592704237089 787.28105490417511 2110.1070783053874
leaf_count=309725 216585 308676 400664 22924 682445 42095 10666 42842 33988 12827 30061 22151 73184 96145 94919 15024 23683 287031 21148 111806 124287 6695 73906 167283 51573 24373 54120 19350 24872 69371
internal_value=-3.54535e-05 0.00182839 -0.00121408 0.0203207 -0.0433058 -0.00716577 0.00214667 0.00589268 0.0139624 -0.0128818 0.00167027 -0.00496689 -0.0153952 -0.00801396 0.0148527 0.00137917 -0.00168006 -2.16908e-06 0.00138183 -0.00171971 0.00635513 0.0171578 -0.0100947 -0.00804055 -0.0122493 0.0162828 0.0119512 0.000774291 -0.0110951 0.0196736
internal_weight=76700.1 73541.9 63159.9 10382.1 3158.19 22789.6 40370.3 12602.7 4523.49 6317.8 922.94 16471.8 5394.86 8555.5 7617.37 1423.67 7916.27 6718.88 8079.24 4981.74 3097.49 591.4 6909.06 5456.11 1740.87 6944.62 2966.04 1646.44 1197.39 3099.82
internal_count=3474419 2482249 2069328 412921 992170 1187959 881369 480705 161225 431443 49583 756516 381860 398779 196336 57866 357737 309182 319480 174045 145435 19522 337334 263428 62239 173412 78493 61445 48555 103359
cat_boundaries=0 2 4 6 8 9 11 13 15 16 17 19 21
cat_threshold=2708738177 49792 10 14404 143172212 2229521 0 14340 560988160 8429568 2097408 369246464 1114120 1024 262146 134217812 20 1073741824 4718624 512 132097
is_linear=0
shrinkage=0.05


Tree=45
num_leaves=31
num_cat=23
split_feature=15 15 17 15 17 15 17 15 15 17 15 17 15 15 5 15 17 15 0 17 6 15 0 17 15 17 0 15 5 0
split_gain=2252.71 1450.22 471.086 412.149 317.676 176.821 154.572 338.198 117.465 142.123 194.17 134.688 109.383 95.4011 93.5365 90.0494 76.4373 484.058 72.9614 68.4978 68.3687 60.7085 59.3792 58.9601 52.9607 51.3809 48.8888 43.1889 136.35 67.4312
threshold=0 1 2 3 4 5 6 7 8 9 10 11 12 13 1.0000000180025095e-35 14 15 16 61.500000000000007 17 1.0000000180025095e-35 18 70.500000000000014 19 20 21 76.500000000000014 22 1.0000000180025095e-35 75.500000000000014
decision_type=9 9 9 9 9 9 9 9 9 9 9 9 9 9 2 9 9 9 2 9 2 9 2 9 9 9 2 9 2 2
left_child=5 2 -2 8 15 19 7 13 11 24 -11 14 -8 -4 -3 -5 17 -6 -15 -1 22 -18 -16 -14 25 26 -10 28 29 -23
right_child=1 3 6 4 16 -7 12 -9 9 10 -12 -13 23 18 20 -17 21 -19 -20 -21 -22 27 -24 -25 -26 -27 -28 -29 -30 -31
leaf_value=-0.029464656727723432 0.055910577936484879 -0.022914478533032079 0.03006794324485745 0.019926565232396155 0.0023557561953715944 -0.053217229792655453 0.011729354202382095 0.05934923101216695 -0.032296633937709783 0.065267909142990535 -0.0022704260539951563 -0.0044691967721058566 -0.014567402505253414 0.0059291455041875739 0.02548796195095129 0.062117304106032556 0.052649739635128312 0.056143708130650311 0.018373777952021806 0.048463006400881845 -0.033272304748614701 -0.0031782736503089635 -0.018228436169452824 0.050775756629217107 -0.0093273200924146159 0.051637720665983315 -0.0061174281884248741 -0.00085942121202609825 0.04219367757229571 0.020987371258232881
leaf_weight=1262.553647844732 798.02941042443854 2817.5621880569743 1118.4312849580638 1402.0050548310974 8350.1612357624799 1717.3162096575034 1954.8466047035545 499.7980809066612 651.02796253806446 97.377103957232976 12078.701792871665 2818.2282107973806 662.91801147027581 1853.0814335481009 246.68178009078838 136.7947997131887 44.130225606553722 430.50543773132085 3232.0172767739095 21.504629893541278 110.28488058841322 1365.9940478282224 113.3759137711022 27.056219600490294 3192.3155935044051 14.420703892828895 245.61618025810458 27711.938176830827 239.30018155305879 366.02227878692793
leaf_count=308541 66521 255089 36433 32862 307515 681957 129370 18341 53003 5688 460202 145078 48597 42138 8004 25713 3792 17470 68644 1432 18039 16415 5514 3019 216825 225 20577 467863 4244 6739
internal_value=-9.41316e-05 0.00166386 0.0191863 -0.00118642 0.00185096 -0.0424695 0.0159949 0.0200433 -0.00661855 -0.00439393 -0.00167718 -0.0125327 0.00569729 0.0167861 -0.0194098 0.024054 0.000957695 0.00505378 0.0138116 -0.0277952 0.00117216 -0.000253472 0.0117224 -0.0113163 -0.0124318 -0.0230901 -0.0248483 -0.000349828 0.006782 0.00192859
internal_weight=75580 72578.6 10146.2 62432.4 40046.9 3001.37 9348.15 6703.33 22385.6 16279.5 12176.1 6106.13 2644.82 6203.53 3287.9 1538.8 38508.1 8780.67 5085.1 1284.06 470.343 29727.4 360.058 689.974 4103.38 911.065 896.644 29683.3 1971.32 1732.02
internal_count=3475850 2483920 413063 2070857 882613 991930 346542 165556 1188244 756520 465890 431724 180986 147215 286646 58575 824038 324985 110782 309973 31557 499053 13518 51616 290630 73805 73580 495261 27398 23154
cat_boundaries=0 2 4 6 8 9 10 12 14 16 18 20 21 23 25 27 28 30 32 33 34 36 37 39
cat_threshold=2708738177 49792 10 14404 1082669174 20 143172212 2229521 5128729 560988160 2467299976 32 0 8256 8429568 2097408 344475912 16 524384 1024 2165342752 2 12288 0 8192 1073742080 65568 280006944 1073876224 32 2166129664 16 1073743872 6553857 512 131072 264 0 4194336
is_linear=0
shrinkage=0.05


Tree=46
num_leaves=31
num_cat=24
split_feature=16 16 17 16 17 17 16 17 17 16 17 3 17 17 16 16 4 16 17 4 17 16 16 17 0 17 0 16 16 4
split_gain=1213.72 528.972 456.214 236.986 577.026 179.673 113.934 247.627 71.0484 269.264 134.167 67.0002 62.547 57.1749 92.742 56.7209 55.9335 59.952 132.091 55.3981 44.9334 215.128 143.812 41.3395 40.8755 40.3364 38.003 33.4826 30.736 103.197
threshold=0 1 2 3 4 5 6 7 8 9 10 1.0000000180025095e-35 11 12 13 14 3.5000000000000004 15 16 5.5000000000000009 17 18 19 20 75.500000000000014 21 64.500000000000014 22 23 4.5000000000000009
decision_type=9 9 9 9 9 9 9 9 9 9 9 2 9 9 9 9 2 9 9 2 9 9 9 9 2 9 2 9 9 2
left_child=2 23 13 5 -5 8 7 16 -3 10 -10 -11 -9 15 -15 -1 17 25 -19 -16 22 -22 -8 -2 -18 -6 -14 -24 29 -13
right_child=1 3 -4 4 6 -7 20 12 9 11 -12 28 26 14 19 -17 24 18 -20 -21 21 -23 27 -25 -26 -27 -28 -29 -30 -31
leaf_value=0.04891485937843814 -0.03625490670717714 -0.015662250770187579 0.054691874687748554 0.07464543436655291 -0.018317058848056993 0.063720725591950897 0.052447016375127803 0.060285253475318192 -0.0090588916051392351 -0.010949221765146067 0.066685640619748771 0.01483541506152216 0.010149259700086538 0.060928440993538939 0.00015466698720617743 -0.008320482392615066 0.0064352333688740705 0.052081491675803671 -0.0074942050979858428 0.028620903337763921 0.060032978674111427 -0.00037523699506275895 -0.0032166192193286954 0.016673314830951632 -0.0029271127581831547 0.045562511810603529 0.02724486894439487 -0.012755195511403051 -0.0056886869295072473 -0.0087191091376194029
leaf_weight=38.353754762734752 1135.946817101445 2097.9525385117013 1288.9179682790273 252.31267144078629 760.3772885017097 80.027973569474852 93.452508806476544 106.5994265164336 87.576500309864059 5224.3218217088724 183.26743995463767 864.40400846884586 514.52949896248174 110.4547503423637 384.28280296419689 406.34549601923209 4165.9294886591088 108.37612690473907 428.16322841682995 307.81725532799828 137.87216929277929 44485.020219755941 2145.4172369825319 37.234426754592278 1618.8589768466481 16.934920968487859 882.88078548148042 1631.7381818675385 3741.5026374114677 1006.3958604324143
leaf_count=10161 504804 296964 92740 31014 30532 16145 11312 8236 21967 278143 6605 23409 15284 7746 15502 76923 155303 2974 30384 13372 4842 1198190 104863 7040 71399 459 22135 160195 220390 36817
internal_value=-9.00032e-05 -0.00129274 0.033835 -0.000737252 0.000657035 -0.00675185 0.00031706 0.00561652 -0.00722682 -0.00562091 0.0427434 -0.00686799 0.0239796 0.0120179 0.0199477 -0.00241693 0.00169763 -0.00761296 0.0052723 0.0126327 -0.000624018 -0.000175184 -0.00578468 -0.0344483 0.0038152 -0.0163643 0.0208014 -0.0073601 -0.00308113 0.00215276
internal_weight=74343.3 71807.1 2536.17 70633.9 57348.5 13285.4 57096.2 8602.65 13205.4 11107.5 270.844 10836.6 1504.01 1247.25 802.555 444.699 7098.64 1313.85 536.539 692.1 48493.5 44622.9 3870.61 1173.18 5784.79 777.312 1397.41 3777.16 5612.3 1870.8
internal_count=3475850 3259406 216444 2747562 1847122 900440 1816108 336706 884295 587331 28572 558759 45655 123704 36620 87084 291051 64349 33358 28874 1479402 1203032 276370 511844 226702 30991 37419 265058 280616 60226
cat_boundaries=0 1 3 5 6 7 9 10 11 12 13 14 16 17 18 19 20 21 23 25 26 27 28 29 30
cat_threshold=25165832 33695745 1 2539898497 32 3222574210 2168619536 3583560736 16 671612964 280298816 2491465728 3221225474 16778240 1073748008 20 4325377 25165824 8 524288 1048576 1115689352 48 4259840 2 335545088 2149323540 1376256 2097152 1048576
is_linear=0
shrinkage=0.05


Tree=47
num_leaves=31
num_cat=10
split_feature=6 17 17 17 17 17 5 3 7 17 0 7 4 4 3 5 17 0 17 7 0 0 17 3 17 3 0 0 3 0
split_gain=153.94 441.066 208.822 91.4022 63.2606 61.8649 47.0089 42.5279 39.4869 34.9996 48.1908 29.2936 28.0056 25.4291 23.0485 22.4541 64.3421 22.0605 21.8567 31.1789 18.8485 18.2411 45.2941 18.7794 22.8367 17.496 14.8722 14.0101 13.2424 12.4601
threshold=1.0000000180025095e-35 0 1 2 3 4 1.5000000000000002 1.0000000180025095e-35 1.0000000180025095e-35 5 74.500000000000014 1.0000000180025095e-35 6.5000000000000009 9.5000000000000018 1.0000000180025095e-35 1.5000000000000002 6 79.500000000000014 7 1.0000000180025095e-35 74.500000000000014 72.500000000000014 8 1.0000000180025095e-35 9 1.0000000180025095e-35 76.500000000000014 43.500000000000007 1.0000000180025095e-35 41.500000000000007
decision_type=2 9 9 9 9 9 2 2 2 9 2 2 2 2 2 2 9 2 9 2 2 2 9 2 9 2 2 2 2 2
left_child=1 5 -2 7 -4 8 9 -3 12 -6 11 14 -1 26 27 21 17 25 19 20 28 23 -23 24 29 -17 -9 -11 -8 -5
right_child=2 3 4 15 6 -7 18 13 -10 10 -12 -13 -14 -15 -16 16 -18 -19 -20 -21 -22 22 -24 -25 -26 -27 -28 -29 -30 -31
leaf_value=0.017090628132146315 0.057401714064070644 0.0091452495646967905 -0.010028718897551123 0.027260209369383212 -0.002433266856084785 0.053608434946613083 -0.017317941822200856 -0.0010172082497409459 0.086602187645997197 -0.020060045371981777 0.0071580237738486339 0.066598119324328811 0.038199109368671325 0.020106162119225692 0.0023216414651818116 0.025533682013122391 -0.00017609812547684324 -0.0015264719823240935 -0.0018196018716146213 0.067407848754081387 -0.0041634661944813618 -0.0089788372815079575 0.00017264069250765501 -0.0012341805208421844 0.00068476415469415032 0.0091012623213999888 0.0063178809489155621 -0.004131398535624684 -0.0081405484766930592 0.006477318382417413
leaf_weight=517.64865743552218 134.86582266234291 4463.6356895954232 2748.3643782644212 76.065152038936503 21521.297295032666 298.14999877495575 994.79225839435821 2573.3260614466562 25.645534245646559 147.32632164636743 2525.600804014015 15.69836516791838 225.6230047091376 182.26677148870658 1861.0689301914244 440.10964181675809 2713.1655656199327 152.21839261666173 1159.3517518823501 12.849852311308494 758.35910531954141 2082.2000445414506 3829.9649872182035 11573.881281139718 7331.1989170230045 256.32897041708929 944.74515831438475 2191.5444385878 649.83413364319131 1390.114602912101
leaf_count=18436 27999 174487 499170 3042 1156763 40818 65652 114778 1097 8682 138610 1676 9359 5611 87476 13101 60890 6090 47253 269 47349 111065 105823 285937 196591 8496 43127 105870 42945 47388
internal_value=-8.99902e-05 0.00206262 -0.00251262 0.00116766 -0.00276205 0.0336153 -0.0021318 0.00585235 0.0252742 -0.00144914 0.00169376 -0.00157587 0.0234982 0.00189601 -0.00183069 -0.000115338 0.00361013 0.0155338 -0.00753436 -0.010227 -0.0106847 -0.000620242 -0.00306531 8.9366e-05 0.00183063 0.0194856 0.000952561 -0.00513475 -0.0136917 0.00750435
internal_weight=73797.2 39076.3 34721 38009.2 34586.1 1067.07 31837.7 8163.97 768.917 28262.5 6741.24 4215.64 743.272 3700.34 4199.94 29845.2 3561.82 848.657 3575.19 2415.84 2402.99 26283.4 5912.17 20371.3 8797.38 696.439 3518.07 2338.87 1644.63 1466.18
internal_count=3475850 1246136 2229714 1176426 2201715 69710 1702545 338003 28892 1499077 342314 203704 27795 163516 202028 838423 88577 27687 203468 156215 155946 749846 216888 532958 247021 21597 157905 114552 108597 50430
cat_boundaries=0 2 3 4 6 7 9 10 11 13 14
cat_threshold=3246657664 20 37882452 3261448 3223687304 16 2164260992 26232064 4 532514 1581088 4727408 32 532514
is_linear=0
shrinkage=0.05


Tree=48
num_leaves=31
num_cat=19
split_feature=15 15 17 15 17 15 15 17 17 16 4 4 15 17 15 17 17 16 17 6 4 17 0 4 0 6 15 0 13 0
split_gain=1996.14 1202.53 388.07 326.382 295.179 176.864 141.946 351.38 129.57 100.961 76.9111 58.6682 56.8127 55.5362 55.3397 251.56 150.315 131.341 49.6859 103.371 72.06 44.9809 85.3925 72.1832 49.7695 46.0736 42.5672 42.2293 41.9108 40.2042
threshold=0 1 2 3 4 5 6 7 8 9 4.5000000000000009 1.5000000000000002 10 11 12 13 14 15 16 1.0000000180025095e-35 5.5000000000000009 17 55.500000000000007 7.5000000000000009 22.500000000000004 1.0000000180025095e-35 18 63.500000000000007 1.0000000180025095e-35 76.500000000000014
decision_type=9 9 9 9 9 9 9 9 9 9 2 2 9 9 9 9 9 9 9 2 2 9 2 2 2 2 9 2 2 2
left_child=5 2 -2 10 9 13 7 -4 -8 27 12 -10 -3 -1 15 21 17 -16 19 20 -13 22 -6 24 -23 -25 -20 -5 -24 -19
right_child=1 3 6 4 14 -7 8 -9 11 -11 -12 18 -14 -15 16 -17 -18 29 26 -21 -22 23 28 25 -26 -27 -28 -29 -30 -31
leaf_value=-0.027976860075732447 0.056054258486205537 -0.023640745202309899 0.053982269199380845 0.0062741368828252882 0.014038460810689893 -0.052904953356134571 0.069909136230526053 0.0095673042768495056 -0.018254894465419582 0.062904407138563864 -0.0061807128228938794 0.0081344065929529804 -0.0097915142090832449 0.045626969089809184 0.061234489723527755 0.061362688324115934 -0.00021077395339523755 -0.029642728616310496 0.009044542233118796 0.059952628227837895 0.020456279581939685 -0.090744351862870012 -0.0058116844580248742 0.0080489383857885941 0.0021767576645436966 0.030168491280676391 -0.0077361352955692356 0.024657776189726317 -0.030012097609641332 -0.0067164926017951642
leaf_weight=1158.4358333550044 600.02176306646288 1242.0525759074517 737.07155134293134 483.99509653989298 541.99933408765355 1581.7781096943472 85.691772786260117 1139.5936474835544 166.20254400014528 133.81578173091111 8509.2700457355768 2658.3361736844527 1954.5895956061904 18.902943820423388 39.300380961183691 178.61004910041083 40647.432510140563 723.14914829484769 2262.875886040958 123.55619840574218 2143.0950506418012 14.497593454201704 1375.6513592098199 530.22749918251066 2394.6054532362032 423.40979651926318 447.29121750667946 881.02780962098404 205.64872156485217 259.97045660327422
leaf_count=308541 59646 124351 45874 39601 30925 681957 2338 102393 9868 28179 431129 59060 132476 1432 1584 12154 934961 65511 80496 2987 47598 216 49688 15906 52254 9361 39511 53242 29197 23414
internal_value=-9.38882e-05 0.0015324 0.0172617 -0.0011627 0.000635268 -0.0417402 0.0148228 0.0272052 0.0118457 0.0224063 -0.00865738 0.0111193 -0.0152772 -0.0264208 -5.86951e-05 0.00457367 -0.00068937 -0.0195302 0.0117733 0.0147662 0.0136342 0.00261649 -0.00307409 0.0062081 0.00161757 0.0178699 0.00625677 0.0180076 -0.00895896 -0.0233428
internal_weight=73662.1 70903 10363.7 60539.3 48833.3 2759.12 9763.71 1876.67 7887.05 1498.84 11705.9 7801.36 3196.64 1177.34 47334.5 5664.65 41669.9 1022.42 7635.15 4924.99 4801.43 5486.04 2123.3 3362.74 2409.1 953.637 2710.17 1365.02 1581.3 983.12
internal_count=3475850 2483920 449771 2034149 1346193 991930 390125 148267 241858 121022 687956 239520 256827 309973 1225171 199701 1025470 90509 229652 109645 106658 187547 109810 77737 52470 25267 120007 92843 78885 88925
cat_boundaries=0 2 4 6 8 9 10 12 14 15 16 18 20 22 24 26 27 28 29 30
cat_threshold=2708738177 49792 2058 14404 1074280566 20 8953888 2097424 5116432 560988160 0 14336 30671240 32 2147516416 1687616 8421376 2097152 2166129664 16 1024 4456482 2197856704 36 33554824 32 3494379776 1048584 2164301888 2050
is_linear=0
shrinkage=0.05


Tree=49
num_leaves=31
num_cat=21
split_feature=15 15 17 15 17 15 15 17 17 17 16 15 17 5 3 6 1 1 17 6 3 1 17 15 17 17 15 15 15 5
split_gain=1823.44 1085.21 361.553 301.581 264.66 172.399 135.803 326.199 118.939 110.943 109.898 89.9393 120.962 98.6604 83.0493 54.5105 55.6475 52.8531 54.5862 86.2813 59.5826 52.6368 50.4328 43.3873 226.718 57.5082 465.682 174.581 61.2435 43.2382
threshold=0 1 2 3 4 5 6 7 8 9 10 11 12 1.0000000180025095e-35 1.0000000180025095e-35 1.0000000180025095e-35 4970.5000000000009 2256.5000000000005 13 1.0000000180025095e-35 1.0000000180025095e-35 4830.5000000000009 14 15 16 17 18 19 20 1.5000000000000002
decision_type=9 9 9 9 9 9 9 9 9 9 9 9 9 2 2 2 2 2 9 2 2 2 9 9 9 9 9 9 9 2
left_child=5 2 -2 9 10 22 7 -4 -8 -3 -5 14 13 -13 -11 16 -15 -10 19 20 -19 -22 -1 24 -6 26 -25 -27 -29 -30
right_child=1 3 6 4 23 -7 8 -9 17 11 -12 12 -14 15 -16 -17 -18 18 -20 -21 21 -23 -24 25 -26 27 -28 28 29 -31
leaf_value=-0.027225740488852769 0.055495277145557645 0.065317545202102784 0.053717789772420976 0.017219715505058252 0.0026705395474180666 -0.052497039159243454 0.068665792411640739 0.0098244524426167722 -0.0020011763608502797 -0.0085269855125964574 0.064002655509031212 -0.023123193544922926 -0.0047431128356660223 0.025122198785166555 1.3750684508588677e-05 -0.034578824914110483 -0.01770605167044222 0.019835496407074164 0.0061370818403382946 0.058656755081669891 -0.00045612069428943147 0.015935958972808056 0.044411410055831664 0.062947290464383507 0.060387039698579441 0.047903282549643211 1.4173253897910586e-05 -0.037526320036951222 -0.0039455373674482479 -0.019345688849808904
leaf_weight=1121.2173056437605 557.35683597477509 43.504981285313988 684.23376162292698 1345.5263762669165 5425.3323430322926 1478.0745372380461 80.208530405710917 1124.2032727217393 741.87242296714248 5779.5407764763841 133.66070527719785 2467.1058312828609 2916.3583727133082 236.77755556459306 5608.3492401374497 79.084040495683439 111.58869641192723 2275.6073397401487 2539.3212627117191 112.71041253814474 955.88101235334761 1004.2533418203238 17.815924092108617 286.8842175216414 165.77524541778257 143.24960491652018 29737.761500901644 142.5616705865832 5025.200646702513 501.24491523533652
leaf_count=308541 59646 1986 45700 99389 183363 681957 2338 102567 28956 253683 26797 230278 172480 8002 231014 15089 5514 46540 115870 2855 22397 22902 1432 7791 11929 15280 551138 20144 180047 20225
internal_value=-9.08946e-05 0.0014389 0.016617 -0.00110592 0.00113866 -0.040989 0.0142846 0.0266359 0.0113567 -0.00668894 0.0218485 -0.00690893 -0.0119723 -0.0192144 -0.00431702 0.00289611 0.0114035 0.0106651 0.0120448 0.0154451 0.0143317 0.00794218 -0.0257285 0.00039412 0.00448658 -0.000245441 0.000636255 -0.00479332 -0.00620692 -0.00533267
internal_weight=72842.3 70225.2 10075.6 60149.5 42907.2 2617.11 9518.29 1808.44 7709.85 17242.3 1479.19 17198.8 5810.91 2894.56 11387.9 427.45 348.366 7629.65 6887.77 4348.45 4235.74 1960.13 1139.03 41428 5591.11 35836.9 30024.6 5812.26 5669.01 5526.45
internal_count=3475850 2483920 449771 2034149 1116103 991930 390125 148267 241858 918046 126186 916060 431363 258883 484697 28605 13516 239520 210564 94694 91839 45299 309973 989917 195292 794625 558929 235696 220416 200272
cat_boundaries=0 2 4 6 8 9 10 12 13 14 16 17 19 20 21 23 25 27 28 30 32 33
cat_threshold=2708738177 49792 2058 14404 1074280566 20 8953888 2228497 342807057 560988160 0 14336 30671240 2147516416 1082527822 20 639042 524320 131089 2148565504 1048576 2166129664 16 1024 4456482 2197823936 36 2165319718 167919680 1024 1409286144 1572864 512
is_linear=0
shrinkage=0.05


Tree=50
num_leaves=31
num_cat=23
split_feature=16 17 16 16 17 17 16 17 3 17 16 16 4 17 17 16 4 16 6 16 17 17 16 17 17 4 0 5 17 16
split_gain=874.85 420.12 398.914 180.819 531.661 147.667 79.9459 179.827 72.6064 76.5307 58.7239 56.882 48.7187 42.8899 41.6961 87.8664 50.1301 47.7785 41.0455 48.5446 61.0753 40.6294 40.6204 63.4307 40.1452 32.5822 31.1497 33.8657 28.277 139.534
threshold=0 1 2 3 4 5 6 7 1.0000000180025095e-35 8 9 10 2.5000000000000004 11 12 13 4.5000000000000009 14 1.0000000180025095e-35 15 16 17 18 19 20 6.5000000000000009 69.500000000000014 1.5000000000000002 21 22
decision_type=9 9 9 9 9 9 9 9 2 9 9 9 2 9 9 9 2 9 2 9 9 9 9 9 9 2 2 2 9 9
left_child=1 14 24 5 -5 8 7 12 28 11 26 13 22 -10 17 -16 -17 -1 21 20 -20 -14 -6 -24 -2 -21 27 -9 -4 -30
right_child=2 -3 3 4 6 -7 -8 10 9 -11 -12 -13 18 -15 15 16 -18 -19 19 25 -22 -23 23 -25 -26 -27 -28 -29 29 -31
leaf_value=0.047222691756573995 -0.034684834228425068 0.054031527199102342 -0.019566504971133613 0.076052831317185168 -0.023742406364538688 0.063388934833004534 -0.00043158088405073793 0.016482602288954117 -0.00109081463265228 -0.0094890049914972963 0.055835337144068124 0.00043146493676529869 -0.0080280282823019557 0.058696040509485382 0.059132985377931616 -0.0061520632398418722 0.022477999868265458 -0.0075218721933602685 0.0094977312004578419 -0.0017860683326140004 0.051486395086986242 0.043558748779762319 0.047553565520207175 -0.011223213301624594 0.016888239020413403 0.0081315341096819416 0.026109294624991682 -0.011108546110665696 0.047358613164246097 -0.010102266534847254
leaf_weight=34.178928231995087 941.40881318201718 1037.8204029689332 726.13714131262896 222.92563150372553 321.45617237460101 66.562992024533742 47552.878202820248 508.52374556925497 57.423997237463482 2556.1286931463037 108.65800126929025 3974.7050449924427 1018.3291993708699 68.406026743716211 98.986512654859325 270.69678167420352 351.3383289286794 400.86471973374137 1421.1366771693574 2470.247611916071 84.08840713644895 29.947084153463948 51.789845613995567 169.9014558756171 37.998335862792374 1245.7982390839643 619.93453121335187 142.34519827182521 98.317383850790065 5265.8950548525827
leaf_count=10163 463392 92701 127359 31098 14718 13504 1418699 43958 12823 255798 13324 214982 62867 3785 7788 11674 17200 76877 38398 102212 5004 1836 1642 14333 6968 49908 38461 10519 19181 294225
internal_value=-3.10422e-05 0.0309852 -0.00101076 -0.000557229 0.000669704 -0.00591265 0.000354659 0.00491349 -0.00632394 -0.00271941 0.0213118 0.00151996 0.00156673 0.03334 0.0100102 0.0173411 0.00986027 -0.00225646 0.00281354 0.00462628 0.0121677 -0.00621536 -0.0127964 0.00396759 -0.0325335 0.00153466 0.017947 0.0104484 -0.010274 -0.00896294
internal_weight=71954.8 2193.89 69760.9 68781.5 55968 12813.6 55745 8192.16 12747 6656.66 1379.46 4100.54 6812.69 125.83 1156.07 721.022 622.035 435.044 6269.55 5221.27 1505.23 1048.28 543.147 221.691 979.407 3716.05 1270.8 650.869 6090.35 5364.21
internal_count=3475397 216403 3258994 2788634 1846977 941657 1815879 397180 928153 487388 106262 231590 290918 16608 123702 36662 28874 87040 260225 195522 43402 64703 30693 15975 470360 152120 92938 54477 440765 313406
cat_boundaries=0 1 3 5 6 7 9 10 11 12 13 14 15 16 17 18 19 20 21 22 23 24 26 27
cat_threshold=25165832 2539898497 32 33564673 1 3222705282 2151842320 3583561264 16 671678500 347407680 1091569712 589824 3221225602 16777216 4325377 25165824 8 65568 256 320 524288 1048576 2149323028 2147518976 16 1073742978
is_linear=0
shrinkage=0.05


Tree=51
num_leaves=31
num_cat=23
split_feature=15 15 17 15 17 15 17 17 17 15 15 17 17 15 15 15 17 5 17 0 15 17 6 0 0 5 15 17 0 15
split_gain=1606.18 934.331 325.497 314.948 166.59 100.697 218.087 178.194 144.843 110.583 100.29 226.213 150.569 419.502 121.638 99.8691 97.1667 87.0773 54.9555 54.6131 70.2275 59.2948 53.0157 55.1564 51.1478 49.4988 42.2389 202.941 61.2439 206.04
threshold=0 1 2 3 4 5 6 7 8 9 10 11 12 13 14 15 16 1.0000000180025095e-35 17 61.500000000000007 18 19 1.0000000180025095e-35 72.500000000000014 47.500000000000007 1.0000000180025095e-35 20 21 74.500000000000014 22
decision_type=9 9 9 9 9 9 9 9 9 9 9 9 9 9 9 9 9 2 9 2 9 9 2 2 2 2 9 9 2 9
left_child=15 2 -2 4 17 6 -4 -7 -9 -10 11 16 14 -14 -12 -1 -5 -3 -6 -13 25 -22 23 -19 -11 -21 -15 -28 -29 -30
right_child=1 3 5 10 18 7 -8 8 9 24 12 19 13 26 -16 -17 -18 22 -20 20 21 -23 -24 -25 -26 -27 27 28 29 -31
leaf_value=-0.026561310757065495 0.05497719998672488 -0.023424572812641029 0.0066454718917727225 0.017916223816812221 -0.004094161750240884 0.0657606285178651 0.04721534486472917 -0.025559032166550789 0.05270606217992433 -0.0020720381400264084 0.048235117839679008 0.0059438506298161312 0.064907475553187169 -0.0032040986578132182 -0.012927942522779505 -0.051999957707361322 0.058638759877404446 0.021953600204324807 0.057302009866193528 0.0067141594788217313 -0.0057721234214342717 0.0076184584051452288 -0.031662587218681371 -0.022232878769065462 0.012014461671308638 0.040034339025747129 0.072168387107341567 -0.00088749508268674078 -0.0088557204852231629 0.013151355644811433
leaf_weight=649.67557637568098 491.92945207712 2665.8518057788315 702.16285633305961 1185.5713731003925 2941.6970146796957 138.1116918605403 639.09944387467658 264.36259612610229 151.03455433077761 714.65899901941884 74.153897338110255 4535.4360372404335 236.02546029962832 10986.46424757368 3165.9038587723917 1362.5662374468775 165.49281804208294 251.52180681360187 26.964153018278012 928.25225784024224 4627.4750428762345 997.96653781363966 100.46950708827353 98.19775970489718 6555.534016058351 126.6703626801027 88.349633393863769 22047.70457366867 1633.2037069224807 3014.8849645537866
leaf_count=212466 59509 299558 72419 32231 192822 5594 56385 44787 9403 24841 12056 161307 15032 407208 275947 682298 10767 8762 1536 42427 142786 40111 21808 4853 176522 11127 4229 336349 26939 83318
internal_value=-3.21475e-05 0.0012448 0.015669 -0.00108292 -0.0118555 0.0135015 0.026183 0.0112968 0.0102338 0.0115416 0.000137113 0.0040458 -0.00105446 -0.000171103 -0.011384 -0.0439588 0.0232985 -0.0199258 -0.003346 0.00170791 -0.0011654 -0.0033873 0.000349777 0.00954648 0.0106152 0.0106145 -0.000594847 0.000476227 0.000212027 0.00542795
internal_weight=71567.4 69555.2 9656.89 59898.3 6084.7 9164.96 1341.26 7823.7 7685.59 7421.23 53813.6 12566.9 41246.7 38006.6 3240.06 2012.24 1351.06 3116.04 2968.66 11215.8 6680.36 5625.44 450.189 349.72 7270.19 1054.92 37770.6 26784.1 26695.8 4648.09
internal_count=3475397 2580633 449460 2131173 529339 389951 128804 261147 255553 210766 1601834 440756 1161078 873075 288003 894764 42998 334981 194358 397758 236451 182897 35423 13615 201363 53554 858043 450835 446606 110257
cat_boundaries=0 2 4 6 8 9 11 12 13 14 16 18 20 22 24 26 27 28 29 31 33 35 36 38
cat_threshold=2705592449 49792 2058 14404 1074280566 20 11575296 2097408 2148565504 0 12288 2518926336 2147647488 6554625 8 2052 1107297280 4456482 1083050030 48 1451245962 48 671812 1032 469762304 1638417 557842432 655360 17564720 0 4194336 2165416000 4 134217776 524305 2148307008 335544320 1048576
is_linear=0
shrinkage=0.05


Tree=52
num_leaves=31
num_cat=22
split_feature=15 15 17 15 17 15 15 17 17 15 15 17 15 17 17 5 17 6 0 4 0 15 17 0 7 15 4 15 17 17
split_gain=1477.64 821.307 314.217 283.679 142.646 93.506 90.9859 218.528 133.975 336.999 113.123 98.4431 85.3952 325.014 86.0254 73.5801 54.7872 53.9746 52.6968 48.7584 48.7484 55.3416 55.5855 42.6186 50.6143 50.3409 42.4422 40.802 62.1503 40.7135
threshold=0 1 2 3 4 5 6 7 8 9 10 11 12 13 14 1.0000000180025095e-35 15 1.0000000180025095e-35 72.500000000000014 2.5000000000000004 61.500000000000007 16 17 67.500000000000014 1.0000000180025095e-35 18 4.5000000000000009 19 20 21
decision_type=9 9 9 9 9 9 9 9 9 9 9 9 9 9 9 2 9 2 2 2 2 9 9 2 2 9 2 9 9 9
left_child=5 2 -2 4 15 -1 7 11 10 -10 -8 -5 13 -4 -14 -3 23 18 -17 -16 29 22 -22 25 -25 -6 -15 -28 -29 -9
right_child=1 3 12 6 16 -7 8 20 9 -11 -12 -13 14 26 19 17 -18 -19 -20 -21 21 -23 -24 24 -26 -27 27 28 -30 -31
leaf_value=-0.026443419422377146 0.054579904487393888 -0.022164260904215728 0.053304850364978798 0.017614994447899917 -0.013855296306192273 -0.051562177107516829 -0.01332071177936286 0.021519686155795286 0.064703018459958739 -0.00053069559507593186 0.043142461290865637 0.059067125645626155 0.065683773655341046 -0.0039359247318566789 -0.0036898182655269625 0.020997840124481963 0.056480430042400193 -0.030490472797025367 -0.022452036642293192 0.011107854872589492 -0.0061472780010401349 -0.0051359325287258827 0.0086159032592796007 -0.0074398634477542379 -0.042786387968901295 0.0074678211608774168 0.023015564054551782 -0.02573571685639673 0.047748006529757331 0.0041987506457855451
leaf_weight=637.98696314202971 465.67155637225005 2584.6431967699864 571.30296662370347 1152.8093029168085 362.77085076234653 1268.509554578608 2715.937355983835 361.81413827673532 189.03517699209624 37382.776086750426 82.579243312771723 161.48961099093867 60.363308917381801 498.82630932073516 607.69768326764824 255.4218341612941 27.50416497207334 113.81332727133122 96.014073644735618 6630.4022242170231 919.35903025092557 3716.6871971027213 2035.996644858722 1635.3046846999059 107.96570984920254 1067.7476240973629 442.99048473371658 107.47562646045117 28.537885857105721 4159.8213389489083
leaf_count=243444 62052 319612 36495 32388 45543 651320 228805 23894 11840 832185 9647 10412 1940 57407 25373 10429 1850 25742 5394 193287 29788 128960 89823 98149 12766 71156 53181 18013 1712 142790
internal_value=-3.57865e-05 0.00117481 0.0148841 -0.00100982 -0.0110735 -0.0433383 0.000181767 0.00390612 -0.000972833 -0.000185356 -0.0115069 0.0231158 0.0127595 0.0230636 0.0104029 -0.0188076 -0.00366957 -0.000564486 0.00912711 0.00985186 0.001632 -0.00108287 0.0040181 -0.0043666 -0.00962897 0.00201576 0.00669156 0.015963 -0.00810344 0.00564162
internal_weight=70449.3 68542.8 9413.27 59129.5 6251.19 1906.5 52878.3 12508 40370.3 37571.8 2798.52 1314.3 8947.6 1649.13 7298.46 3049.89 3201.29 465.249 351.436 7238.1 11193.7 6672.04 2955.36 3173.79 1743.27 1430.52 1077.83 579.004 136.014 4521.64
internal_count=3475397 2580633 449460 2131173 590641 894764 1540532 458055 1082477 844025 238452 42800 387408 166808 220600 361177 229464 41565 15823 218660 415255 248571 119611 227614 110915 116699 130313 72906 19725 166684
cat_boundaries=0 2 4 6 8 9 11 13 15 17 19 21 22 24 26 27 28 30 31 33 35 36 37
cat_threshold=2705592449 49792 2058 14404 1074280694 20 11575328 2097408 2417263104 557842432 128 1107313664 4456482 9308206 48 41959688 48 655424 1024 655952 132105 655360 0 14340 26477320 32 2147483648 84413488 1024 4194336 8192 8396800 256 0 12288 4194305 2147483712
is_linear=0
shrinkage=0.05


Tree=53
num_leaves=31
num_cat=11
split_feature=16 16 16 16 16 4 16 3 3 0 4 16 0 0 16 4 13 4 16 0 16 4 4 0 16 4 7 7 4 3
split_gain=635.213 298.023 149.028 66.6888 37.7373 30.2818 101.966 23.5021 21.1041 19.7255 15.7783 12.1071 25.8817 23.3664 18.4673 20.9304 15.7977 16.9149 12.7164 14.4842 12.4368 11.8949 11.1517 11.0503 50.6183 22.4345 21.9625 13.9286 66.4366 29.9183
threshold=0 1 2 3 4 3.5000000000000004 5 1.0000000180025095e-35 1.0000000180025095e-35 79.500000000000014 2.5000000000000004 6 37.500000000000007 41.500000000000007 7 3.5000000000000004 1.0000000180025095e-35 4.5000000000000009 8 86.500000000000014 9 3.5000000000000004 4.5000000000000009 74.500000000000014 10 4.5000000000000009 1.0000000180025095e-35 1.0000000180025095e-35 4.5000000000000009 1.0000000180025095e-35
decision_type=9 9 9 9 9 2 9 2 2 2 2 9 2 2 9 2 2 2 9 2 9 2 2 2 9 2 2 2 2 2
left_child=-1 -2 4 9 23 6 8 -6 -5 -4 -10 13 20 14 21 -16 22 -18 -14 -20 -13 -9 -15 27 -25 26 -26 -3 -29 -30
right_child=1 2 3 5 7 -7 -8 11 10 -11 -12 12 18 16 15 -17 17 -19 19 -21 -22 -23 -24 24 25 -27 -28 28 29 -31
leaf_value=0.028259464962755904 -0.029871875965429839 -0.0018441622018238388 -7.9381260379930214e-05 -0.0042409349059343172 -0.0089053292753326126 0.0067674820965724029 0.014530318562791293 0.03153115243011622 -0.029911962810605704 0.0037081771047489339 -0.010961515776652225 0.0076818621720310251 0.0014982529476773605 -0.0071073515265582671 -0.031682392921246999 0.0094037942104664013 0.0008826074190245929 -0.02042738198183933 -0.013496784871766058 0.01212943093123243 -0.034457947102943608 0.0054121690543842511 -0.00030265461583397525 -0.0004540440806238731 0.0015489188473556141 -0.015517817950146779 -0.031393673339248591 -0.023841123266312932 0.015064160648048282 -0.0032436268877979266
leaf_weight=1917.4266417633944 863.18631835743872 10010.950782320646 29983.360217067766 414.48780416669251 4167.710050349855 6809.4848953777855 597.61578388108501 112.34726216409399 209.14364706322522 3882.701244986074 231.33462465258344 22.964320722916455 383.89088062167139 855.10037085559088 45.55171900807909 97.015439983224496 144.54669605976051 261.73624337637739 480.90618264744262 62.280962088494562 109.52912229949288 71.225062833087577 2034.905103298519 3140.3965749494819 415.43692649069999 1081.4294816222973 57.611264274397399 182.71258344494709 667.26809309070813 335.28318772582861
leaf_count=216403 470360 566179 613394 18399 375502 293414 44086 15172 9286 132023 10066 3750 42735 65952 7678 7379 27701 44539 72691 8551 11220 7480 111299 211302 13864 47450 3449 6342 11154 6577
internal_value=-4.46086e-05 -0.000849915 -0.00047087 0.00133798 -0.00355024 0.00536292 -0.00118454 -0.00616733 -0.0121964 0.000354753 -0.0199594 -0.00374326 -0.0084245 -0.00234425 0.0104159 -0.00347961 -0.00361388 -0.0128457 -0.00554981 -0.0103677 -0.029175 0.0202917 -0.00231604 -0.00208983 -0.00412727 -0.0114713 -0.00246307 -0.00123735 0.00388793 0.00894149
internal_weight=69649.5 67732.1 66868.9 42128.1 24740.8 8262.07 1452.58 8849.71 854.966 33866.1 440.478 4682 1059.57 3622.43 326.139 142.567 3296.29 406.283 927.078 543.187 132.493 183.572 2890.01 15891.1 4694.87 1554.48 473.048 11196.2 1185.26 1002.55
internal_count=3475397 3258994 2788634 1120668 1667966 375251 81837 801649 37751 745417 19352 426147 138947 287200 37709 15057 249491 72240 123977 81242 14970 22652 177251 866317 276065 64763 17313 590252 24073 17731
cat_boundaries=0 1 3 4 5 6 8 9 10 11 12 13
cat_threshold=25165832 33564673 1 3222721730 341902080 1097792 524288 2 5250 130 1073741824 2147483648 16384
is_linear=0
shrinkage=0.05


Tree=54
num_leaves=31
num_cat=24
split_feature=15 15 17 15 17 17 17 17 15 15 15 17 3 5 17 15 16 15 0 15 17 0 17 0 6 15 15 17 17 15
split_gain=1328.11 725.571 374.198 246.231 418.2 167.175 141.586 99.2086 152.768 96.0472 83.5724 94.4694 92.0712 85.1141 77.1251 268.284 64.5381 57.1959 56.1166 69.1599 45.4726 42.4839 38.1954 35.6518 77.1117 35.5119 33.616 240.042 48.9989 76.9002
threshold=0 1 2 3 4 5 6 7 8 9 10 11 1.0000000180025095e-35 1.0000000180025095e-35 12 13 14 15 38.500000000000007 16 17 70.500000000000014 18 71.500000000000014 1.0000000180025095e-35 19 20 21 22 23
decision_type=9 9 9 9 9 9 9 9 9 9 9 9 2 2 9 9 9 9 2 9 9 2 9 2 2 9 9 9 9 9
left_child=9 2 14 6 -5 16 -3 18 22 -1 11 13 -12 -10 15 23 -6 -16 -8 -20 25 -15 -9 -2 -25 -19 27 -7 29 -28
right_child=1 3 -4 4 5 26 7 8 10 -11 12 -13 -14 21 17 -17 -18 20 19 -21 -22 -23 -24 24 -26 -27 28 -29 -30 -31
leaf_value=-0.025017686015862413 0.0094461101608535689 0.062248122860985799 0.054623789504958054 0.07927617488140927 0.015978378529744895 0.0018148179567087216 -0.038544261797535222 0.066329985769872674 -0.021848321824558741 -0.051190377816414834 -0.0074265359058650199 -0.00390219382849243 0.0022890211847223208 0.014070595378313037 0.0087616163085245998 0.057369760897308081 0.062190516718211221 -0.0023354640087683326 -0.0224671116485212 -0.004434234746158206 -0.024629103103176987 -0.020427728392114423 0.0034113395136904099 0.019853480256288483 -0.040106332518630564 0.050132791275687365 -0.029229175212011606 0.05755996009617588 -0.00022356686423332728 0.035836086038674879
leaf_weight=600.32081080108765 3891.5084161176073 66.027029074837628 534.21471571767142 160.66731656124102 1083.0337324467837 7849.9731164824407 241.80400139752601 88.028367310133035 2005.8086305209436 1179.8691920949968 4767.6653167171262 2716.0215457096492 4991.6035036482317 280.89764738618396 1717.1351932962498 339.77293776424813 75.281100047615837 356.28764352825237 1025.0208441326376 1128.8148556311462 255.60042564797186 130.79613811976742 44.99126163568144 1724.4618358654134 55.342421538320195 25.411001367523568 283.3611249087844 188.04686882399074 31652.770652507228 46.216911043811706
leaf_count=243444 126175 3911 93440 8510 32099 208433 27104 4409 176233 651320 199368 141680 211091 13697 113584 17060 14973 15348 168538 100630 45284 8093 17008 47916 9192 1105 46191 13979 712878 2704
internal_value=-4.51407e-05 0.00107831 0.0143754 -0.000935465 0.00116867 0.00084474 -0.00590733 -0.0062012 -0.00468694 -0.0425534 -0.00517768 -0.0103393 -0.00245477 -0.0175254 0.011743 0.0147553 0.0194884 0.00402244 -0.0156399 -0.0131411 -0.00868486 0.00311039 0.0467755 0.0121058 0.017989 0.00234824 0.0003004 0.00318886 -0.000426316 -0.0193184
internal_weight=69506.8 67726.6 8899.73 58826.8 41339.4 41178.7 17487.5 17421.5 15025.8 1780.19 14892.8 5133.52 9759.27 2417.5 8365.52 6011.09 1158.31 2354.43 2395.64 2153.84 637.299 411.694 133.02 5671.31 1779.8 381.699 40020.4 8038.02 31982.3 329.578
internal_count=3475397 2580633 469104 2111529 1039767 1031257 1071762 1067851 771579 894764 750162 339703 410459 198023 375664 200343 47072 175321 296272 269168 61737 21790 21417 183283 57108 16453 984185 222412 761773 48895
cat_boundaries=0 2 4 5 7 8 9 11 12 14 16 18 19 20 22 23 25 27 28 29 31 33 35 37 39
cat_threshold=2705592449 49792 10 14406 2507654921 12099620 2752785 2147778560 21643280 8388686 20 2483045120 1572864 524544 557842432 128 8421376 2097152 1048576 2484077064 0 8258 537477312 2 12288 3153920 131328 16991488 1075578912 0 66 33557504 4456448 44049217 4 1107362184 32 16912 1048584
is_linear=0
shrinkage=0.05


Tree=55
num_leaves=31
num_cat=15
split_feature=15 15 15 15 15 15 4 4 15 0 15 5 15 15 0 15 15 4 15 0 0 5 15 4 15 4 0 0 4 0
split_gain=1231.79 630.121 224.831 144.568 127.49 60.9116 97.7489 58.8519 68.6778 36.6051 53.4646 98.8769 35.2489 33.075 45.2092 114.087 65.8515 33.1676 94.3356 32.8303 32.5277 40.2504 31.6496 30.4989 87.5959 28.356 27.7211 25.322 24.7035 23.0824
threshold=0 1 2 3 4 5 3.5000000000000004 7.5000000000000009 6 69.500000000000014 7 1.0000000180025095e-35 8 9 68.500000000000014 10 11 7.5000000000000009 12 29.500000000000004 77.500000000000014 1.0000000180025095e-35 13 3.5000000000000004 14 7.5000000000000009 19.500000000000004 70.500000000000014 2.5000000000000004 62.500000000000007
decision_type=9 9 9 9 9 9 2 2 9 2 9 2 9 9 2 9 9 2 9 2 2 2 9 2 9 2 2 2 2 2
left_child=4 3 5 -2 -1 7 22 23 -9 10 11 -8 -11 28 16 17 26 -16 -19 -18 21 -17 -7 24 -3 -14 -15 -23 -4 -28
right_child=1 2 13 -5 -6 6 9 8 -10 12 -12 -13 25 14 15 20 19 18 -20 -21 -22 27 -24 -25 -26 -27 29 -29 -30 -31
leaf_value=-0.023194726956326021 0.025486824548469279 0.011715830205459946 -0.0056330512058661731 0.009841095021439171 -0.051013301309830776 0.0029375042786680887 -0.0039510149166560888 -0.027800996044636136 -0.0061585365111823335 0.014600370117061341 -0.0122540576117771 0.024941421279928433 -0.018122767439310464 0.033113787162621325 -0.0021687834940114534 0.0052288761549278261 0.026099468534254645 0.015711387453530908 -0.016269534476680753 0.0042256080643401179 0.020112930122534189 0.052969244161750452 -0.027034431942734478 -0.0033189692707897601 -0.0091340366193289856 -0.0067348757492769126 -0.0011369880247248897 0.016487002717118528 0.00026299269593111323 -0.0081003996024468002
leaf_weight=748.47405754927604 1822.3013579997732 1281.8223303594623 1960.7321399148459 7959.9434070201514 1116.4688141929 103.56109687901517 1425.8086630426951 457.79463396131177 1792.7203534510336 115.8508308574601 1017.367007288427 373.73907674125076 1231.7602785850613 54.690699088358087 2917.2298756588907 1161.8082711718498 177.22748844651142 900.895152988478 300.79088155386489 5344.5886951077719 1214.9110493697226 72.217571567707637 887.2368796515857 6524.9486343251829 817.35937008330802 982.77642364380881 5586.0944385362945 139.32616296355627 18912.091815805819 1512.2554148745912
leaf_count=253671 216268 49701 65651 308973 681718 39253 62550 26189 81239 11133 147336 13111 115559 540 102852 22955 6363 27633 10945 167525 27061 1293 87729 271602 57757 57310 76035 4076 459064 22309
internal_value=-5.99247e-05 0.00105768 -0.000946351 0.0127787 -0.0400319 -0.0057637 -0.00974744 -0.00350822 -0.0107119 -0.00699503 -0.00315992 0.00203818 -0.0116308 0.00109051 0.00257737 0.00589829 0.000822061 0.000709185 0.00770168 0.00491876 0.0140989 0.00888143 -0.0241449 -0.00163245 0.00360981 -0.0130103 -0.002344 0.0289414 -0.000290725 -0.0026205
internal_weight=68914.8 67049.9 57267.6 9782.24 1864.94 17012.7 6138.1 10874.6 2250.51 5147.3 2816.91 1799.55 2330.39 40254.9 19382 6707.18 12674.9 4118.92 1201.69 5521.82 2588.26 1373.35 990.798 8624.13 2099.18 2214.54 7153.04 211.544 20872.8 7098.35
internal_count=3475401 2540012 2014771 525241 935389 1020469 533981 486488 107428 406999 222997 75661 184002 994302 469587 196815 272772 141430 38578 173888 55385 28324 126982 379060 107458 172869 98884 5369 524715 98344
cat_boundaries=0 2 4 6 8 9 11 13 15 17 19 21 23 24 26 28
cat_threshold=2706641025 49792 2058 276550 11051040 2752785 0 14340 558891008 524320 131089 0 1 32768 524288 0 524288 469893972 1048576 1107313664 1024 0 4259880 1073759232 2105344 256 0 131073
is_linear=0
shrinkage=0.05


Tree=56
num_leaves=31
num_cat=26
split_feature=15 15 17 15 17 17 15 17 17 15 16 15 17 17 7 15 15 17 15 15 0 15 0 15 17 0 15 17 15 17
split_gain=1138.12 579.983 356.189 207.159 464.088 172.621 125.844 108.056 68.4266 254.007 67.8588 54.6587 219.533 129.027 72.2331 71.2712 58.8373 51.0205 82.1319 47.0571 46.6036 47.8824 42.896 122.257 50.795 34.4801 34.1336 33.449 38.3896 31.8518
threshold=0 1 2 3 4 5 6 7 8 9 10 11 12 13 1.0000000180025095e-35 14 15 16 17 18 40.500000000000007 19 68.500000000000014 20 21 77.500000000000014 22 23 24 25
decision_type=9 9 9 9 9 9 9 9 9 9 9 9 9 9 2 9 9 9 9 9 2 9 2 9 9 2 9 9 9 9
left_child=6 2 8 7 -5 10 29 17 9 -2 -6 12 22 15 -14 -13 -15 20 -19 -10 -3 -22 26 24 -24 -25 -7 28 -21 -1
right_child=1 3 -4 4 5 11 -8 -9 19 -11 -12 13 14 16 -16 -17 -18 18 -20 27 21 -23 23 25 -26 -27 -28 -29 -30 -31
leaf_value=-0.024109360035537153 0.010899356141830491 -0.037004821326706419 0.054235042626377773 0.081112853628932294 0.015669879162266517 -0.0030216363684046448 -0.050718299419561623 0.051071926966291807 0.0075554067465014758 0.05673938029368443 0.061941628943954712 0.043317689638248717 0.060540533859399059 0.053974752148543192 0.021521251822621996 -0.013762598330933011 -0.00049892531883998002 0.040357316493094403 -0.0066840892493468564 0.050708191284769458 -0.029091194815409106 -0.0003909309357062339 -0.0083587390274823103 0.0068750908130824004 0.00794708074241539 0.018525134786798909 0.003232794683136796 -0.022570601487346496 -0.0038808181570035324 0.042733237348209538
leaf_weight=719.18244230984419 5527.5090164040084 255.88865832086594 486.93671597289176 168.62869211193538 1076.1908254583486 6456.2600680556498 1052.4590903583958 70.261808560710051 1686.8869283090462 311.56932351578507 79.557205172690374 46.982887745267362 153.15945835031016 39.661658656565123 525.78418517311366 2353.2998018686485 27171.98599375366 83.985094185400158 10386.043351297438 25.33298157795798 228.54953376430785 383.29538642772241 1612.2658241444151 1339.154202534759 668.819729372859 1208.0578038865933 3283.0431174648984 243.20351421503437 354.76836262454162 10.67256160231045
leaf_count=252567 183750 18588 93395 8575 93921 44117 681718 12122 113612 17004 19444 7600 12470 1800 18153 141636 729721 10649 636088 1046 81101 31445 44959 17600 25645 20378 94791 45058 15344 1104
internal_value=-6.57667e-05 0.000998083 0.0130733 -0.000814641 0.000676176 0.000363839 -0.0393808 -0.00684519 0.0105503 0.0134382 0.0193591 -0.000129765 0.00230168 -0.00138202 0.0298833 -0.0124702 -0.00039973 -0.0072488 -0.0062686 0.00322464 -0.0188697 -0.0115935 0.000996585 0.00485073 -0.00356401 0.0123518 -0.0009131 -0.0084302 0.000964036 -0.0225676
internal_weight=68009.4 66227.1 8636.21 57590.9 46182.9 46014.2 1782.31 11408 8149.27 5839.08 1155.75 44858.5 15246.5 29611.9 678.944 2400.28 27211.6 11337.8 10470 2310.19 867.734 611.845 14567.6 4828.3 2281.09 2547.21 9739.3 623.305 380.101 729.855
internal_count=3475401 2540012 469209 2070803 1280810 1272235 935389 789993 375814 200754 113365 1158870 278113 880757 30623 149236 731521 777871 646737 175060 131134 112546 247490 108582 70604 37978 138908 61448 16390 253671
cat_boundaries=0 2 4 5 7 8 9 10 11 12 14 15 17 19 21 23 25 26 28 30 32 34 36 38 39 41 43
cat_threshold=2706641025 49792 10 14406 2507654921 11051040 2621712 2147778560 90837521 558891008 2501643056 2484077064 0 8258 538558656 33557504 4522016 8399168 4 1107362190 32 1208090944 1048577 16388 8 2147484160 0 524544 2 12288 2105344 256 33555456 262144 8256 4 0 4259840 16991488 0 2052 2165867520 16
is_linear=0
shrinkage=0.05


Tree=57
num_leaves=31
num_cat=24
split_feature=15 15 17 15 17 17 15 17 17 15 15 17 0 17 15 4 5 15 17 4 15 17 17 7 16 15 17 15 15 0
split_gain=1037.68 497.868 345.303 190.748 445.39 129.129 126.026 117.055 103.809 118.673 85.6048 90.0782 84.6846 69.6567 332.012 67.5068 57.193 54.7461 179.936 72.6903 66.0142 76.8572 70.7439 61.8577 47.9711 47.0701 42.6733 152.27 50.41 38.7923
threshold=0 1 2 3 4 5 6 7 8 9 10 11 69.500000000000014 12 13 4.5000000000000009 1.0000000180025095e-35 14 15 2.5000000000000004 16 17 18 1.0000000180025095e-35 19 20 21 22 23 68.500000000000014
decision_type=9 9 9 9 9 9 9 9 9 9 9 9 2 9 9 2 2 9 9 2 9 9 9 2 9 9 9 9 9 2
left_child=6 2 -2 7 -5 24 -1 -3 25 -10 11 12 16 14 15 -4 -11 18 23 20 21 -19 -22 -7 -6 -9 27 -21 -28 -20
right_child=1 3 13 4 5 17 -8 8 9 10 -12 -13 -14 -15 -16 -17 -18 19 29 26 22 -23 -24 -25 -26 -27 28 -29 -30 -31
leaf_value=-0.021587139654933987 0.054246872405008376 0.060927756167352909 0.0011379275998846265 0.081686855617682547 0.015088228446783406 0.06105392951187541 -0.05034719583482087 -0.033964837255757503 0.048254781037393175 -0.012893408819766151 -0.0016985702522514239 -0.0025407663495039022 -0.02715001109928494 0.0044644117349706353 0.052764822955441416 0.014164866270047666 0.012192889510906845 -0.025120098476476047 -9.4860936526176728e-05 0.00054496884484030986 0.050317136102860982 0.049428020407153508 -0.0055010356336408842 0.021663778416600273 0.059242786465927524 -0.011736223172124631 0.046568895110664643 0.061546539974454473 -0.0063243782411269642 0.0055355881982424061
leaf_weight=705.33147707700118 449.79287576144907 58.608033395692473 1613.328244869932 162.70660758407757 1037.8922435982513 125.86573323632911 989.22543355409198 268.87541351902655 100.86539530793743 1347.5680705007399 14881.077066428585 2620.7879078850019 1002.8022429809207 3658.2092940143257 479.08044919098302 2592.6999931647533 273.27480344311334 739.80371509579709 9426.3197663746778 13299.589331726267 50.649148066993803 28.128024152192665 882.38197421341101 478.86269690172048 59.105493920314984 2114.7492629246763 35.958072727909894 93.096912480426909 2995.2169256085162 4528.9166322131277
leaf_count=253671 66867 3736 45984 7641 92832 6925 681718 69295 14326 137055 580093 142063 87635 282958 27864 64827 15831 21539 138048 186720 1104 2174 29626 17765 14100 226627 8420 2856 144720 100381
internal_value=-5.98678e-05 0.000943695 0.0120055 -0.000776239 0.00159543 0.00118562 -0.0385732 -0.00432677 -0.00452278 -0.00335519 -0.00363768 -0.00912621 -0.0156699 0.00966607 0.0137094 0.00914631 -0.00866385 0.000616593 0.00289874 -0.00121728 -0.0110572 -0.0217893 -0.00196954 0.0293765 0.0179809 -0.0143751 -0.000198939 0.00101462 -0.00554585 0.00173116
internal_weight=67100.8 65406.2 8793.11 56613.1 33944.5 33781.8 1694.56 22668.6 22610 20226.4 20125.5 5244.43 2623.65 8343.32 4685.11 4206.03 1620.84 32684.8 14560 18124.8 1700.96 767.932 933.031 604.728 1097 2383.62 16423.9 13392.7 3031.17 13955.2
internal_count=3475401 2540012 488500 2051512 774851 767210 935389 1276661 1272925 977003 962677 382584 240521 421633 138675 110811 152886 660278 263119 397159 54443 23713 30730 24690 106932 295922 342716 189576 153140 238429
cat_boundaries=0 2 4 6 8 9 10 11 13 14 16 18 19 20 22 24 26 28 30 31 32 33 34 36 38
cat_threshold=2706641025 49792 10 276550 1116223670 52 78160436 2752785 2147778568 21630992 558891008 8388674 20 2483307272 2621440 524288 8421408 2097152 1050624 1049096 0 64 33557504 4259872 1074856038 48 1073741824 1048584 34670594 48 1048834 537460864 2097664 1059616 1342177536 1048576 1073741824 1048576
is_linear=0
shrinkage=0.05


Tree=58
num_leaves=31
num_cat=24
split_feature=15 15 17 15 15 15 17 17 15 15 17 17 15 15 17 15 0 15 17 15 3 0 15 4 15 17 4 4 15 17
split_gain=952.939 468.029 247.145 366.135 329.212 161.479 131.166 115.082 112.256 88.4279 134.385 82.5056 101.355 66.2422 63.6279 58.7875 58.4157 67.4563 53.7238 175.986 58.6294 53.5495 53.5254 51.1956 169.419 78.3038 78.0244 68.8403 55.8814 76.8594
threshold=0 1 2 3 4 5 6 7 8 9 10 11 12 13 14 15 69.500000000000014 16 17 18 1.0000000180025095e-35 72.500000000000014 19 3.5000000000000004 20 21 2.5000000000000004 2.5000000000000004 22 23
decision_type=9 9 9 9 9 9 9 9 9 9 9 9 9 9 9 9 2 9 9 9 2 2 9 2 9 9 2 2 9 9
left_child=-1 2 3 11 14 6 16 22 18 10 -9 12 -2 -13 -4 -8 17 -3 -6 20 -20 -22 -7 24 26 -26 -10 -27 -25 -30
right_child=1 5 4 -5 8 7 15 9 23 -11 -12 13 -14 -15 -16 -17 -18 -19 19 -21 21 -23 -24 28 25 27 -28 -29 29 -31
leaf_value=-0.048953925692576172 0.069834529270308532 -0.0055575188629351201 -0.015411387228804453 0.065503067846592114 0.0019711122905829641 0.039920742021983507 0.037950251118873922 -0.0086629695111779485 -0.031236683373256864 -0.00050895943548764097 0.060995606253424428 0.053235508070971937 0.0028676232830733631 0.017293026325430238 0.052946622608589046 -0.0035312108036460298 -0.025457742771260606 -0.024089856039576394 0.014854583109761933 0.051608912517065876 -0.00381143224283753 0.013562153510752224 -0.0091837879304921908 0.0038241704580524293 0.052073674356964028 0.012732152941163073 -0.0077087522120495872 -0.0045091415409832135 0.054049566690854617 -0.0060116864232525715
leaf_weight=972.10888954387156 48.490455059305532 1463.8148796632377 38.588372162441374 351.70791098495647 2074.7021374476317 46.782289944996592 78.195996489364916 132.27362620752683 622.74384006216133 26470.954262243416 137.48227275037607 138.98976193794351 1756.0530169870253 1416.9668695643741 391.27719557859746 2756.1952068901937 1253.0678409354186 745.01596037433774 2154.9825336149952 252.10451708061737 1169.2306366718403 714.58682343833789 4743.4464670665475 10985.581344354287 70.941355812596157 936.01206398155045 811.62103458143247 1517.6948769930241 44.642344474093989 2311.239079803825
leaf_count=701251 1113 146941 2035 36281 141490 9529 15551 15414 19921 681758 10680 19856 105336 48727 57494 214935 190165 216135 52989 37672 31915 19481 328167 197643 2902 24905 20796 24638 1442 98239
internal_value=-6.64045e-05 0.000665013 0.00558835 0.0175837 0.00373383 -0.00295483 -0.0102596 -0.00149337 0.00293587 -0.000213619 0.0277501 0.012389 0.00504206 0.0208231 0.0465994 -0.00225741 -0.016786 -0.0119425 0.00860818 0.0118052 0.00919933 0.00277887 -0.00862206 0.000845016 -0.00414754 0.00366475 -0.0177995 0.00205948 0.00232717 -0.00464992
internal_weight=66607.5 65635.4 27808.2 3712.21 24095.9 37827.2 6296.29 31530.9 23666.1 26740.7 269.756 3360.5 1804.54 1555.96 429.866 2834.39 3461.9 2208.83 6365.61 4290.9 4038.8 1883.82 4790.23 17300.5 3959.01 2524.65 1434.36 2453.71 13341.5 2355.88
internal_count=3475401 2774150 944875 211313 733562 1829275 783727 1045548 674033 707852 26094 175032 106449 68583 59529 230486 553241 363076 283547 142057 104385 51396 337696 390486 93162 52445 40717 49543 297324 99681
cat_boundaries=0 2 4 5 7 9 11 12 13 15 17 19 20 22 24 25 26 28 29 31 33 35 36 38 39
cat_threshold=2684620929 49792 1241533450 4537422 2458407484 1073743872 73794 2048 8192 32546848 2097408 2484375040 42488076 2 6214 655424 32 0 16 2424324104 1073741824 65536 0 8258 32768 7340064 8429600 256 90408193 0 64 256 1572865 1073758208 4194312 1048576 1073742848 4259840 1081600
is_linear=0
shrinkage=0.05


Tree=59
num_leaves=31
num_cat=22
split_feature=16 17 16 16 17 17 17 16 17 16 17 4 16 17 16 17 0 4 16 17 3 17 16 14 0 17 6 0 17 16
split_gain=330.587 436.781 166.196 90.6686 588.445 138.04 78.6953 61.1922 59.8139 178.875 87.0315 45.5182 35.5993 30.1866 26.185 29.473 24.9385 22.6512 170.781 129.734 61.3298 28.4561 296.711 51.6456 28.0963 20.6567 24.5419 19.2851 38.679 31.6505
threshold=0 1 2 3 4 5 6 7 8 9 10 4.5000000000000009 11 12 13 14 63.500000000000007 2.5000000000000004 15 16 1.0000000180025095e-35 17 18 1.0000000180025095e-35 26.500000000000004 19 1.0000000180025095e-35 74.500000000000014 20 21
decision_type=9 9 9 9 9 9 9 9 9 9 9 2 9 9 9 9 2 2 9 9 2 9 9 2 2 9 2 2 9 9
left_child=1 11 13 6 -5 7 8 16 9 10 -4 -1 -10 -2 15 27 -6 18 20 -20 24 22 23 -19 -7 26 -21 -11 29 -29
right_child=2 -3 3 4 5 17 -8 -9 12 14 -12 -13 -14 -15 -16 -17 -18 21 19 25 -22 -23 -24 -25 -26 -27 -28 28 -30 -31
leaf_value=-0.011271275923146619 -0.027138712298876766 0.052874212938349777 -0.0039511768136339474 0.08065699783509557 0.0034814863520100125 -0.058714614217770238 0.055333604398648706 0.058162308971329749 0.042635395771181264 -0.00033317648593404612 0.068355325188276014 0.010647640954100588 -0.011388210095840273 0.019461046802834975 -0.0052355453956994293 0.052313851740256448 0.020682726352648832 0.0055341829018801282 0.055204224189258112 0.0032072918064804676 -0.033553474574592582 9.5729329827267662e-05 0.061081666171812966 -0.0089956728472887788 -0.001183502642532184 -0.0037345261337587208 0.032793858238035357 0.0018309293530806134 -0.012319027652586797 -0.0092385161191607373
leaf_weight=451.10833386056765 666.37481458984985 668.87066541694003 66.763958063791506 220.91567527248662 320.60507028460415 22.948697372805327 48.039694392133242 82.694373845388327 21.716259245271431 10187.92670840396 127.02086090315424 498.70696813816903 2245.5300033423027 32.935708011331371 6508.5451259815163 15.496201604284577 614.74226022857329 1857.9750824263247 101.42686126101762 1145.9947486810706 540.74600542249391 32628.315245467711 210.07577411020611 911.66074733663845 282.02452284991887 1512.8738289029789 74.656488774693571 2172.0413989079825 1109.8345553434337 907.88430931651965
leaf_count=41927 504848 102861 20526 8199 10713 582 17615 26759 2688 556520 5454 71480 364672 7016 455973 366 20559 38106 3822 18201 12146 773837 11856 53954 10341 65698 4938 166090 52255 45399
internal_value=-7.04922e-05 0.0221775 -0.00063097 -0.000363894 0.00106711 0.000610991 -0.00284058 0.0186977 -0.00298382 -0.00215138 0.0444724 0.000234927 -0.0106858 -0.0247006 -0.0026047 -0.00141223 0.0146303 0.000137693 -0.00359643 0.00231562 -0.0231678 0.000523714 0.00519246 0.000748793 -0.00551262 0.000159139 0.00497608 -0.00150645 -0.00436302 -0.0014514
internal_weight=66256.5 1618.69 64637.8 63938.5 40527.7 40306.7 23410.8 1018.04 23362.8 21095.5 193.785 949.815 2267.25 699.311 20901.7 14393.2 935.347 39288.7 3680.67 2834.95 845.719 35608 2979.71 2769.64 304.973 2733.53 1220.65 14377.7 4189.76 3079.93
internal_count=3475401 216268 3259133 2747269 1059711 1051512 1687558 58031 1669943 1302583 25980 113407 367360 511864 1276603 820630 31272 993481 115728 92659 23069 877753 103916 92060 10923 88837 23139 820264 263744 211489
cat_boundaries=0 1 2 4 5 6 7 9 10 11 12 13 14 15 16 17 18 19 21 22 23 24 25
cat_threshold=25165832 2151841793 33695745 1 3222656194 2147520520 21643792 3583565096 16 524288 1100482592 1073807490 16777216 2148569088 2149323540 1097792 1075314720 524800 1048576 1048576 16 4718592 369166371 1074790400 16448
is_linear=0
shrinkage=0.05


Tree=60
num_leaves=31
num_cat=21
split_feature=15 15 17 15 17 17 17 5 17 15 3 0 15 15 17 17 15 17 15 4 15 17 15 4 4 0 5 17 0 17
split_gain=869.798 447.941 242.589 198.18 467.758 130.561 80.033 47.4023 43.3969 269.768 47.3441 53.2275 39.3791 37.8964 204.646 113.363 137.684 54.5057 52.6198 36.7374 99.3642 80.8109 79.9351 63.9274 61.588 55.9578 52.6717 52.3991 54.3478 55.902
threshold=0 1 2 3 4 5 6 1.0000000180025095e-35 7 8 1.0000000180025095e-35 67.500000000000014 9 10 11 12 13 14 15 4.5000000000000009 16 17 18 2.5000000000000004 2.5000000000000004 36.500000000000007 1.5000000000000002 19 68.500000000000014 20
decision_type=9 9 9 9 9 9 9 2 9 9 2 2 9 9 9 9 9 9 9 2 9 9 9 2 2 2 2 9 2 9
left_child=-1 2 -2 5 -5 7 12 -3 9 10 -4 -12 -7 14 17 16 -15 -6 -17 20 24 -22 26 25 -16 -23 -21 -24 29 -29
right_child=1 3 8 4 13 6 -8 -9 -10 -11 11 -13 -14 15 19 18 -18 -19 -20 22 21 23 27 -25 -26 -27 -28 28 -30 -31
leaf_value=-0.048385299114257797 0.053097875306905185 -0.017857180441408233 0.01414311009662802 0.077953065356153484 0.016826363228760601 -0.031091441682713668 0.056209037276947572 -0.0016819349244123238 0.0056651729713297662 0.052239257337210777 -0.0052648419293201305 0.011569958641759704 -0.0010886686779677558 0.055503585995130278 -0.025870591493037495 -0.0159028784421981 -2.1644777344238855e-05 0.056862055063739481 -0.0048464921304911378 0.010218002488861067 0.050811288508158227 0.032102788322691304 -0.0072982211291200971 -0.0028746599714897635 -0.0066846879219037833 0.0042990917186137203 0.041254795532031284 -0.0047615198392719467 0.0073891708453958692 0.0060767164872381346
leaf_weight=908.39557509809856 323.33195091829293 3124.8637104907884 2123.4125730962824 181.96924884063264 1348.7459422933025 104.20403333107242 49.645718561092508 529.7169805135054 3944.0135958946839 388.6409262636962 928.77776602099038 949.55737727903033 2641.0270127555887 102.15986604896716 572.61313474590133 1369.8241527241971 24378.824501051444 86.167200526716442 5060.5586921034537 840.14270560909063 71.61001963284798 256.44068970901753 1809.9264026865421 3049.4082825404384 1551.9814944458776 614.86251077242923 163.26255074214714 3427.5132828978822 3041.9267286009863 1809.8623617674557
leaf_count=702155 65098 472254 56664 18190 48630 41992 6894 58581 303095 26977 26910 26894 187691 6444 19294 109819 644175 7391 304678 16799 3355 5467 63406 52055 43566 17779 3357 15504 62975 57253
internal_value=-6.70911e-05 0.000617152 0.011197 -0.00101476 5.52705e-05 -0.0092541 -0.0010996 -0.0154703 0.00950973 0.0129427 0.00900558 0.00324568 -0.00233623 -0.00024644 0.00153342 -0.00132013 0.000232632 0.0196074 -0.0072228 1.59233e-05 -0.003095 0.00156322 0.00173142 0.000536748 -0.0118001 0.0124822 0.0151173 0.000384791 0.00207114 -0.00101368
internal_weight=65753.4 64845 8657.73 56187.3 49737.8 6449.46 2794.88 3654.58 8334.4 4390.39 4001.75 1878.34 2745.23 49555.8 18644.5 30911.4 24481 1434.91 6430.38 17209.6 6116.92 3992.32 11092.6 3920.71 2124.59 871.303 1003.41 10089.2 8279.3 5237.38
internal_count=3475342 2773187 505638 2267549 1500137 767412 236577 530835 440540 137445 110468 53804 229683 1481947 416831 1065116 650619 56021 414497 360810 141516 78656 219294 75301 62860 23246 20156 199138 135732 72757
cat_boundaries=0 2 4 6 8 9 10 11 12 14 15 17 19 20 22 23 25 27 28 30 32 33
cat_threshold=2684620929 49792 2058 14406 1074280694 52 32546816 2621696 2168881152 2148828672 17301552 1049096 0 64 16777216 1241531396 4521984 8917038 16 1074866929 655424 1032 524300 268435968 132096 1073758208 4194304 1048576 0 4194304 1073742016 4 2048
is_linear=0
shrinkage=0.05


Tree=61
num_leaves=31
num_cat=26
split_feature=15 15 17 15 17 15 0 17 15 15 17 17 16 5 0 15 15 17 15 15 0 15 17 15 17 17 15 15 17 17
split_gain=807.375 419.733 236.057 185.294 114.089 267.165 116.383 108.971 85.3689 81.5053 172.512 98.6207 52.6604 41.4039 41.3757 55.6669 41.0027 40.7586 209.217 66.0035 46.0099 33.9877 31.9 27.857 64.3327 27.004 30.0347 26.9115 130.505 24.9239
threshold=0 1 2 3 4 5 43.500000000000007 6 7 8 9 10 11 1.0000000180025095e-35 70.500000000000014 12 13 14 15 16 67.500000000000014 17 18 19 20 21 22 23 24 25
decision_type=9 9 9 9 9 9 2 9 9 9 9 9 9 2 2 9 9 9 9 9 2 9 9 9 9 9 9 9 9 9
left_child=-1 2 -2 7 5 6 -5 13 29 11 12 16 -11 -3 15 -15 -6 19 20 -4 -19 -10 -13 24 -21 -25 -27 28 -24 -9
right_child=1 3 17 4 9 -7 -8 8 21 10 -12 22 -14 14 -16 -17 -18 18 -20 23 -22 -23 27 25 -26 26 -28 -29 -30 -31
leaf_value=-0.047969852497967265 0.052483836468250847 -0.016142697962864768 0.050615906032392743 0.02834593936216705 -0.016048393093759685 0.074155755404331725 -0.020359735383290972 0.0066694195962501094 -0.030095735192545933 0.01635306792347185 0.0011147401280490502 0.047493384976469794 0.053833360672068023 0.018514452451681675 -0.019661416393945932 -0.026789553192143396 -0.005350628205312017 0.00558628192552919 0.05599782595894718 -0.048469382999059465 0.015659310664767667 -0.0016663735436736266 0.0027350910364517737 -0.021498104728692083 0.0076830372251161213 -0.0032363888271638463 0.047258032507447714 -0.001037188128079 0.076123002432994025 0.062975608003581179
leaf_weight=857.6187944141202 332.009291288452 3371.2847128718658 63.365647216953221 225.7325486091413 1359.6526987490506 164.01516581964006 268.58428959665798 44.817953774980197 99.828511968371458 1293.1566802224625 17928.387466057142 24.447353991301497 97.188153753875667 286.53872781101745 202.90868057748594 79.029157427532482 2699.3895866955063 2647.2606280863511 251.27156861973162 43.056206069770269 1982.6587796958465 2561.506014147275 1317.5462800732639 200.43277666617723 1469.3571470068709 314.4151177413587 22.407966936792945 24605.177452754215 53.628329230101372 58.963698781021776
leaf_count=702155 66851 526373 15799 13066 109866 28388 86438 15485 42020 48129 449629 2263 7737 13798 24626 26848 139120 97659 23200 45625 64271 172796 46142 39910 49833 8386 1103 599749 1519 6558
internal_value=-6.02433e-05 0.000588473 0.0118428 -0.000866463 0.000180119 0.0207001 0.00184467 -0.00866549 -0.00103845 -9.75959e-05 0.00243563 -0.0017259 0.0193387 -0.0140023 -0.00155551 0.00849418 -0.00896468 0.00984143 0.0123622 0.00398746 0.00987849 -0.00284145 -0.000592831 0.00230719 0.00577659 -0.00738649 0.00138861 -0.000656346 0.00613575 0.0413831
internal_weight=64925.6 64068 7326.24 56741.8 50036.9 658.332 494.317 6704.88 2765.12 49378.6 19318.7 30059.8 1390.34 3939.76 568.477 365.568 4059.04 6994.23 4881.19 2113.03 4629.92 2661.33 26000.8 2049.67 1512.41 537.256 336.823 25976.4 1371.17 103.782
internal_count=3475342 2773187 412637 2360550 1532046 127892 99504 828504 236859 1404154 505495 898659 55866 591645 65272 40646 248986 345786 185130 160656 161930 214816 649673 144857 95458 49399 9489 647410 47661 22043
cat_boundaries=0 2 4 6 8 9 11 12 14 16 18 20 21 23 25 26 28 30 31 32 34 35 36 38 40 41 43
cat_threshold=2684620929 49792 10 14404 1099446390 20 32546848 2621696 2221281809 0 34 2484375040 7340064 524288 336200464 1180697 34078764 48 34095372 48 805928960 32800 524288 268435968 132104 73876737 0 8256 0 8192 16777216 1073774656 2 4096 131072 6553601 0 64 524288 132096 8192 56774785 32
is_linear=0
shrinkage=0.05


Tree=62
num_leaves=31
num_cat=15
split_feature=15 15 15 15 15 4 15 15 3 0 0 15 4 15 15 3 4 15 4 15 4 0 15 15 4 0 14 0 15 0
split_gain=752.444 385.597 160.504 116.894 62.3814 54.9092 38.2341 31.5433 30.1462 30.8546 28.7817 29.9074 26.7927 91.7111 87.0048 56.6218 39.6832 32.8573 31.098 26.8682 69.1932 27.3961 40.0175 24.6958 24.1852 28.9679 25.6677 22.9948 23.6691 20.9125
threshold=0 1 2 3 4 4.5000000000000009 5 6 1.0000000180025095e-35 60.500000000000007 65.500000000000014 7 4.5000000000000009 8 9 1.0000000180025095e-35 7.5000000000000009 10 2.5000000000000004 11 6.5000000000000009 44.500000000000007 12 13 5.5000000000000009 30.500000000000004 1.0000000180025095e-35 19.500000000000004 14 67.500000000000014
decision_type=9 9 9 9 9 2 9 9 2 2 2 9 2 9 9 2 2 9 2 9 2 2 9 9 2 2 2 2 9 2
left_child=-1 3 5 -2 12 7 10 -3 -5 -10 23 -12 13 27 16 -15 -14 -17 -19 20 -16 22 -21 -7 -24 26 -26 -4 -29 -23
right_child=1 2 4 8 -6 6 -8 -9 9 -11 11 -13 14 15 19 17 -18 18 -20 21 -22 29 24 -25 25 -27 -28 28 -30 -31
leaf_value=-0.047589854077870503 0.024289243010741549 0.013258277703201003 -0.058499025329003779 0.011482918347621348 0.0022328857933339242 0.0053403100989359228 -0.016912317997614581 -0.017628266929216218 -0.0039399178848668528 0.0079350512221528311 0.01639101076284237 -0.0086051032057456959 -0.0086447355412189193 -0.00092615265213673238 0.0018135097670022367 0.015386723643581728 -0.025763160903021189 -0.0029085358706055723 0.0092910207700220484 -0.017415453622587392 -0.0084210203943867693 -0.0026301688946322962 8.737305486565853e-05 -0.0078406384034372407 0.024983082126825568 0.011667824364455421 0.073731003238524204 -0.021204486158043087 -0.0042319770221854345 0.0018573459001299548
leaf_weight=812.44046203347443 1421.6071760234781 83.160234130509707 20.43605432973709 3209.9159351541775 20380.974913382543 1151.7746371103713 630.69049534366059 1594.5794681760053 799.37278366005285 1732.6775030030094 118.37001628484177 2212.0283706979826 1393.3354666056548 2764.3820484594171 2971.6588361396734 1187.1502082048119 447.20846116013126 792.95725712854437 1530.8712789343363 125.65593681557948 3717.2968402166234 5813.9140160581446 279.0039981249829 502.37090218014782 101.14499614679517 430.02381988004163 36.837974005597061 210.99933778047125 3349.7778444350715 4690.8384502721328
leaf_count=702155 216234 22188 741 107070 635258 46597 226794 277801 29943 59390 12099 132517 60423 112587 135929 55726 32121 20747 41256 1601 160472 81994 3416 49416 674 5203 584 9681 114907 119818
internal_value=-7.06005e-05 0.000542844 -0.000842587 0.0114631 0.000100886 -0.00836369 -0.005561 -0.0161234 0.00825085 0.0041861 -0.0037125 -0.00730204 -0.0013544 0.000778853 -0.00240605 0.00441932 -0.0127349 0.00864068 0.00510621 -0.00135181 -0.00386841 0.000116933 0.00814495 0.00132209 0.0120008 0.018064 0.0379975 -0.00559704 -0.00530914 -0.000626294
internal_weight=64513.5 63701 56537.4 7163.57 50244.5 6292.97 4615.23 1677.74 5741.97 2532.05 3984.54 2330.4 29863.5 9856.57 20006.9 6275.36 1840.54 3510.98 2323.83 18166.4 6688.96 11477.4 972.667 1654.15 847.011 568.007 137.983 3581.21 3560.78 10504.8
internal_count=3475342 2773187 2360550 412637 1593138 767412 467423 299989 196403 89333 240629 144616 957880 355645 602235 230316 92544 117729 62003 509691 296401 213290 11478 96013 9877 6461 1258 125329 124588 201812
cat_boundaries=0 2 4 6 8 10 12 14 16 18 20 22 24 25 27 28
cat_threshold=2684620929 49792 10 14404 32546816 2621696 0 14340 336069488 1180689 8421376 2621440 0 256 0 524288 524336 1048592 0 1025 512 1025 336069152 131072 256 32768 524288 16
is_linear=0
shrinkage=0.05


Tree=63
num_leaves=31
num_cat=21
split_feature=16 17 16 16 17 17 17 16 17 16 17 0 17 5 16 16 17 0 16 0 6 6 17 16 17 5 0 3 16 17
split_gain=319.514 301.389 103.033 61.2172 377.064 113.846 68.849 58.4919 42.6121 152.054 76.4445 27.8231 24.7987 19.8667 18.9671 16.4277 96.624 24.0069 15.7009 15.3255 14.7606 14.5528 24.5399 18.9903 14.0414 12.9454 12.6836 11.6746 37.5818 152.487
threshold=0 1 2 3 4 5 6 7 8 9 10 48.500000000000007 11 1.5000000000000002 12 13 14 75.500000000000014 15 79.500000000000014 1.0000000180025095e-35 1.0000000180025095e-35 16 17 18 1.5000000000000002 59.500000000000007 1.0000000180025095e-35 19 20
decision_type=9 9 9 9 9 9 9 9 9 9 9 2 9 2 9 9 9 2 9 2 2 2 9 9 9 2 2 2 9 9
left_child=1 -1 12 6 -5 7 8 11 9 10 -4 25 -2 -13 -14 16 17 20 -10 -15 -7 22 26 -23 -25 -6 -20 -17 -29 -30
right_child=2 -3 3 4 5 15 -8 -9 18 -11 -12 13 14 19 -16 27 -18 -19 21 -21 -22 23 -24 24 -26 -27 -28 28 29 -31
leaf_value=0.0046848252479256506 -0.030730554761429475 0.052254614431048521 -0.0029622102692099914 0.07518153860718807 -0.0041937625183960884 -0.0018866466988114285 0.053659437079891008 0.057625211925198039 0.033851927867043545 -0.0024191550728601997 0.06774831962833032 0.020604714819339617 -0.014225665721640772 -0.0057648281490644288 0.022196653966592997 0.00068544820001100945 0.050230731074374584 -0.0065888228504315284 -0.017770760084851952 0.028183401720093093 0.0091399322262146008 -0.035897991214844403 0.047315365808167364 -0.010430420651698248 0.035730793112381837 -0.053339403370879335 0.003462928460093231 -0.0042919888755089952 0.06197559959266738 -6.7163030878533339e-05
leaf_weight=852.76369642860118 315.02495468255802 545.27763791213874 63.535919496265706 159.26838567724917 63.734124022423202 456.36668018802266 44.23252235795735 74.874747811169073 11.966715550021034 18079.608499618989 110.84714964107843 616.88801999507996 273.36011192633305 144.71443371404894 32.7920627812764 17966.251094682688 98.745059307859265 595.42629977551042 105.9724188077962 43.159221065579914 906.08172294942779 67.869349431246519 15.560810312781539 1900.2158037928457 7.5845288094642447 16.966364434614661 209.09134316327982 6230.2648269822766 89.748516888019367 13863.491907360158
leaf_count=121006 304080 95228 20514 6583 9110 35668 18381 23042 2000 1170387 4795 65113 201272 12638 7064 482267 14517 29598 12832 2992 28857 11082 1004 317154 357 2228 13498 131249 5235 325591
internal_value=-7.67979e-05 0.0234778 -0.000606802 -0.000401929 0.000708321 0.000402006 -0.0026267 0.0173255 -0.00277373 -0.00195971 0.0432218 0.0133123 -0.0207063 0.0162693 -0.00974577 -6.42316e-06 0.00433544 0.00177723 -0.00914739 0.00203392 0.00544646 -0.00951568 0.000152067 -0.0111817 -0.0100616 -0.0145261 -0.00356589 -0.000241564 -0.00106686 0.000376001
internal_weight=63961.7 1398.04 62563.6 61942.5 41326 41166.7 20616.5 960.337 20572.3 18254 174.383 885.462 621.177 804.762 306.152 40206.4 2056.62 1957.87 2318.26 187.874 1362.45 2306.29 330.625 1975.67 1907.8 80.7005 315.064 38149.8 20183.5 13953.2
internal_count=3475342 216234 3259108 2746692 1174688 1168105 1572004 115123 1553623 1195696 25309 92081 512416 80743 208336 1052982 108640 94123 357927 15630 64525 355927 27334 328593 317511 11338 26330 944342 462075 330826
cat_boundaries=0 1 2 4 5 6 7 9 10 11 12 13 14 15 16 18 19 20 21 23 25 27
cat_threshold=25165832 2523121153 33695745 1 3222557826 2147516416 21630992 2511981864 16 622656 20514856 3221225602 16777216 2148274964 33554432 65568 768 32 1314816 335544576 16384 2155906048 16 138936896 2 1310856 16
is_linear=0
shrinkage=0.05


Tree=64
num_leaves=31
num_cat=15
split_feature=15 15 15 15 15 0 4 0 15 15 0 0 15 4 13 4 7 4 0 15 15 4 15 15 0 15 15 15 4 6
split_gain=702.326 334.31 146.607 111.724 67.4334 54.8393 52.1299 41.958 149.044 92.8631 140.444 69.3004 121.949 42.9047 41.7063 41.1495 60.4356 37.7003 38.3494 37.2015 36.5506 35.0231 111.391 62.0896 39.7123 33.0231 32.4952 31.988 29.1945 28.2956
threshold=0 1 2 3 4 58.500000000000007 4.5000000000000009 58.500000000000007 5 6 74.500000000000014 68.500000000000014 7 6.5000000000000009 1.0000000180025095e-35 2.5000000000000004 1.0000000180025095e-35 7.5000000000000009 48.500000000000007 8 9 7.5000000000000009 10 11 60.500000000000007 12 13 14 2.5000000000000004 1.0000000180025095e-35
decision_type=9 9 9 9 9 2 2 2 9 9 2 2 9 2 2 2 2 2 2 9 9 2 9 9 2 9 9 9 2 2
left_child=-1 3 6 -2 7 27 -3 8 15 10 13 20 -13 -9 21 16 -4 18 28 -14 -11 25 -23 -24 -25 -7 -8 -6 29 -10
right_child=1 2 4 -5 5 14 26 9 17 11 -12 12 19 -15 -16 -17 -18 -19 -20 -21 -22 22 23 24 -26 -27 -28 -29 -30 -31
leaf_value=-0.048383548999573041 0.023718543528283696 -0.015655995457764759 -0.012450687609361286 0.0076679679685426093 0.00082657076518321236 -0.0035507008415317531 -0.00357335744636782 0.0032131284673132818 -0.011546347954663215 0.0069413562676092101 0.01273617114588093 -0.023313719624838063 0.0019694636569910925 -0.0055654275398016673 -0.026041528384976028 -0.010007207117192243 0.016726739920258759 -0.00710639342388105 0.010472661633527967 -0.0067241913276631085 -0.0025101225966200832 0.019524635374066724 -0.016658883651197609 -0.020366809419820362 0.0049972211308338382 0.0031995439277128176 -0.015755401447904886 0.0077614755287179595 0.0044243119919793721 0.021604060294723171
leaf_weight=733.86953382290903 1344.6369597332205 1651.0488896200486 341.21527349793587 5654.7552527718935 2416.241891710677 5323.9198147346087 3948.2787175180774 3101.2374871018856 608.33601110127529 1909.1315346610645 2954.2657445300174 906.85727461782881 1940.4304306757022 2525.2188537613765 149.11958852866337 5898.8956127358351 369.8397443257677 772.1955659965206 1759.6327234567343 3348.3523786044007 2184.122559069232 924.47604522599067 478.78478397870003 167.09023949485527 2019.5806780690309 2735.4776311021951 630.34193889833114 5409.8835008037677 1519.2002000078937 71.98688895405212
leaf_count=682677 216234 305577 20488 196403 102274 166521 240629 89486 19742 35088 108123 31663 64243 50228 27047 125316 8117 22050 61730 140083 99671 26807 14731 3787 72149 127998 240684 124098 48070 3628
internal_value=-8.3804e-05 0.000485845 -0.000801116 0.0107808 0.000103506 0.00238485 -0.00802639 -0.00137872 -0.00378268 6.54168e-05 0.00390384 -0.00313649 -0.00647492 -0.000726789 0.000233396 -0.00862448 0.00272531 0.00299347 0.00497091 -0.00353683 0.00190896 0.000569734 0.0046775 -0.000543239 0.00304515 -0.00126 -0.00529268 0.00563136 0.000569471 -0.00803861
internal_weight=63798.4 63064.6 56065.2 6999.39 49835.5 19624.6 6229.67 30210.9 11341.3 18869.6 8580.72 10288.9 6195.64 5626.46 11798.4 6609.95 711.055 4731.35 3959.16 5288.78 4093.25 11649.3 3589.93 2665.46 2186.67 8059.4 4578.62 7826.13 2199.52 680.323
internal_count=3475342 2792665 2380028 412637 1593138 665412 786890 927726 309141 618585 247837 370748 235989 139714 439040 153921 28605 155220 133170 204326 134759 411993 117474 90667 75936 294519 481313 226372 71440 23370
cat_boundaries=0 2 4 6 8 10 12 14 15 17 18 20 22 24 26 28
cat_threshold=2147750017 49792 10 14404 569417728 2621696 0 14340 336069424 197649 768 196624 768 196608 268435488 0 16 335544336 1073741824 4194312 33554432 262144 1073742916 1048576 8421376 2621440 1208092672 4194344
is_linear=0
shrinkage=0.05


Tree=65
num_leaves=31
num_cat=6
split_feature=16 16 16 16 0 14 4 16 16 0 4 14 4 0 0 12 0 14 3 3 0 0 0 3 0 0 0 4 5 0
split_gain=285.186 92.3731 59.2176 12.9687 44.8921 12.8993 10.4991 81.4452 49.8895 46.5124 46.4794 41.2574 30.5175 24.2328 24.0571 22.083 21.9672 19.6313 18.1614 17.7114 15.139 29.1408 13.8239 13.6994 21.1518 13.7524 72.6436 16.3365 16.279 13.5305
threshold=0 1 2 3 67.500000000000014 1.0000000180025095e-35 6.5000000000000009 4 5 33.500000000000007 8.5000000000000018 1.0000000180025095e-35 2.5000000000000004 20.500000000000004 50.500000000000007 1.0000000180025095e-35 33.500000000000007 1.0000000180025095e-35 1.0000000180025095e-35 1.0000000180025095e-35 35.500000000000007 36.500000000000007 29.500000000000004 1.0000000180025095e-35 64.500000000000014 24.500000000000004 28.500000000000004 5.5000000000000009 1.5000000000000002 78.500000000000014
decision_type=9 9 9 9 2 2 2 9 9 2 2 2 2 2 2 2 2 2 2 2 2 2 2 2 2 2 2 2 2 2
left_child=-1 2 -2 4 -3 -4 8 9 11 18 14 12 19 -13 -11 -15 -9 -16 22 29 -12 -22 -8 -14 25 28 27 -27 -25 -5
right_child=1 3 5 6 -6 -7 7 16 -10 10 20 13 23 15 17 -17 -18 -19 -20 -21 21 -23 -24 24 -26 26 -28 -29 -30 -31
leaf_value=0.022961706643623073 -0.018673403855849254 0.011577207913500771 -0.0036355563262796655 0.00067815432086625396 -0.0017860633046727168 -0.00099547845198350504 0.048539682111299685 -0.016916807857909756 0.0014725309895501125 -0.010612993304092905 -0.055185524332133154 -0.069636100016738298 0.003516239954712036 -0.011332371777520419 0.0067274176225180478 0.0051952504156824461 -0.00052689578934670962 -0.0033032817943909904 0.054980724964946714 -0.020800616295620133 0.086018983669366444 0.011289549482167302 -0.022797262733766435 0.013901102534555355 -0.0093831116428351648 -0.059659757111281943 0.0024260999521517053 0.0092175219767427694 0.090308017605180549 -0.066007538563124149
leaf_weight=1315.5260599299945 589.23374591926404 1168.5853258752577 13293.902585268082 204.75808539381796 1359.7451580855331 7096.5576757255767 11.710331420574223 208.70772859113822 16447.334636600193 344.20204464338531 8.4864161136792955 16.806990797544131 1830.1176737069118 1670.8027473607654 1552.1235777343627 229.91611674869273 9991.8348314676805 711.32986354193054 69.085965445439797 289.70287598163486 13.121102275326846 2261.9790992962735 16.166539243189618 69.591550351822661 719.11470444720362 59.967002486690035 1387.4018785240387 10.051925647239839 7.7471795226447275 7.9000602851010617
leaf_count=216213 511881 79603 601834 5665 86971 970755 161 3403 460331 5384 68 527 31933 77847 23846 30413 262650 27764 719 6176 93 40379 326 478 14641 436 14355 85 24 288
internal_value=1.49567e-05 -0.000478358 -0.00317227 0.000911796 0.0043731 -0.00271539 0.000681258 0.0017012 6.57548e-06 0.00692936 0.00626346 -0.00369719 -0.0011279 -0.0098617 0.00170231 -0.00933315 -0.000861396 0.00357509 0.041235 -0.012757 0.0114719 0.0117205 0.00716949 0.000302558 -0.00230691 0.00100866 -8.16424e-05 -0.0497717 0.0215549 -0.00179916
internal_weight=62963.5 61648 20979.7 40668.3 2528.33 20390.5 38140 15188.7 22951.2 4988.2 4891.24 6503.88 4586.35 1917.53 2607.66 1900.72 10200.5 2263.45 96.9628 502.361 2283.59 2275.1 27.8769 4083.99 2253.87 1534.76 1457.42 70.0189 77.3387 212.658
internal_count=3475249 3259036 2084470 1174566 166574 1572589 1007992 364793 643199 98740 97534 182868 74081 108787 56994 108260 266053 51610 1206 12129 40540 40472 487 61952 30019 15378 14876 521 502 5953
cat_boundaries=0 1 3 5 7 8 9
cat_threshold=25165832 3256253571 1 33695745 1 134217764 2 590400 590400
is_linear=0
shrinkage=0.05


Tree=66
num_leaves=31
num_cat=23
split_feature=15 15 17 15 15 17 15 15 15 15 0 17 17 3 15 17 17 15 0 17 17 3 17 15 15 17 6 15 5 0
split_gain=660.206 313.825 233.211 283.793 257.12 98.2914 148.2 83.2613 75.2994 68.3126 67.966 64.6791 57.4857 41.307 51.1606 115.59 39.2762 57.371 38.9288 38.7637 37.3225 35.9285 50.3382 33.3154 31.7385 49.4488 31.0238 30.5423 29.6298 29.5098
threshold=0 1 2 3 4 5 6 7 8 9 69.500000000000014 10 11 1.0000000180025095e-35 12 13 14 15 43.500000000000007 16 17 1.0000000180025095e-35 18 19 20 21 1.0000000180025095e-35 22 1.5000000000000002 26.500000000000004
decision_type=9 9 9 9 9 9 9 9 9 9 2 9 9 2 9 9 9 9 2 9 9 2 9 9 9 9 2 9 2 2
left_child=-1 5 3 16 19 7 -7 -2 10 11 26 -6 -12 14 29 -16 17 18 -3 -4 23 22 27 -15 -9 -26 -8 -13 -18 -10
right_child=1 2 4 -5 9 6 8 24 13 -11 12 21 -14 20 15 -17 28 -19 -20 -21 -22 -23 -24 -25 25 -27 -28 -29 -30 -31
leaf_value=-0.048473710732747054 -0.030063082172395124 0.016514890627272429 -0.010623752293678805 0.06550240014946225 0.048329460492562537 0.060692688263069616 -0.00046212830922266697 -0.012072533107405518 0.022821004751037158 0.0010034765737675958 -0.01925673661083712 0.013284286976616464 -0.0050529317458674755 -0.0060722968966824952 0.069531045427162652 0.0014234035445103224 0.021187542692195825 0.060955689879944958 -0.0064861118066632632 0.051579407027702244 0.003569327503238125 0.0019191247085999675 0.0015619940503543604 0.054179419465056861 0.061658779126712096 -0.0036256457804817186 -0.010672286140056747 0.046307766813132444 0.0019338201758744751 -0.0061857655852221964
leaf_weight=683.92148526634082 484.44665067785172 272.59171543988668 30.527591837220825 274.89747627609631 83.464896915693316 83.16855817416581 3329.3559345622198 2016.3118816866318 89.126124533242546 26557.338497665551 1535.6119030433183 1952.5987769452622 1366.5854912378527 1478.7879368722788 54.389771806090721 1961.2251983962497 1112.2713043786034 31.932041082254273 565.75562524890711 300.90179980900211 6543.1675620010083 2598.131164323815 1183.7908801488666 13.45394111308269 19.627474676221027 1431.191285348109 958.09814910031855 66.81855027040001 243.57917572111 5409.077503475547
leaf_count=627331 209789 16070 1998 40896 29306 11157 142865 213731 1670 586410 137018 52234 101755 50524 1821 80134 62982 2136 106774 57773 236059 115699 61909 245 756 106124 185594 4131 11260 219098
internal_value=2.609e-05 0.000568396 0.00366589 0.0183539 0.00253975 -0.00351243 -0.00224903 -0.010785 -0.00250582 0.00208481 -0.00673407 0.00695476 -0.0126522 -0.00054769 -0.00321307 0.00359542 0.0122648 0.00384908 0.000981046 0.0457066 0.00194399 0.00627736 0.00983193 -0.00517203 -0.00801269 -0.0023264 -0.00274375 0.0145998 0.0175988 -0.00570519
internal_weight=62732.1 62048.2 35274.6 2501.03 32773.6 26773.6 22822 3951.58 22738.9 32442.1 7189.65 5884.8 2902.2 15549.2 7513.82 2015.61 2226.13 870.279 838.347 331.429 8035.41 5801.34 3203.21 1492.24 3467.13 1450.82 4287.45 2019.42 1355.85 5498.2
internal_count=3475249 2847918 1149578 240118 909460 1698340 1167940 530400 1156783 849689 567232 263279 238773 589551 302723 81955 199222 124980 122844 59771 286828 233973 118274 50769 320611 106880 328459 56365 74242 220768
cat_boundaries=0 2 4 6 8 10 12 14 16 18 20 22 23 25 27 28 30 31 32 33 35 37 38 40
cat_threshold=2147750017 16896 905617968 2786705 2148028956 16 1073744132 73826 0 8224 2483045148 16 1572864 525312 544211456 32896 92307488 2097152 2 6210 1086597216 4 1050624 268435968 17 1572928 4 2147488256 0 8226 32768 8945696 1048576 4325392 272 268443664 656640 2147483656 0 64
is_linear=0
shrinkage=0.05


Tree=67
num_leaves=31
num_cat=22
split_feature=15 15 17 15 15 17 16 15 15 3 15 17 15 17 0 3 17 16 17 17 17 5 15 5 15 15 5 5 0 15
split_gain=629.136 279.42 237.705 274.85 221.565 91.6297 152.003 77.2395 72.032 56.9351 78.2029 56.9556 145.144 51.1268 54.4153 50.4965 47.4131 46.149 110.293 43.4754 42.4319 41.764 38.9871 40.2788 37.9686 36.2489 32.6354 31.8537 31.6863 85.3349
threshold=0 1 2 3 4 5 6 7 8 1.0000000180025095e-35 9 10 11 12 60.500000000000007 1.0000000180025095e-35 13 14 15 16 17 1.5000000000000002 18 1.5000000000000002 19 20 1.0000000180025095e-35 1.5000000000000002 66.500000000000014 21
decision_type=9 9 9 9 9 9 9 9 9 2 9 9 9 9 2 2 9 9 9 9 9 2 9 2 9 9 2 2 2 9
left_child=-1 5 3 19 20 7 -7 -2 13 10 16 12 -12 14 26 17 -6 21 -19 -3 -4 -10 23 -11 -18 -21 -8 -27 29 -24
right_child=1 2 4 -5 9 6 8 -9 15 22 11 -13 -14 -15 -16 -17 24 18 -20 25 -22 -23 28 -25 -26 27 -28 -29 -30 -31
leaf_value=-0.048158917122029937 -0.029033091524980764 0.0040017736560717552 -0.012150204178645971 0.063844365539336201 0.00091380914326675124 0.061905657519384177 -0.0072942770276666086 -0.0074240150831386634 -0.0037530115338843665 -0.0076530668072990679 0.0028942091730355174 -0.0061377687602839036 0.055758172955161889 -0.0022953522815261996 -0.0179354890809111 0.0016544873261716379 0.037556014754181279 0.069046861943778529 0.0013447130127508336 0.04940346465596597 0.051330458876752062 -0.01527159761381792 -0.0026324841372360398 0.01413503404787185 0.011992311746718188 0.019990008257293895 0.016519657265723176 -0.0010756214598059571 0.0044831573652823259 0.013307969277982098
leaf_weight=660.04257797161017 464.69027674190511 912.27907684800311 31.535779113226454 288.6066989453625 1034.6548284303426 83.148014256466922 789.39369273633929 3479.2500388585586 7004.4391794698331 2327.9083314367053 8199.0062614352646 1762.4463504947471 122.03278899226279 2524.5961992681041 1628.873819564411 10520.350246082409 148.97412347715363 52.103200095312786 1962.8182223986641 83.547129492743352 269.75128289887652 886.54794810785097 7128.8419669364666 233.38403430217295 2891.3799066400534 949.52031106317736 175.93324916990241 221.27217398180437 4483.0102888035653 941.54800057664215
leaf_count=682218 154715 133193 1998 43828 56856 11994 120162 295360 233776 108321 169287 80947 7624 183873 206221 355796 16087 1818 87769 19678 54905 35843 110799 10050 69366 42282 14599 8583 120835 36466
internal_value=2.94702e-05 0.00055352 0.00378865 0.0187081 0.00254416 -0.00295056 -0.00185652 -0.0100371 -0.0020882 0.00209719 0.00437624 0.00200541 0.00373549 -0.00738655 -0.0123133 -0.00075748 0.0102128 -0.00331982 0.00342774 0.0124299 0.0445091 -0.00504073 -3.62841e-05 -0.0056457 0.0133639 0.0184796 -0.00295413 0.0158732 0.00111183 -0.000759532
internal_weight=62261.9 61601.8 32029.7 2455.23 29574.5 29572.1 25628.2 3943.94 25545.1 29273.2 14158.5 10083.5 8321.04 5118.8 2594.2 20426.3 4075.01 9905.91 2014.92 2166.62 301.287 7890.99 15114.7 2561.29 3040.35 1254.34 965.327 1170.79 12553.4 8070.39
internal_count=3475249 2793031 1091105 247564 843541 1701926 1251851 450075 1239857 786638 400167 257858 176911 524855 340982 715002 142309 359206 89587 203736 56903 269619 386471 118371 85453 70543 134761 50865 268100 147265
cat_boundaries=0 2 4 6 8 10 12 13 14 16 18 20 22 23 25 26 28 29 30 32 34 36 38
cat_threshold=2147750017 49792 905618224 2753809 2148028988 16 1073743876 73830 0 8224 2483045132 16 1073741984 544211456 25198624 2097152 16386 4198474 26388864 32 1073744960 1114112 1050624 16941440 32 269504768 1572928 4 2147488264 32768 1073758284 4194316 16386 4098 0 8256 3072 1118272
is_linear=0
shrinkage=0.05


Tree=68
num_leaves=31
num_cat=23
split_feature=15 15 17 16 15 17 16 15 15 15 17 17 0 15 0 17 3 16 17 3 17 15 15 17 15 0 0 15 15 0
split_gain=594.261 244.181 197.821 231.467 223.887 83.6955 225.151 71.5519 61.1757 53.2534 59.0306 46.8558 51.1569 39.3519 54.9002 36.4472 31.9598 41.5378 75.2666 31.3958 42.3444 28.7101 28.286 38.3998 28.0423 26.6248 26.3337 100.727 29.7588 25.4821
threshold=0 1 2 3 4 5 6 7 8 9 10 11 60.500000000000007 12 49.500000000000007 13 1.0000000180025095e-35 14 15 1.0000000180025095e-35 16 17 18 19 20 60.500000000000007 72.500000000000014 21 22 26.500000000000004
decision_type=9 9 9 9 9 9 9 9 9 9 9 9 2 9 2 9 2 9 9 2 9 9 9 9 9 2 2 9 9 2
left_child=-1 5 3 13 15 7 -7 -2 11 10 -6 12 -8 14 -3 -4 17 29 -19 20 21 -12 -9 -24 -13 -21 28 -28 -18 -10
right_child=1 2 4 -5 9 6 8 22 16 -11 19 24 -14 -15 -16 -17 26 18 -20 25 -22 -23 23 -25 -26 -27 27 -29 -30 -31
leaf_value=-0.04940821212333088 -0.027089549374499745 0.015409483336583424 -0.0096980788210103488 0.063221760134567456 0.047568702851680286 0.061560960166900207 -0.0027058327917325311 -0.011188124982568638 0.017196244703528856 0.00090820363147575906 0.012213412568253241 -0.029249548573328284 -0.017298263926262349 0.01536471543665313 -0.020156191994606786 0.051082537631370953 -0.00062116999695713672 0.078352696856430995 0.0021997864090706159 -0.0056692236108345923 0.0013808806258395669 0.04553654543881698 0.050880104868152358 -0.0035525278883662055 -0.0011332825529698195 0.0051139024513278779 -0.012612330850893897 0.0062380450038197928 0.0063065940398945395 -0.0055409128010506297
leaf_weight=591.76587724305909 498.90655306733606 226.15136652229103 30.709284988290165 237.57231268064834 75.417105301907213 129.17829576130407 959.24393026705366 2008.6641419712687 125.8143625946168 26444.58687249686 1875.6236042717937 82.158320199669106 1606.4252300241787 1651.9435797982264 208.58053829328219 267.14371598900834 2926.8045669149487 23.107092567253858 1739.3407112240584 860.27433934379951 1167.9462821508278 60.448575042770244 23.019118714135402 1862.176025898033 2427.7102682984078 1710.9882110744948 1345.2888144699646 1477.2508821433294 3290.4347502178498 5989.9650330820159
leaf_count=645586 192815 20519 1998 40278 29306 15601 134761 186736 2353 586410 52234 41912 206221 100796 78525 57773 115263 305 72617 45678 61909 4131 2015 132046 141897 70021 45520 70170 84766 235087
internal_value=3.71223e-05 0.000522163 0.00327492 0.0173366 0.00226406 -0.00309234 -0.00183818 -0.00939002 -0.00223836 0.00185766 0.0062146 -0.00704785 -0.0117965 0.0118359 -0.00161741 0.0447045 -0.000792161 -0.00312052 0.00363464 0.00558235 0.00897691 0.0134825 -0.00705866 -0.00262292 -0.00216607 0.00150616 0.00123614 -0.00276907 0.00305445 -0.00506488
internal_weight=61924.6 61332.9 34817.4 2324.25 32493.1 26515.5 22122.7 4392.77 21993.5 32195.3 5750.7 5075.54 2565.67 2086.68 434.732 297.853 16918 7878.23 1762.45 5675.28 3104.02 1936.07 3893.86 1885.2 2509.87 2571.26 9039.78 2822.54 6217.24 6115.78
internal_count=3475249 2829663 1149578 240118 909460 1680085 1166473 513612 1150872 849689 263279 524791 340982 199840 99044 59771 626081 310362 72922 233973 118274 56365 320797 134061 183809 115699 315719 115690 200029 237440
cat_boundaries=0 2 4 6 7 9 11 12 13 15 17 19 20 22 23 24 25 26 28 30 32 33 35 37
cat_threshold=2147487873 49792 905880112 2753809 2148028956 16 814333962 0 8224 2491434764 16 1077936288 544473600 25198624 2097152 2 6210 1086597216 4 1050624 0 34 32768 269504512 1572864 1048576 0 64 268574720 132352 8388608 16 16777216 335544336 1 67117584 16
is_linear=0
shrinkage=0.05


Tree=69
num_leaves=31
num_cat=15
split_feature=15 15 15 4 15 15 4 15 15 15 3 4 15 4 0 15 15 15 0 0 13 0 5 16 5 15 3 4 15 0
split_gain=542.626 230.922 172.525 71.509 121.292 90.8345 56.6098 119.479 84.1826 55.3669 44.6848 38.369 31.3303 70.4807 33.6608 60.5101 29.3373 29.2056 55.377 28.9856 28.4026 27.317 25.971 25.5947 25.3904 46.9966 25.323 24.6853 24.6121 24.2749
threshold=0 1 2 6.5000000000000009 3 4 6.5000000000000009 5 6 7 1.0000000180025095e-35 8.5000000000000018 8 3.5000000000000004 69.500000000000014 9 10 11 46.500000000000007 72.500000000000014 1.0000000180025095e-35 77.500000000000014 1.0000000180025095e-35 12 1.0000000180025095e-35 13 1.0000000180025095e-35 1.5000000000000002 14 76.500000000000014
decision_type=9 9 9 2 9 9 2 9 9 9 2 2 9 2 2 9 9 9 2 2 2 2 2 9 2 9 2 2 9 2
left_child=-1 -2 3 4 22 -5 8 20 12 11 -6 -9 14 27 -4 -16 -12 26 -19 23 24 -20 -3 -7 -8 -26 -10 -14 -21 -28
right_child=1 2 6 5 10 19 7 9 17 -11 16 -13 13 -15 15 -17 -18 18 21 28 -22 -23 -24 -25 25 -27 29 -29 -30 -31
leaf_value=-0.048681507989880912 0.022507808790063012 -0.012872366961838827 -0.001283669481479132 -0.0032444602619445396 -0.0024583201711154707 -0.0070714542522694185 -0.00053725917416679286 0.0084653565477666361 0.0065268339852128376 0.0049189698172324506 0.0077676199519438049 0.020022389365744894 -0.032473725407827274 -0.00041695227363072328 0.019737222796787704 0.00072454277811210372 0.0010740866077393666 0.023460618359579601 0.0085942601869623322 -0.0081008210456784344 -0.02944930292885703 -0.0057565020042353162 0.002108866705585005 -0.019784965665317525 -0.037534407724504532 -0.0049274551024608209 -0.0058917071644092513 -0.011456770763746208 -0.027441704915493206 0.008242893319564128
leaf_weight=556.25542310179662 1158.1341275920254 2298.0070511770609 8534.3691842075259 5787.1103364329756 5760.7539978124205 1398.6186598405493 2212.0945732533128 1888.2882554391181 1805.404367657391 8285.3118434778789 2535.2299743604299 1158.9546074515692 155.62413464664314 3028.4826953519514 556.52447291465069 1617.755818639127 4619.6134390004745 563.4713534509433 1729.3214107414251 265.8792533107262 106.75526512483793 410.27968903194596 330.95279855030822 569.1062138825655 128.85509216711034 592.8221434408897 1151.8353669157282 1366.5594559784713 595.34501602509408 412.55995542329765
leaf_count=645586 216213 397814 138579 287720 305764 68651 61286 58964 67997 162194 125961 39234 11236 128609 7465 56560 197278 28750 78545 52492 15130 21039 37416 72049 4319 18672 48335 55972 46243 19176
internal_value=3.86706e-05 0.000490669 6.10491e-05 -0.00320121 -0.00117737 -0.00685622 0.0022688 0.00469488 0.000635225 0.0070526 0.000818624 0.0128188 -0.00134696 -0.00481789 0.000131144 0.0056851 0.00345821 0.00560884 0.00947997 -0.0141831 -0.00410243 0.00584243 -0.0109448 -0.0108849 -0.00319408 -0.0113378 0.00248476 -0.0136055 -0.0218834 -0.00216415
internal_weight=61580.3 61024 59865.9 24160.6 15544.6 8616.06 35705.3 14373.1 21332.2 11332.6 12915.6 3047.24 15259.3 4550.67 10708.6 2174.28 7154.84 6072.87 2703.07 2828.95 3040.53 2139.6 2628.96 1967.72 2933.77 721.677 3369.8 1522.18 861.224 1564.4
internal_count=3475249 2829663 2613450 1591388 1064233 527155 1022062 359799 662263 260392 629003 98198 398421 195817 202604 64025 323239 263842 128334 239435 99407 99584 435230 140700 84277 22991 135508 67208 98735 67511
cat_boundaries=0 2 4 6 8 10 12 14 16 18 20 22 24 25 26 27
cat_threshold=2147487873 49792 0 14340 905880096 2229521 569409536 2097152 82477056 2228240 167772492 262154 1073743184 5832744 1073741824 4718656 1344 1114120 0 65536 512 132097 134236164 64 1342325760 33554432 554705408
is_linear=0
shrinkage=0.05


Tree=70
num_leaves=31
num_cat=15
split_feature=15 15 15 15 0 15 15 15 0 15 15 8 4 15 5 0 4 15 15 4 3 0 14 15 0 0 15 4 4 15
split_gain=487.105 210.912 152.19 40.6718 37.3599 170.884 39.6054 35.0074 26.0432 121.237 37.4197 27.3452 26.6657 23.3507 146.269 64.9979 30.0313 43.5317 33.9456 28.821 26.7283 23.4683 23.1747 20.4797 38.1309 24.2163 24.7853 22.0961 20.3745 20.0028
threshold=0 1 2 3 74.500000000000014 4 5 6 74.500000000000014 7 8 1.0000000180025095e-35 5.5000000000000009 9 1.5000000000000002 43.500000000000007 4.5000000000000009 10 11 7.5000000000000009 1.0000000180025095e-35 20.500000000000004 2.5000000000000004 12 66.500000000000014 68.500000000000014 13 7.5000000000000009 7.5000000000000009 14
decision_type=9 9 9 9 2 9 9 9 2 9 9 2 2 9 2 2 2 9 9 2 2 2 2 9 2 2 9 2 2 9
left_child=-1 -2 3 -3 23 28 -7 -4 13 -10 11 -11 -12 14 15 -9 18 22 20 -17 -15 -19 -18 24 -5 -25 27 -27 -6 -23
right_child=1 2 7 4 5 6 -8 8 9 10 12 -13 -14 16 -16 19 17 21 -20 -21 -22 29 -24 25 -26 26 -28 -29 -30 -31
leaf_value=-0.046092018360610082 0.021608971446291463 -0.0090175084533854078 0.0056201525332755719 -0.0064471418323954425 0.0067802021326157785 -0.026349624931455908 -0.010753113418213568 0.026580930125912613 0.013795382502251728 -0.01598157707198343 -0.0056058437874153726 0.073070366626952182 0.0046990632065196259 -0.0028707593596440637 -0.043776614156898271 0.0078923767284248721 -0.0048765274524328432 -0.046353371102524667 -0.0005149776176679049 -0.008858331974574498 -0.01566767949411119 0.0017428569218926827 -0.052685900202356084 0.0011417211487397558 0.0023813121730974721 -0.0051922706354325257 -0.0076365582521579021 0.016094099147917162 -0.0034258777326137465 0.0068574469544456368
leaf_weight=557.79106008919757 1143.7715120916314 2419.2158164756192 6253.2893980800482 3757.048441286538 1878.9734615716616 483.79495457292978 2851.5669605409885 421.39551073510938 2132.9064014638393 485.2622134771359 1018.0214992434057 8.7764487657395858 1637.6672514627071 881.00692092570716 139.75377354255215 1263.8222721889665 1814.5807027223418 24.259729796771353 5220.64482391409 322.27471694841552 760.06012237596406 8671.9463248416887 25.706170472964004 9886.2741166871947 1813.383974634794 248.84254361108106 1646.9143580932123 239.0098782783316 661.03131210682113 2451.8224258166756
leaf_count=682246 216475 602200 252402 217220 102603 20023 133140 21750 48371 19369 53316 4366 74880 34909 7104 53329 21526 248 107614 13575 28149 114773 8481 343548 83437 13382 56181 7350 37174 96841
internal_value=3.73661e-06 0.000435821 2.46883e-05 -0.00285478 -0.00221589 -0.0056689 -0.0130874 0.00224769 0.00147285 0.00462589 -0.00162208 -0.0141139 0.000746011 0.000716323 0.00565669 0.00912623 0.000178966 0.00159262 -0.00249664 0.00448885 -0.00874437 0.00276829 -0.00551439 -0.00106388 -0.00356675 9.88141e-05 -0.00473051 0.00513122 0.00410792 0.00287791
internal_weight=61120.8 60563 59419.3 25886.1 23466.8 5875.37 3335.36 33533.2 27279.9 5282.63 3149.73 494.039 2655.69 21997.3 2147.25 2007.49 19850 12988.3 6861.71 1586.1 1641.07 11148 1840.29 17591.5 5570.43 12021 2134.77 487.852 2540 11123.8
internal_count=3475982 2793736 2577261 1616258 1014058 292940 153163 961003 708601 200302 151931 23735 128196 508299 95758 88654 412541 241869 170672 66904 63058 211862 30007 721118 300657 420461 76913 20732 139777 211614
cat_boundaries=0 2 4 6 8 10 11 13 15 17 19 20 22 24 25 27
cat_threshold=2147750017 49792 0 14340 905486960 2752785 569384960 2097408 576 655376 268435488 2058 262208 134217984 4259840 33554432 2 33554436 1026 134217984 1073741824 4194336 512 655376 524368 148480 1114112
is_linear=0
shrinkage=0.05


Tree=71
num_leaves=31
num_cat=23
split_feature=15 15 17 15 17 17 15 15 17 15 15 17 3 15 15 17 7 3 17 15 17 0 15 6 0 15 15 17 0 15
split_gain=455.349 192.797 227.332 139.618 123.379 96.5569 72.9741 48.0845 46.0354 45.6556 42.844 39.7505 39.2019 50.204 36.2126 38.4544 34.8757 34.7764 34.6987 33.4132 48.0521 32.6572 32.2262 31.6932 29.5836 73.6607 69.7258 53.1094 38.4969 29.4619
threshold=0 1 2 3 4 5 6 7 8 9 10 11 1.0000000180025095e-35 12 13 14 1.0000000180025095e-35 1.0000000180025095e-35 15 16 17 43.500000000000007 18 1.0000000180025095e-35 72.500000000000014 19 20 21 37.500000000000007 22
decision_type=9 9 9 9 9 9 9 9 9 9 9 9 2 9 9 9 2 2 9 9 9 2 9 2 2 9 9 9 2 9
left_child=-1 2 -2 5 9 7 8 -3 -7 -5 11 21 13 18 15 -14 -11 19 -6 20 -12 23 -19 -8 25 -16 -26 -27 -29 -20
right_child=1 3 -4 4 12 6 10 -9 -10 16 17 -13 14 -15 24 -17 -18 22 29 -21 -22 -23 -24 -25 26 27 -28 28 -30 -31
leaf_value=-0.045791187389152721 0.0042881646638380858 -0.026454903478634891 0.051379396586870046 0.010476411044926231 0.00059031237676290067 -0.0029864467207526414 0.023991327137153719 -0.0082547027078999011 0.072142094106367016 0.061623236107598955 0.0022132877788524851 -0.0012153578483234881 0.052333972048254643 0.0018137479810299265 -0.0017341293333770613 -0.0046558089174879407 0.02519178243785862 0.0044442016628045448 0.047003819495674219 -0.0041920318387286791 0.059617559245243791 -0.011997438130496439 -0.0010833875058287182 -0.029776773255769381 -0.0042305833356322169 0.051021008644294701 0.013364753917593557 0.02864195171862768 0.004734633316165129 0.010605494393805367
leaf_weight=527.82993539292897 740.27909363398248 417.42644434579233 388.31490913432572 737.52839815133484 1020.8919584798277 38.987472592532868 119.89516074085259 2736.6597672521029 48.352264444249158 81.577318911734437 1710.5871623065177 2300.2263282886779 19.943090931488769 10314.941798804464 7980.6341890690119 3803.9556733139884 337.34245824337631 4649.9539049106907 48.78492604380699 7927.2173890246504 27.320226626687145 2249.1687379255382 6069.4082271027792 35.527958865750406 930.57252513160711 68.152645103633404 1409.1579389172784 198.00902290118916 1125.5084339749458 2750.0402270871195
leaf_count=682246 131720 139517 84755 31125 37169 15100 7289 226284 3862 18409 59566 162732 1100 329381 132102 142799 20558 204918 8766 306314 3085 314332 169595 16627 36768 3679 54463 12061 49648 70012
internal_value=1.15562e-05 0.000420103 0.0207998 2.78556e-05 0.0023561 -0.00250548 -0.00147009 -0.0107394 0.0417441 0.0183092 -0.0016371 -0.0059331 0.00172835 0.00363434 -4.60954e-06 -0.00422286 0.0315334 -0.000643142 0.00852367 -0.00281838 0.00345161 -0.0104224 0.00131756 0.0117006 0.00137505 0.000120661 0.00640566 0.0106927 0.00824904 0.011405
internal_weight=60814.2 60286.4 1128.59 59157.8 30827 28330.7 25176.6 3154.09 87.3397 1156.45 25089.3 4704.82 29670.6 14134.7 15535.9 3823.9 418.92 20384.5 3819.72 9665.12 1737.91 2404.59 10719.4 155.423 11712 9372.3 2339.73 1391.67 1323.52 2798.83
internal_count=3475982 2793736 216475 2577261 948040 1629221 1263420 365801 18962 70092 1244458 500980 877948 445328 432620 143899 38967 743478 115947 368965 62651 338248 374513 23916 288721 197490 91231 65388 61709 78778
cat_boundaries=0 2 4 6 8 9 10 12 13 14 16 18 20 22 24 25 27 29 31 33 35 37 38 39
cat_threshold=2147750017 49792 0 14340 2523121297 32 905487216 2228497 4849700 2483077900 5767168 256 7340544 16778240 1073741828 1056 562069504 2097152 1048608 16 16386 4194376 1073890304 4194312 2147522560 1073742216 32 2105360 131072 1074013232 4 2097952 131073 2052 1638496 33554446 1048578 9439232 16386
is_linear=0
shrinkage=0.05


Tree=72
num_leaves=31
num_cat=22
split_feature=15 15 17 15 17 16 17 15 0 15 15 17 15 15 17 17 7 17 5 17 6 5 17 16 7 0 17 15 0 17
split_gain=409.834 177.2 216.915 125.784 130.431 75.8629 75.5765 70.1891 46.2244 117.991 54.3693 41.8308 39.2876 32.9514 58.9207 30.5792 49.9123 29.4473 29.1787 26.3933 25.4076 24.7703 22.4335 21.7295 19.7783 18.8939 23.0648 40.1826 18.0992 17.707
threshold=0 1 2 3 4 5 6 7 68.500000000000014 8 9 10 11 12 13 14 1.0000000180025095e-35 15 1.5000000000000002 16 1.0000000180025095e-35 1.5000000000000002 17 18 1.0000000180025095e-35 47.500000000000007 19 20 77.500000000000014 21
decision_type=9 9 9 9 9 9 9 9 2 9 9 9 9 9 9 9 2 9 2 9 2 2 9 9 2 2 9 9 2 9
left_child=-1 2 -2 6 5 18 12 11 10 22 23 -8 -3 14 -6 28 -17 -14 -5 20 21 24 -10 -9 -12 -16 -27 -28 -11 -15
right_child=1 3 -4 4 13 -7 7 8 9 15 19 -13 17 29 25 16 -18 -19 -20 -21 -22 -23 -24 -25 -26 26 27 -29 -30 -31
leaf_value=-0.046597163900645645 0.0042543977945475172 -0.01504011483014742 0.051188429025665998 0.01854459366154566 0.053557419924572053 0.059252488231496064 -0.0020435395703758117 -0.003212700652513955 -0.001808732588079953 -0.011681701132718797 0.0049510159849883925 0.071482427846710744 0.052546781744061702 0.0011216331962321888 -0.0043030040756221995 -0.0082520017750314419 0.084505794133537149 -0.0044015789622643105 -0.0025790683018445675 0.0016339026835006263 0.10067572326635627 0.033312574836623074 0.0050052919457977876 -0.014871065030530803 0.074781990063067447 0.00042958722195996494 0.0067006594438071311 0.045908207703950363 -0.023922801609811556 -0.0032181161531287051
leaf_weight=458.04682774376761 736.37179188430491 1701.1969975114953 365.61063630805393 839.75379592948866 51.456602561856926 97.163741386509628 37.92109051195439 4086.7222123881807 3288.6912145404058 650.58966162082652 445.02523422605009 45.91411104472536 13.177717897801813 22921.194186420566 579.12207841915188 3196.4751344644228 14.568738119480257 1292.5319986334944 203.00071606968231 8419.110986208525 8.1251140097156149 106.6440332569764 1896.2342352849064 436.34077190209746 10.376323146774665 1738.9163185736033 3616.689265989442 57.294016839727192 563.52055468397884 2609.5170462399001
leaf_count=590635 131720 330093 84755 46053 9361 23116 15100 177661 123208 23272 12869 3578 1289 592309 25860 263628 658 88874 9244 273197 313 3998 63891 131248 463 64063 121291 8471 25928 229836
internal_value=8.94997e-06 0.000372273 0.0201463 -8.69851e-07 0.0020667 0.0186092 -0.00258101 -0.00161224 -0.00178664 -0.00443829 9.79194e-05 0.041551 -0.0100275 0.00146377 0.00478095 -0.0104229 -0.00780684 -0.00343182 0.0142952 0.0023471 0.0126685 0.0116216 0.000688135 -0.00436771 0.00654211 0.00427354 0.00519904 0.00743504 -0.0172215 0.000676977
internal_weight=60487.3 60029.3 1101.98 58927.3 32714.1 1139.92 26213.2 23206.3 23122.4 9610.08 13512.3 83.8352 3006.91 31574.2 6043.48 4425.15 3211.04 1305.71 1042.75 8989.28 570.171 562.046 5184.93 4523.06 455.402 5992.02 5412.9 3673.98 1214.11 25530.7
internal_count=3475982 2885347 216475 2668872 1129604 78413 1539268 1119012 1100334 500585 599749 18678 420256 1051191 229046 313486 264286 90163 55297 290840 17643 17330 187099 308909 13332 219685 193825 129762 49200 822145
cat_boundaries=0 2 4 6 8 9 11 12 14 16 18 19 21 23 25 26 27 29 31 32 33 35 37
cat_threshold=2147487873 16896 0 14340 2523121297 32 905748784 2261393 4866101 2013888644 2 2483077908 5767168 256 10486032 131088 562299136 2097168 16778240 275783680 164224 2050 262208 3221522432 20 8390656 2147516944 8912960 20 786472 4 4352 328 2048 64 2484117314 4
is_linear=0
shrinkage=0.05


Tree=73
num_leaves=31
num_cat=15
split_feature=15 15 15 15 4 15 15 15 4 15 5 0 15 4 15 4 15 15 15 4 0 3 0 3 0 15 0 0 4 16
split_gain=374.597 163.906 112.556 38.8172 33.8442 104.989 63.5029 37.7457 40.1034 34.0961 74.1262 33.6062 106.673 29.9847 28.2504 23.9728 35.3175 23.3793 22.2744 27.8484 25.3106 21.5422 21.4409 21.3516 20.9485 20.771 37.599 20.3698 19.7716 58.0029
threshold=0 1 2 3 4.5000000000000009 4 5 6 1.5000000000000002 7 1.5000000000000002 68.500000000000014 8 8.5000000000000018 9 7.5000000000000009 10 11 12 8.5000000000000018 79.500000000000014 1.0000000180025095e-35 61.500000000000007 1.0000000180025095e-35 74.500000000000014 13 49.500000000000007 27.500000000000004 4.5000000000000009 14
decision_type=9 9 9 9 2 9 9 9 2 9 2 2 9 2 9 2 9 9 9 2 2 2 2 2 2 9 2 2 2 9
left_child=-1 -2 3 11 5 7 15 8 -4 10 13 17 -13 -8 -12 -6 -17 21 20 -20 -14 -3 -16 -9 -21 -7 -27 -23 -19 -30
right_child=1 2 4 -5 6 25 9 23 -10 -11 14 12 18 -15 22 16 -18 28 19 24 -22 27 -24 -25 -26 26 -28 -29 29 -31
leaf_value=-0.045911984889724769 0.01959727095230572 -0.0060045016446575693 -0.032095576348032839 -0.0087359315834008768 0.0049683489336346228 0.0029696483221083366 0.0019318625635028038 0.0024038864531917828 -0.0066091414817538458 0.0024773591937910424 0.0027452670257887869 -0.012317232620835063 -0.00057185918294846841 -0.01180565744634892 -0.05197603996535808 -0.00095890862406501274 0.014299463823925499 0.0039382556223024646 0.0035587670019476361 -0.016310766277669982 -0.011022268752684427 -0.034158595774108978 -0.02275434190628909 -0.0034195961922123806 -0.00021343983370309782 0.023467197820388974 0.0069188730099968765 0.0012949084018761773 -0.0044236044666579035 0.006183156215346073
leaf_weight=430.88915269348536 1075.5324487471958 2810.8694763465683 166.59007089819079 2240.3348294857933 4509.9302483413639 1078.3158962271091 2114.0573609030353 2731.0842577851313 2100.5000514689059 11396.698785365963 79.092248756491244 2814.3618029207155 1546.36277360442 489.11174117078372 98.634644767214922 482.93470869996963 1856.1531495975751 3754.9985140186682 3342.5713330983526 335.19184579813736 926.56409185645998 41.298147977031476 172.65083699211209 3715.1341398021209 509.04827717093576 500.40493334542589 1092.9431961894743 2134.6077866053492 3699.3496664743002 1965.5084290555901
leaf_count=590635 216475 123555 10619 637505 175319 89534 134444 73732 89409 218705 8094 111509 73301 34482 8550 16150 81258 138353 118862 7363 60132 3121 15002 83580 16609 29560 61166 93389 80699 74870
internal_value=7.00962e-06 0.000345607 -1.03775e-05 -0.00245512 0.00194959 -0.000248696 0.00313109 -0.00290811 -0.00844468 0.00123658 -0.00354333 -0.00186248 -0.00417622 -0.000649292 -0.025146 0.00708836 0.0112062 -0.000342211 -0.000716309 0.0015058 -0.00446938 -0.00310689 -0.0321922 -0.000950873 -0.00660462 0.00840409 0.0120405 0.00062201 0.00112349 -0.000740322
internal_weight=60211.7 59780.8 58705.3 26121.1 32584.2 11385 21199.3 8713.31 2267.09 14350.2 2953.55 23880.7 9474.1 2603.17 350.378 6849.02 2339.09 14406.6 6659.74 4186.81 2472.93 4986.78 271.285 6446.22 844.24 2671.66 1593.35 2175.91 9419.86 5664.86
internal_count=3475982 2885347 2668872 1539268 1129604 437600 692004 257340 100028 419277 200572 901763 387776 168926 31646 272727 97408 513987 276267 142834 133433 220065 23552 157312 23972 180260 90726 96510 293922 155569
cat_boundaries=0 2 4 6 8 10 12 14 16 17 18 19 21 23 24 25
cat_threshold=2147487873 16896 0 14340 905748784 2261393 338198832 131089 1073759296 5832808 1073741826 4718688 1073741824 4718624 33686028 1026 335577120 131084 2 2621696 131088 2621456 1 133632 269484032
is_linear=0
shrinkage=0.05


Tree=74
num_leaves=31
num_cat=23
split_feature=15 15 17 15 17 15 17 15 4 15 15 5 4 15 15 15 17 17 17 5 17 15 15 4 4 17 15 5 17 15
split_gain=344.704 147.902 215.66 96.6668 138.946 196.568 72.7304 134.016 44.4362 132.518 64.7757 50.0989 43.5605 74.9694 54.9158 54.6596 124.186 51.5601 43.8156 40.3649 43.9867 96.2087 40.0201 39.5264 36.1747 35.9558 33.9 32.6925 30.3454 32.7793
threshold=0 1 2 3 4 5 6 7 4.5000000000000009 8 9 1.5000000000000002 4.5000000000000009 10 11 12 13 14 15 1.5000000000000002 16 17 18 1.5000000000000002 8.5000000000000018 19 20 1.0000000180025095e-35 21 22
decision_type=9 9 9 9 9 9 9 9 2 9 9 2 2 9 9 9 9 9 9 2 9 9 9 2 2 9 9 2 9 9
left_child=-1 2 -2 6 5 26 22 25 9 -9 11 -10 13 18 24 17 -17 -15 23 20 -11 -22 -3 -6 -14 -8 -5 -28 -16 -30
right_child=1 3 -4 4 12 -7 7 8 10 19 -12 -13 14 15 28 16 -18 -19 -20 -21 21 -23 -24 -25 -26 -27 27 -29 29 -31
leaf_value=-0.045303301484046939 0.003005080093510362 -0.014548628833478875 0.050942563844398429 0.024824145889244038 -0.036862895699858345 0.069174008839162901 0.00013231666358011569 -0.0084765130668224119 -0.0068631756676117974 0.0035107405136896213 -0.0012674330426572921 -0.024917270709353928 0.0058782974420005631 0.050826611984492981 -0.0041760226251664279 0.053401270732565446 0.0044770285613452733 -0.0016608927160854901 0.048177334853700349 -0.025334289361873083 0.011333901658671887 0.077828323700651264 -0.0037621817626380945 -0.0089409683006474814 0.019696691457234811 0.06589321810421879 0.010320713352019121 -0.011420684561619859 0.046252402602246757 0.0019016270418648154
leaf_weight=407.01068930565543 724.67483197644833 1710.2773051467921 341.29276325444334 303.52525777473193 135.18290277157939 149.16260058434955 36.397971627302468 2194.2828123562349 3093.737709310426 3065.4313017481618 10614.423528572144 438.74644394251663 2676.9022281465277 37.110385945323742 2249.2994029533775 133.54941931393114 1412.0007792994675 7126.8135443416468 22.710139150010946 98.29659934846859 1527.9620337388756 47.320373672303049 1767.2130263307122 2031.0250776222347 575.42940000121598 89.202513461053059 871.67463971029701 215.6927905678167 31.813685219525723 15769.414519701948
leaf_count=590635 121357 331381 95118 20039 6624 23993 13829 255240 259092 82227 347863 50749 102966 2896 128430 9383 69727 217905 2154 3960 56738 1319 127999 76317 30427 11290 57939 12330 2746 363309
internal_value=-2.81201e-06 0.000314678 0.0186841 -2.36158e-05 0.00171571 0.0163387 -0.00240096 -0.00129968 -0.00161765 0.00166074 -0.00322551 -0.00907985 0.0010115 -0.00155928 0.00232717 0.000524463 0.00902064 -0.00131853 -0.00980786 0.00635901 0.00704402 0.0138097 -0.00909361 -0.0106344 0.00829765 0.0482514 0.0102192 0.00595329 0.00124612 0.00202012
internal_weight=59897.6 59490.6 1065.97 58424.6 33741.3 1540.06 24683.3 21205.8 21080.2 6933.29 14146.9 3532.48 32201.3 10898.4 21302.9 8709.47 1545.55 7163.92 2188.92 4739.01 4640.71 1575.28 3477.49 2166.21 3252.33 125.6 1390.89 1087.37 18050.5 15801.2
internal_count=3475982 2885347 216475 2668872 1127185 114301 1541687 1082307 1057188 399484 657704 309841 1012884 385006 627878 299911 79110 220801 85095 144244 140284 58057 459380 82941 133393 25119 90308 70269 494485 366055
cat_boundaries=0 2 4 5 7 8 10 11 13 15 17 19 21 23 24 26 28 30 32 34 35 37 39 41
cat_threshold=2147487873 16896 0 14340 2523121153 905748768 2785681 2152349717 1073760788 66602 2483078932 5767168 524544 562331648 2097168 621019136 2097153 1073741840 4194336 0 4194400 149056 1114184 1058856 36960 4 1118248 4 17180674 4 268435712 1 275783680 164224 16777216 18448 66568 1090822280 52 33570824 2
is_linear=0
shrinkage=0.05


Tree=75
num_leaves=31
num_cat=19
split_feature=15 15 17 15 17 5 15 17 17 15 15 17 15 15 0 15 4 15 15 0 3 17 0 0 13 0 4 15 15 0
split_gain=315.514 144.815 186.081 83.5205 53.2179 45.6375 42.4914 228.331 41.2174 68.5172 56.0404 38.4913 114.466 34.5337 34.3527 40.0945 31.3999 29.3194 25.1221 48.6075 23.0232 16.5697 24.1867 19.1989 16.2935 15.9058 15.1124 17.833 14.8609 14.4553
threshold=0 1 2 3 4 1.0000000180025095e-35 5 6 7 8 9 10 11 12 70.500000000000014 13 1.5000000000000002 14 15 77.500000000000014 1.0000000180025095e-35 16 30.500000000000004 28.500000000000004 1.0000000180025095e-35 69.500000000000014 6.5000000000000009 17 18 62.500000000000007
decision_type=9 9 9 9 9 2 9 9 9 9 9 9 9 9 2 9 2 9 9 2 2 9 2 2 2 2 2 9 9 2
left_child=-1 2 -2 4 5 -3 7 -5 10 -10 -8 -9 16 24 15 -7 -13 -15 19 -12 21 -18 23 -23 -6 28 27 -24 -22 -19
right_child=1 3 -4 6 13 14 8 11 9 -11 18 12 -14 17 -16 -17 20 29 -20 -21 25 22 26 -25 -26 -27 -28 -29 -30 -31
leaf_value=-0.044596120811429302 0.0043814271945830626 -0.013920942135051462 0.050607470534073898 0.061530952987179532 0.096363047366132354 0.022650099236192187 0.051022199904366267 -0.00050122197914771272 0.05312297290945981 -5.3324944444304758e-05 -0.024600926092168532 -0.025668969474707166 0.054595944748266859 -0.030432762238401724 -0.014625338319701862 -0.02292974493502033 0.0036839467951590085 0.0055030937708937426 -0.0032582095918849531 0.0043440402728667287 0.0049780452716605772 -0.0083172417785393523 0.043345179466270367 -0.11431946114174558 0.026873492725183325 0.005246058538003264 0.018761217798749629 0.0071853590026815187 -0.0057715695965417568 -0.0030810130540898741
leaf_weight=384.80633675038735 702.95022319894133 2251.3670908145032 310.37994255947024 154.60818500866299 14.011355477938194 230.45147348025057 29.097996511816746 6354.2643936360146 50.671364839146918 38691.811776739531 531.63258339318054 87.400746543617061 104.3996429496774 75.371907005814137 164.52230664050512 53.181324222929106 1738.1459428789967 689.07821341066847 731.44652728312394 199.46127707176856 459.67988704721984 12.052507200755374 26.202524845769403 6.6165445447259108 21.197810328594642 1237.4936000115781 489.53189090061733 1200.3312760306335 1019.4438824344365 1701.2126758183585
leaf_count=591012 98524 522123 96251 18336 482 10458 4298 293332 6569 1111730 73925 7502 15508 72995 24600 27716 63058 49075 88661 26803 19933 392 2899 330 7182 43202 15048 35196 30661 119056
internal_value=-4.6178e-05 0.000250201 0.0188965 -7.69423e-05 -0.00611806 -0.0109797 0.000515469 0.00301259 -0.000285106 2.99148e-05 -0.00841288 0.00225446 0.00499497 -0.00084738 0.00355083 0.014094 0.00408446 -0.00163492 -0.00993384 -0.0164786 0.0045112 0.00720829 0.0106569 -0.0458857 0.0424656 0.00106329 0.0113341 0.00836982 -0.00243619 -0.000603842
internal_weight=59722.8 59338 1013.33 58324.7 5200.39 2699.52 53124.3 12890.2 40234.1 38742.5 1491.64 12735.6 6381.3 2500.87 448.155 283.633 6276.9 2465.66 1462.54 731.094 6189.5 3472.88 1734.73 18.6691 35.2092 2716.62 1716.07 1226.53 1479.12 2390.29
internal_count=3476857 2885845 194775 2691070 833687 584897 1857383 545397 1311986 1118299 193687 527061 233729 248790 62774 38174 218221 241126 189389 100728 210719 116923 53865 722 7664 93796 53143 38095 50594 168131
cat_boundaries=0 2 4 6 8 10 12 14 16 17 19 21 23 24 25 27 29 30 31 32
cat_threshold=2147487873 16896 0 14336 2535704211 32 569679872 2130304 2156955152 16 33688578 4456548 3222046886 32 1378156936 32 540680 1543504192 589843 12595264 20 1026 64 5251072 546340864 16777216 128 16904 131080 264 1026 1026
is_linear=0
shrinkage=0.05


Tree=76
num_leaves=31
num_cat=23
split_feature=15 15 17 15 17 5 15 17 17 15 17 15 16 4 15 15 2 15 17 15 2 3 17 15 17 17 4 15 17 2
split_gain=291.454 136.308 172.199 78.5889 48.7992 39.2068 37.2585 216.773 35.4189 106.018 31.5109 56.1145 52.4517 26.5111 25.4564 23.1327 25.4929 19.6553 26.4301 17.1576 22.0337 16.8735 20.1093 15.1839 22.9097 22.7558 14.8383 14.4005 130.554 55.6443
threshold=0 1 2 3 4 1.0000000180025095e-35 5 6 7 8 9 10 11 3.5000000000000004 12 13 1.0000000180025095e-35 14 15 16 1.0000000180025095e-35 1.0000000180025095e-35 17 18 19 20 1.5000000000000002 21 22 1.0000000180025095e-35
decision_type=9 9 9 9 9 2 9 9 9 9 9 9 9 2 9 9 2 9 9 9 2 2 9 9 9 9 2 9 9 2
left_child=-1 2 -2 4 5 -3 7 -5 23 13 12 -12 -8 26 -6 16 -7 -16 -19 20 -14 22 -15 24 -9 -25 -10 -13 -29 -30
right_child=1 3 -4 6 14 15 10 8 9 -11 11 27 19 21 17 -17 -18 18 -20 -21 -22 -23 -24 25 -26 -27 -28 28 29 -31
leaf_value=-0.044003005947098446 0.050398543265459075 -0.013420544702002322 0.0048224509240049618 0.061285882717973389 -0.028785945533211701 0.022412827498115545 0.051920217068911513 0.00091313062714190292 -0.023616210749467299 0.05350804881416811 0.051071478176605595 -0.00093100521505915857 -0.027268172957128269 0.0038629994906280336 -0.00094526127055612273 -0.018371013419846718 -0.0046674210419545671 0.067045419548078897 0.0053579531102387699 -0.0039644881275378444 -0.0080467619268574514 0.0021575790093691762 0.012311089320791587 0.041537322836676514 0.04040282149852796 -0.0043962499024307617 -0.0015878432264178244 0.031081499587784833 -0.001855500260097344 0.0039532286624602174
leaf_weight=364.63920065997286 289.71295031738964 2217.2898792442647 697.95515320807931 146.73025675064173 69.38248226113501 175.95561951870332 27.260780907010485 4231.9624852508823 83.052898243239724 99.872283125661852 43.785198194607801 20691.424381484707 229.06366901929141 1506.5472448831424 2326.3556040096673 90.813646377493569 171.72321286067017 15.759112441563047 75.944128424722294 967.50365200833039 427.05486023164121 2249.1588456415957 1367.8692280835767 17.442407000962703 27.06902695820645 2184.6202666749959 961.09370484499686 343.75627401037127 10626.026352318771 6736.6606707857354
leaf_count=591012 79786 550923 114989 16397 41937 6869 2873 102102 7338 15926 6812 715180 35788 51530 148788 51003 7178 366 26623 102176 53138 72815 40277 630 14041 137623 38906 21055 210167 212609
internal_value=-4.11078e-05 0.000237542 0.0185625 -7.70517e-05 -0.00597164 -0.0106787 0.000496336 0.00283531 0.00211394 0.00478939 -0.000255327 3.59932e-05 -0.00699825 0.00391516 -0.000923366 0.00294215 0.00878486 -8.62885e-06 0.0215088 -0.00829926 -0.0145358 0.00540135 0.00793952 -0.00048478 0.00125817 -0.00384628 -0.00334001 -3.54847e-05 0.00101094 0.000398037
internal_weight=59463.5 59098.8 987.668 58111.2 5143.22 2655.78 52968 12875.4 12728.7 6267.59 40092.5 38441.7 1650.88 6167.72 2487.44 438.492 347.679 2418.06 91.7032 1623.62 656.119 5123.58 2874.42 6461.09 4259.03 2202.06 1044.15 38397.9 17706.4 17362.7
internal_count=3476857 2885845 194775 2691070 833687 615973 1857383 497585 481188 226792 1359798 1165823 193975 210866 217714 65050 14047 175777 26989 191102 88926 164622 91807 254396 116143 138253 46244 1159011 443831 422776
cat_boundaries=0 2 4 6 8 10 12 14 16 18 20 22 23 24 25 27 28 30 31 33 35 37 39 41
cat_threshold=2147487873 16896 0 14336 1088170348 20 569679872 2130304 2156955156 16 33688586 4456516 3221915814 32 14950472 20 1026 64 1442955658 32 540672 8 3557298432 16777216 10518528 8421376 2097408 1074266408 16896 131072 256 33556482 4194368 8388616 4 0 4 1409286496 525329 8912900 20
is_linear=0
shrinkage=0.05


Tree=77
num_leaves=31
num_cat=14
split_feature=15 15 15 5 15 15 0 4 15 15 0 15 0 4 6 15 4 4 15 13 0 15 15 4 0 4 15 0 0 15
split_gain=268.014 126.122 72.0568 35.7782 91.9763 33.8781 30.4537 16.529 24.5534 13.875 15.846 20.268 13.1649 12.5202 9.288 9.24022 68.3774 52.4368 44.0789 29.6216 28.4302 32.5813 20.844 39.7644 36.3747 27.4238 26.7204 23.3774 22.4481 19.4722
threshold=0 1 2 1.5000000000000002 3 4 72.500000000000014 8.5000000000000018 5 6 65.500000000000014 7 47.500000000000007 5.5000000000000009 1.0000000180025095e-35 8 7.5000000000000009 6.5000000000000009 9 1.0000000180025095e-35 48.500000000000007 10 11 3.5000000000000004 77.500000000000014 2.5000000000000004 12 36.500000000000007 22.500000000000004 13
decision_type=9 9 9 2 9 9 2 2 9 9 2 9 2 2 2 9 2 2 9 2 2 9 9 2 2 2 9 2 2 9
left_child=-1 -2 3 7 6 -4 -5 9 -9 -3 11 12 -11 -14 -12 16 20 22 -18 -19 21 -7 23 -17 25 26 28 -28 -24 -26
right_child=1 2 5 4 -6 15 -8 8 -10 10 14 -13 13 -15 -16 17 18 19 -20 -21 -22 -23 24 -25 29 -27 27 -29 -30 -31
leaf_value=-0.043284095423986861 0.018056418516035257 -0.0046081415436124056 0.0027039711851431763 0.024708003123319607 -0.019213298176034857 -0.013197256956494492 -0.00073640153979205722 -0.03218032900264179 0.00072717734842847484 0.0085821117720944317 -0.017333472942856577 -0.019936218488308184 -0.012970011865483931 0.00069639166141947017 -0.0042030917526729716 -0.014255706150390832 -0.022214525868793467 0.004012227970367553 -0.0046980589242653359 -0.023038366070080557 0.0016575287536568111 -0.00094371112976094945 -0.049091568561847418 -0.0015039400031697028 0.021869784286990577 -0.0023056200043494973 0.025121739900383855 0.004989225413530609 -0.00087106987057426288 0.001229335894924101
leaf_weight=346.20724029324106 964.44251575784551 1177.0080783123722 12807.245812782505 354.02088819308847 274.06514237763622 683.97061930453947 176.08899030713656 50.773585715636727 841.45710860646795 179.54719333114917 1001.5999857079405 232.26296984069995 362.59229276671977 311.61637904119561 155.60498011618256 870.82045290710448 382.49193137057227 7800.5882065090846 4579.2565327469456 102.5337385064704 12895.022716246098 2511.7447061026132 26.220415643136221 2051.8473875011578 260.5241674421527 6738.275073228212 245.48914553010081 349.44012011442373 303.53576859471332 212.17237282466112
leaf_count=591012 194775 267482 497585 16373 63296 40541 8108 21515 62420 19617 82618 145107 36632 16907 93612 48655 31962 152129 160218 15111 554565 83826 859 100740 6428 106186 13153 17888 8895 18642
internal_value=-4.38583e-05 0.000217604 -8.24081e-05 -0.00574192 0.00392906 0.000466796 0.015955 -0.00755865 -0.00149799 -0.00913969 -0.0114458 -0.00715893 -0.00340944 -0.00665346 -0.0155679 -0.000249752 -0.000970638 0.000550722 -0.00610261 0.00366128 0.000611256 -0.00361056 -0.00167182 -0.0052853 -0.000366763 -0.00119757 0.00687688 0.0130768 -0.00456681 0.0130939
internal_weight=59248.5 58902.3 57937.8 5116.64 804.175 52821.2 530.11 4312.46 892.231 3420.23 2243.22 1086.02 853.756 674.209 1157.2 40013.9 21052.5 18961.4 4961.75 7903.12 16090.7 3195.72 11058.3 2922.67 8135.66 7662.96 924.685 594.929 329.756 472.697
internal_count=3476857 2885845 2691070 833687 87777 1857383 24481 745910 83935 661975 394493 218263 73156 53539 176230 1359798 871112 488686 192180 167240 678932 124367 321446 149395 172051 146981 40795 31041 9754 25070
cat_boundaries=0 2 4 6 7 9 11 13 14 16 18 20 22 24 26
cat_threshold=2147487873 16896 0 14336 569679872 2130304 542146560 33688586 4456516 17039360 256 10747904 2097408 40960 336069408 656401 0 1025 768 655360 1073741840 32 16384 1048584 134217728 65536
is_linear=0
shrinkage=0.05


Tree=78
num_leaves=31
num_cat=16
split_feature=15 15 17 15 17 15 17 0 15 17 17 15 17 15 6 4 4 15 3 17 0 0 15 0 0 4 4 0 3 4
split_gain=247.527 114.514 168.799 65.3727 39.2339 78.9816 91.5266 31.6499 30.8314 205.671 30.4785 101.264 27.6652 38.1718 26.9201 26.1128 23.4682 17.4928 15.1172 18.6241 23.0603 15.881 14.6735 34.7944 33.4417 37.5381 22.034 21.6376 19.4159 15.8864
threshold=0 1 2 3 4 5 6 47.500000000000007 7 8 9 10 11 12 1.0000000180025095e-35 4.5000000000000009 3.5000000000000004 13 1.0000000180025095e-35 14 30.500000000000004 28.500000000000004 15 77.500000000000014 76.500000000000014 8.5000000000000018 2.5000000000000004 22.500000000000004 1.0000000180025095e-35 9.5000000000000018
decision_type=9 9 9 9 9 9 9 2 9 9 9 9 9 9 2 2 2 9 2 9 2 2 9 2 2 2 2 2 2 2
left_child=-1 2 -2 4 -3 6 -6 14 9 -5 22 16 13 -10 -7 -9 -12 -15 19 -18 21 -21 24 29 25 26 -11 -28 -29 -24
right_child=1 3 -4 8 5 7 -8 15 12 10 11 -13 -14 17 -16 -17 18 -19 -20 20 -22 -23 23 -25 -26 -27 27 28 -30 -31
leaf_value=-0.042636459402237425 0.0038132693859185803 -0.018753269017954537 0.05013957813558087 0.061063800469688435 0.087871109589609767 0.016985152447592366 0.0029341501956781997 -0.014859050781186914 0.047760542278925414 -0.017798312656851747 -0.0032890067502664728 0.053099331251881238 -5.1463066509982846e-06 -0.028698453974329366 -0.011131303284100884 -0.004613343686864199 0.0034815757442095922 -0.0069381813336446959 0.0018653098032202714 -0.0073452470946919791 0.01236059146493081 -0.12020716604355899 0.0010802413523761964 -0.011137321730827722 0.015589791917256563 0.018739666721419856 -0.068866538619799814 0.0056895263452209216 -0.0063193720615792974 -0.011932133615299495
leaf_weight=329.11682474654071 684.49187264285933 495.87271871700796 269.74803267303651 138.60213763608272 40.417449327811482 273.2024934855508 99.44127263581413 769.41506738669341 20.919317798223346 215.40080745008891 1045.9865586086189 94.937611650745566 38719.885593752631 94.26044456307136 123.66928934863972 3243.3343608086507 1524.6525448489701 1145.9413054240722 2251.1653488913453 7.3560794875374977 1324.764902281694 5.408613159932429 3014.7285814261722 879.12095049512936 412.22951496553833 228.64033611527702 11.505235130120125 709.66854693212281 640.22912756193909 254.34777090795978
leaf_count=591012 98300 265085 96475 16397 662 24367 35191 166146 2211 6864 47306 16113 1198052 24756 34069 308167 55289 134779 75500 173 39902 202 118624 43467 19140 9085 281 20189 17053 12000
internal_value=-4.16356e-05 0.000204247 0.0172931 -8.08951e-05 -0.00551238 -0.00403122 0.0317056 -0.00523384 0.000439655 0.00257868 0.00188852 0.00436518 -0.000243426 -0.00750166 0.00822378 -0.00657788 0.00352916 -0.00880837 0.00493079 0.00734185 0.0116292 -0.0551667 -0.000547749 -0.00230132 0.00272794 -0.000193648 -0.00293902 -0.000587992 -6.05095e-06 6.78243e-05
internal_weight=59068.5 58739.3 954.24 57785.1 5045.35 4549.48 139.859 4409.62 52739.8 12758.7 12620.1 6254.27 39981 1261.12 396.872 4012.75 6159.33 1240.2 5113.35 2862.18 1337.53 12.7647 6365.87 4148.2 2217.67 1805.44 1576.8 1361.4 1349.9 3269.08
internal_count=3476857 2885845 194775 2691070 833687 568602 35853 532749 1857383 497585 481188 234485 1359798 161746 58436 474313 218372 159535 171066 95566 40277 375 246703 174091 72612 53472 44387 37523 37242 130624
cat_boundaries=0 2 4 6 8 9 11 13 15 17 19 21 23 25 27 28 30
cat_threshold=2147487873 16896 0 14336 2518926995 32 569679872 2130304 2155905552 7610368 256 1572900 16 33688586 4456516 3221915814 32 14950464 20 1026 64 369164680 32 1275068736 589843 16896 8 264 2050 4194368
is_linear=0
shrinkage=0.05


Tree=79
num_leaves=31
num_cat=13
split_feature=15 15 15 15 3 15 0 0 15 4 4 15 4 15 4 3 15 4 4 15 4 0 0 0 0 16 4 0 15 15
split_gain=231.998 105.616 61.4354 28.7231 31 31.4773 61.6667 39.1886 33.9203 32.3962 26.1805 25.3665 26.661 23.3862 22.8919 22.376 37.8052 42.3936 35.6785 26.3388 55.9668 37.1619 26.9127 22.5869 28.8016 21.6223 28.5732 18.5783 36.7732 17.8098
threshold=0 1 2 3 1.0000000180025095e-35 4 76.500000000000014 77.500000000000014 5 4.5000000000000009 3.5000000000000004 6 1.5000000000000002 7 2.5000000000000004 1.0000000180025095e-35 8 5.5000000000000009 7.5000000000000009 9 5.5000000000000009 34.500000000000007 43.500000000000007 48.500000000000007 26.500000000000004 10 8.5000000000000018 49.500000000000007 11 12
decision_type=9 9 9 9 2 9 2 2 9 2 2 9 2 9 2 2 9 2 2 9 2 2 2 2 2 9 2 2 9 9
left_child=-1 -2 13 15 11 6 9 10 -8 -6 -7 12 -5 -3 -13 16 17 -4 23 -17 -21 -22 -23 24 -18 26 -16 28 -25 -20
right_child=1 2 3 4 5 7 8 -9 -10 -11 -12 14 -14 -15 25 19 18 -19 29 20 21 22 -24 27 -26 -27 -28 -29 -30 -31
leaf_value=-0.047809608753090101 0.016751916856014615 -0.0044412871102834988 -0.0047480193840176797 -0.019055308395674472 -0.0063482433516008066 0.019279594689187329 0.013318983332539469 -0.0080058228707941669 -0.00090556677652040235 -0.0004129690405248174 0.005231763186206672 0.011388421709415585 0.0074447250452951879 -0.018077459318124336 -0.002080565835371887 -0.0014336291997844471 0.011403120942038521 0.0072037816402476728 -0.023803889178818892 0.0072723502418157093 -0.040102510914508491 0.022474340525422753 -0.0021165023053300799 0.050410291565755473 -0.011431922150562532 0.0021689345511275173 -0.025146705610665388 -0.0012054774806638082 -0.0032842694502145096 -0.0076901225187661184
leaf_weight=243.18306387654934 933.2489742552375 4747.4590196647478 1219.6784846333958 97.368964900770607 3674.7260288064463 441.23501992036381 1028.1528859235959 436.16198896526885 708.80541102840562 6141.3995912524933 1335.6055974214746 585.33041487443916 3762.4293889251662 330.22277658426719 872.42297496817014 7337.0232325198112 159.61437938547715 1894.2488735742127 182.61487705525542 3483.5858852354927 62.586878299429372 115.67205226125225 2918.8300638050337 42.176587350782938 1023.8561336685998 6715.345554316692 158.68110908895324 5868.874919232886 86.254513953746937 2281.8141496322542
leaf_count=374309 194775 538883 59460 6244 75204 30914 26165 27812 29817 94426 60056 25908 137576 511507 30996 239252 4974 55713 16079 173393 3269 5066 153628 403 53257 146193 7490 297268 4871 91949
internal_value=-5.01462e-05 0.000156022 -0.000115202 0.000391872 0.00157568 -4.97948e-05 -0.00109729 0.00539926 0.0075858 -0.00263487 0.0087202 0.00341238 0.00675871 -0.00536189 0.00185181 -0.000760182 -0.00227287 0.00251437 -0.00381706 0.000626038 0.00292017 -0.0019657 -0.00117913 -0.0020395 -0.00835217 0.0011336 -0.00557623 -0.000793804 0.0180183 -0.00901195
internal_weight=58888.6 58645.4 57712.2 52634.5 25957.7 13766.1 11553.1 2213 1736.96 9816.13 1776.84 12191.6 3859.8 5077.68 8331.78 26676.8 12759.1 3113.93 9645.21 13917.7 6580.67 3097.09 3034.5 7180.78 1183.47 7746.45 1031.1 5997.31 128.431 2464.43
internal_count=3476857 3102548 2907773 1857383 698801 344394 225612 118782 55982 169630 90970 354407 143820 1050390 210587 1158582 583974 115173 468801 574608 335356 161963 158694 360773 58231 184679 38486 302542 5274 108028
cat_boundaries=0 2 4 6 8 10 12 14 16 17 19 20 21 23
cat_threshold=4225 512 0 14336 2717163520 2146688 1409827696 656433 132096 5308492 0 4259904 131074 4194380 15761408 2097408 1073758288 1342193744 524304 33026 268435456 0 1025
is_linear=0
shrinkage=0.05


Tree=80
num_leaves=31
num_cat=23
split_feature=15 15 17 15 17 15 0 17 15 15 15 0 15 15 17 4 17 0 15 15 17 15 0 17 17 17 17 0 3 15
split_gain=216.832 98.183 183.827 65.1461 93.7649 222.912 44.0787 84.4271 57.3454 44.3018 35.3806 29.5584 29.0433 24.8108 54.1312 49.0008 30.4098 29.5482 49.2732 36.0459 29.284 32.4759 27.2803 26.9307 25.1702 24.4477 20.7805 20.459 20.2999 36.027
threshold=0 1 2 3 4 5 68.500000000000014 6 7 8 9 68.500000000000014 10 11 12 6.5000000000000009 13 75.500000000000014 14 15 16 17 77.500000000000014 18 19 20 21 30.500000000000004 1.0000000180025095e-35 22
decision_type=9 9 9 9 9 9 2 9 9 9 9 2 9 9 9 2 9 2 9 9 9 9 2 9 9 9 9 2 2 9
left_child=-1 2 -2 6 5 11 9 -8 -9 -3 -6 -5 -10 20 -15 17 27 19 -19 24 21 -12 -23 -20 -16 -11 28 -17 -22 -30
right_child=1 3 -4 4 10 -7 7 8 12 25 13 -13 -14 14 15 16 -18 18 23 -21 26 22 -24 -25 -26 -27 -28 -29 29 -31
leaf_value=-0.047635037600364569 0.0029099438699634831 -0.013496015788468456 0.05050445748096806 -0.00063333910533820855 0.044536509041131822 0.065593691798648476 -0.019909667201216591 0.055420150145936459 0.0003031406265843008 0.047338961683462348 0.039037335937285922 0.01565382106234376 -0.0070574350539863969 0.022634541196388573 0.043902542158934854 -0.046294147045206589 0.002730462283099424 0.018726090232275099 -0.016729573229753419 -0.0022499078597728412 -0.0026620716304953918 -0.018395010160654281 0.0023013332959157945 0.0028994337962070949 0.007271347436141916 -2.7588722005912018e-05 0.04099366629475832 0.011453184920465263 -0.005108619919221246 0.0031762953004019732
leaf_weight=228.60106203217515 798.36393361109344 628.09682298155803 264.46239310223177 698.70961611106986 35.53446070764312 171.29585792421676 924.16300713785222 30.878163411389323 2258.4695223552371 17.318655118186143 22.906901216392725 463.26729690756702 3301.7888060966498 286.99774017536765 44.49724433503161 15.512221851386128 8486.3966460908232 474.47821778770322 188.40013666918094 11588.62604336175 6894.9459015484072 557.7304917213005 222.83733279993248 1456.4009032102176 457.1488973018777 9669.0161943216226 19.909714060066108 1363.5886724894808 1728.414748967276 5348.1235771368038
leaf_count=373947 135234 339019 85535 45870 6610 27032 111176 9472 144816 1690 4125 34912 408206 25079 5060 337 139118 9410 13137 216000 240547 85333 33555 51188 25016 615773 11272 41711 74844 161479
internal_value=-6.75249e-05 0.000126748 0.0151132 -0.000153546 0.000932407 0.0139222 -0.0027675 -0.00598875 -0.00364562 -0.000735432 0.000487076 0.00581017 -0.00407253 0.000435741 0.00141635 0.00115411 0.00386178 -0.00072497 0.00472093 -0.00167957 -0.00117885 -0.0104023 -0.0123287 0.000563562 0.0113152 0.000105834 -0.000642125 0.0107259 -0.000730735 0.00115001
internal_weight=58646.9 58418.3 1062.83 57355.5 40525.7 1333.27 16829.7 6515.3 5591.14 10314.4 39192.4 1161.98 5560.26 39156.9 24362 24075 9865.5 14209.6 2119.28 12090.3 14794.9 803.475 780.568 1644.8 501.646 9686.33 13991.4 1379.1 13971.5 7076.54
internal_count=3476503 3102556 220769 2881787 1251635 107814 1630152 673670 562494 956482 1143821 80782 553022 1137211 526056 500977 181166 319811 73735 246076 611155 123013 118888 64325 30076 617463 488142 42048 476870 236323
cat_boundaries=0 2 4 6 8 10 12 13 14 16 18 20 22 24 26 28 30 32 33 34 36 38 40 41
cat_threshold=4225 512 0 14348 2523121299 32 2986139680 2146739 3242889344 32 1073741828 524288 3221260932 273694752 2714763264 49280 0 524288 10493952 306 1174537032 132096 262148 16 1048576 4 134217728 4259840 2 262144 2425096 16 1174405440 104 9437216 4 8296 20 9447460 4 1073872960
is_linear=0
shrinkage=0.05


Tree=81
num_leaves=31
num_cat=20
split_feature=15 15 17 15 17 0 15 15 15 17 0 15 15 17 17 17 15 4 17 15 0 15 17 0 15 4 0 3 4 0
split_gain=203.083 89.7505 174.417 60.8045 91.0781 41.03 48.4784 41.0361 38.5993 27.2934 22.5756 134.706 53.2051 160.071 51.8387 43.3905 36.1764 31.2843 30.2546 113.251 27.9606 27.1975 49.441 32.6013 26.44 34.2611 32.604 44.2886 47.1627 31.7511
threshold=0 1 2 3 4 68.500000000000014 5 6 7 8 73.500000000000014 9 10 11 12 13 14 3.5000000000000004 15 16 40.500000000000007 17 18 21.500000000000004 19 8.5000000000000018 45.500000000000007 1.0000000180025095e-35 6.5000000000000009 44.500000000000007
decision_type=9 9 9 9 9 2 9 9 9 9 2 9 9 9 9 9 9 2 9 9 2 9 9 2 9 2 2 2 2 2
left_child=-1 2 -2 5 8 7 -7 -3 -5 -9 12 -12 14 -14 -6 -16 -13 21 -15 -20 -19 23 -23 -17 26 -26 27 -22 -29 -30
right_child=1 3 -4 4 10 6 -8 9 -10 -11 11 16 13 18 15 17 -18 20 19 -21 24 22 -24 -25 25 -27 -28 28 29 -31
leaf_value=-0.047389911905330068 0.0028996701018447505 -0.014462453645157931 0.050318359086455537 0.05612235802885384 -0.014907075542077902 -0.017031829859474917 -0.0039714119129864956 0.036865150581227905 0.013163304995058564 -0.000201947998321869 -0.0066188174840607142 0.015491939924203148 0.054822336532979299 0.00021889644077426626 0.049468784008491876 0.021953885787120941 0.0051151993261998327 -0.0084434115362961217 0.0044105232222500347 0.065318011822493097 -0.011284071044634088 0.00041378351191199801 0.059449697867076372 -0.0083712667018187061 0.0019834755061803313 0.015956060998536734 -0.0022576145052432806 0.0061122541602407149 0.017602570995961825 0.069421602828060827
leaf_weight=215.78110183007652 793.76449214284526 505.51073155653467 248.88869595399478 48.27267780404145 725.34835013790871 795.10977466007716 6300.0101361106408 39.8788337596161 961.85617473435559 11390.360305025986 2658.5171383418601 1001.7046923794869 134.25134248892391 8375.8891185628454 31.954681650793646 91.361297839554027 5250.5601302992482 950.08546990258947 3238.4831935086577 68.350778697905298 138.60306678219877 629.02194323894219 27.63911314746565 2961.9169901676496 3567.732142296135 500.23430428750544 6523.0453689466431 170.05260799852113 52.0956288613379 68.339837945997715
leaf_count=373947 135234 310038 85535 17779 74013 131855 548686 7798 62512 655773 125993 24180 10037 166257 3149 1589 219026 18806 130227 10831 3605 16984 941 95524 106459 16765 119887 2153 605 315
internal_value=-6.13816e-05 0.00012206 0.0145893 -0.000144127 0.00100679 -0.00245216 -0.00546462 -0.000663472 0.0157463 -4.05139e-05 0.000602056 0.00279657 -8.9831e-05 0.00246801 -0.00192901 -0.00132077 0.00679979 -0.00145574 0.00182001 0.00586259 -0.000213324 -0.00546834 0.00375311 -0.0074395 0.000496223 0.00369259 -0.00137743 0.0119711 0.023067 0.0470067
internal_weight=58464.6 58248.8 1042.65 57206.2 38175.3 19030.9 7095.12 11935.7 1010.13 11430.2 37165.2 8910.78 28254.4 11817 16437.4 15712.1 6252.26 15680.1 11682.7 3306.83 11970.2 3709.94 656.661 3053.28 11020.1 4067.97 6952.14 429.091 290.488 120.435
internal_count=3476503 3102556 220769 2881787 1227637 1654150 680541 973609 80291 663571 1147346 369199 778147 317352 460795 386782 243206 383633 307315 141058 268595 115038 17925 97113 249789 123224 126565 6678 3073 920
cat_boundaries=0 2 4 6 8 10 12 14 16 18 20 22 23 24 26 28 30 32 34 36 38
cat_threshold=4225 512 0 14348 2523121299 32 3053232224 2146737 4902933 32 268697632 16640 2713714688 49280 167903234 1572928 1074012264 20 1107427350 263170 1207976712 4915264 1310720 1074004416 8388608 16 134217728 589824 58730506 20 1046 262146 1073742336 4784192 2105376 4 768 196608
is_linear=0
shrinkage=0.05


Tree=82
num_leaves=31
num_cat=5
split_feature=13 17 5 0 17 0 4 5 0 4 4 17 4 0 0 17 0 0 4 0 0 8 0 8 4 17 4 4 0 0
split_gain=2.88818 101.027 23.3953 19.9755 14.8196 12.4783 7.61336 7.46088 7.25899 10.2345 3.15089 3.96834 2.95591 2.67626 4.71652 2.66278 2.62736 2.58832 2.91048 3.45544 4.68071 2.7578 2.51898 2.49167 2.28088 2.0448 2.02563 2.64366 1.92199 1.81286
threshold=1.0000000180025095e-35 0 1.0000000180025095e-35 60.500000000000007 1 44.500000000000007 5.5000000000000009 1.5000000000000002 44.500000000000007 1.5000000000000002 7.5000000000000009 2 8.5000000000000018 50.500000000000007 55.500000000000007 3 62.500000000000007 62.500000000000007 1.5000000000000002 50.500000000000007 52.500000000000007 1.0000000180025095e-35 45.500000000000007 1.0000000180025095e-35 8.5000000000000018 4 9.5000000000000018 5.5000000000000009 45.500000000000007 31.500000000000004
decision_type=2 9 2 2 9 2 2 2 2 2 2 9 2 2 2 9 2 2 2 2 2 2 2 2 2 9 2 2 2 2
left_child=4 2 3 8 5 7 17 25 15 13 11 16 -11 22 -15 26 -5 18 19 21 -21 -7 -10 -24 28 -1 27 -2 -8 -28
right_child=1 -3 -4 10 -6 6 24 -9 9 12 -12 -13 -14 14 -16 -17 -18 -19 -20 20 -22 -23 23 -25 -26 -27 29 -29 -30 -31
leaf_value=0.010136833185054301 0.0060603568709155266 0.059161396445987828 -0.046584013032111057 -0.033728528326973664 -0.00012051189090692993 0.015179746132707908 0.037914416558864038 0.034363836943248925 0.060771410004254567 -0.0068614310631919286 -0.029395612596600087 -0.018272770161092959 -0.026095260360424363 0.065339377105449556 -0.0026062743104549218 -0.013452590944041113 0.013453646204793564 0.0092244834219052281 0.0028940413067117324 -0.067749688592562807 -0.011046721408510637 -0.090093891501760281 -0.035695141198717341 0.071194216553040549 0.018776876529830747 -0.0064614909929789762 -0.086800374058809096 0.020192334749368442 0.01026678288470774 -0.0076073945738877637
leaf_weight=12.422477563188295 123.32703924723319 49.846777530226973 38.55506853168481 3.451877040090042 56351.33759556264 9.8895712687080959 6.4355657663836601 12.292885718823525 1.3500734534754908 202.9021425206447 56.362688020191854 122.67623985160026 22.156955619400833 8.2525693500938342 3.6988733590696929 7.3063603206246617 20.31637256743852 156.15213927631339 251.96139375186613 5.1442657485313275 12.442010899583691 0.66386593756033185 3.338586171943462 0.65161895949859161 138.0458944185666 243.67377710655273 0.93748412467539211 45.230157178390073 270.47933017629839 3.1535579328192398
leaf_count=729 20646 9980 14523 836 3165559 1261 545 1587 188 37031 15451 39066 3186 993 763 2380 7817 26538 32204 365 1629 66 995 60 17979 29675 26 3604 40628 193
internal_value=-4.61179e-05 -0.00320768 -0.00865314 -0.00645211 -6.86643e-06 0.00566357 0.00867817 -0.00368639 -0.000258151 -0.00590692 -0.0193498 -0.0154834 -0.00875499 0.0311619 0.0443108 0.00734923 0.00464645 0.00406634 0.00119075 -0.0140604 -0.0276332 0.00855749 0.00173513 -0.0182396 0.0135266 -0.00551284 0.00851552 0.00985249 0.0109093 -0.0257549
internal_weight=58184.5 713.514 663.668 625.113 57470.9 1119.6 851.214 268.389 422.305 242.351 202.807 146.444 225.059 17.2917 11.9514 179.955 23.7682 436.253 280.101 28.1397 17.5863 10.5534 5.34028 3.99021 414.961 256.096 172.648 168.557 276.915 4.09104
internal_count=3476503 157738 147758 133235 3318765 153206 121215 31991 70065 43216 63170 47719 40217 2999 1756 26849 8653 62063 35525 3321 1994 1327 1243 1055 59152 30404 24469 24250 41173 219
cat_boundaries=0 1 2 3 4 5
cat_threshold=2164293632 2164293632 16777216 2164260864 32768
is_linear=0
shrinkage=0.05


Tree=83
num_leaves=31
num_cat=24
split_feature=15 15 17 15 17 4 17 15 0 17 15 17 15 17 15 0 17 5 15 15 17 15 5 15 15 0 17 17 15 15
split_gain=194.695 94.0077 110.886 41.5134 79.0988 40.3991 37.2116 295.289 55.8023 31.0864 30.1044 43.4873 29.0851 27.7773 27.2988 41.9712 41.1645 38.4457 55.4255 27.2064 23.3653 26.7438 22.6972 116.924 45.9599 32.7406 30.7943 22.6573 24.4556 22.287
threshold=0 1 2 3 4 4.5000000000000009 5 6 68.500000000000014 7 8 9 10 11 12 68.500000000000014 13 1.0000000180025095e-35 14 15 16 17 1.5000000000000002 18 19 29.500000000000004 20 21 22 23
decision_type=9 9 9 9 9 2 9 9 2 9 9 9 9 9 9 2 9 2 9 9 9 9 2 9 9 2 9 9 9 9
left_child=-1 2 13 4 5 -4 7 8 10 -10 -5 -12 -8 -2 15 17 -17 20 -19 -18 21 -3 27 26 -25 -26 -24 29 -29 -16
right_child=1 14 3 6 -6 -7 12 -9 9 -11 11 -13 -14 -15 22 16 19 18 -20 -21 -22 -23 23 24 25 -27 -28 28 -30 -31
leaf_value=-0.047205791505116161 0.052540159519652851 0.041213679974683004 -0.016297192256040937 -0.0011089425029946274 0.035395013053084574 0.017468522342307301 0.041318218221314755 0.061149895561167282 0.0011807160057335367 0.010334240847580854 0.048961656712250452 0.0051092077894353011 -0.0013704644830483705 0.019649540004117415 -0.008179751141777129 -0.014059584926406186 0.044989073800964181 0.016217946236481071 -0.016683173891525665 -0.0032080700396594215 -0.00086393759958066382 -0.0091276564380402877 -0.0072565668324285062 -0.025205310072172523 0.053512868656955259 -0.0086275157854392784 0.01070841480377511 0.044043342256605833 0.00018620490407277577 0.03942729218873825
leaf_weight=208.01945059691934 94.334220014616676 17.429152388007424 190.78056909522275 7170.2513358883598 262.01888534734553 165.37186634266982 30.155684352375829 208.29379660990162 1419.6367621265526 2734.3698192101183 49.812666359022842 1234.6449651869762 6645.020523171017 315.37350332325718 1062.2891428003932 1593.0642533973532 19.970064124882811 584.72437849850758 155.64528560698091 1343.4074370014714 4014.4359500109322 1438.1696508208643 301.90115697495639 513.50768609020815 21.529887240730204 1371.7014575859084 1056.2486026271881 21.829113247392797 23879.172737297831 15.631273162296564
leaf_count=439140 18357 12493 26101 129281 74715 43538 16830 21257 59008 69511 3744 48671 275968 40867 134973 271205 8771 24398 54105 167436 164719 401831 15749 42838 367 29318 41053 3783 834684 1792
internal_value=-4.46457e-05 0.000132828 0.00285164 0.0023195 0.0149764 -0.000601895 0.00191063 0.00348661 0.00248632 0.00723373 0.00015674 0.00717496 -0.0011161 0.0282939 -0.00135883 -0.00372841 -0.00863603 -0.00139815 0.00929498 -0.00217966 -0.00284547 -0.00824778 -0.000588709 -0.00450947 -0.0124573 -0.00761261 0.00669115 -7.64783e-05 0.000244663 -0.00713332
internal_weight=58138.7 57930.7 20520.1 20110.4 618.171 356.152 19492.2 12817 12608.7 4154.01 8454.71 1284.46 6675.18 409.708 37410.7 9166.85 2956.44 6210.4 740.37 1363.38 5470.03 1455.6 28243.8 3264.89 1906.74 1393.23 1358.15 24978.9 23901 1077.92
internal_count=3476503 3037363 827848 768624 144354 69639 624270 331472 310215 128519 181696 52415 292798 59224 2209515 1104958 447412 657546 78503 176207 579043 414324 1104557 129325 72523 29685 56802 975232 838467 136765
cat_boundaries=0 2 4 5 7 8 9 11 12 14 15 17 18 20 21 22 23 25 26 28 30 31 32 33 35
cat_threshold=2147487873 512 167906318 5060684 50892980 0 12288 2149794816 3222473482 1030 589896 1073742088 4 589888 2148532224 2 524352 524320 838115360 2146688 2156956164 810582048 273678368 2509275696 16 268435488 1074266128 48 67109376 1027 524288 1107394952 540672 541200 1179650
is_linear=0
shrinkage=0.05


Tree=84
num_leaves=31
num_cat=12
split_feature=15 15 15 15 3 15 15 5 5 15 0 15 5 15 15 15 3 0 0 14 6 0 5 14 12 15 0 0 0 0
split_gain=178.266 89.2751 47.7634 24.7226 21.6774 43.5411 31.2409 28.7561 27.0899 41.3349 34.7854 24.8964 20.4739 98.6369 36.002 27.0795 31.1619 18.4706 24.2694 17.1653 16.7507 21.6265 16.6105 16.4914 18.967 23.0994 14.8888 58.2285 19.6543 27.6661
threshold=0 1 2 3 1.0000000180025095e-35 4 5 1.0000000180025095e-35 1.5000000000000002 6 62.500000000000007 7 1.5000000000000002 8 9 10 1.0000000180025095e-35 44.500000000000007 50.500000000000007 2.5000000000000004 1.0000000180025095e-35 53.500000000000007 1.0000000180025095e-35 1.0000000180025095e-35 1.0000000180025095e-35 11 25.500000000000004 24.500000000000004 56.500000000000007 65.500000000000014
decision_type=9 9 9 9 2 9 9 2 2 9 2 9 2 9 9 9 2 2 2 2 2 2 2 2 2 9 2 2 2 2
left_child=-1 2 -2 -3 6 8 7 23 26 10 -10 -9 15 -14 19 16 -4 -13 -19 20 21 -15 -18 -5 25 -25 27 -6 -28 -30
right_child=1 3 12 4 5 -7 -8 11 9 -11 -12 17 13 14 -16 -17 22 18 -20 -21 -22 -23 -24 24 -26 -27 28 -29 29 -31
leaf_value=-0.046861435620689063 0.014070597156540247 -0.015431604112521946 0.0015208115392687652 -0.0057648380948373277 -0.0081569643042684291 0.0012707681542367434 -0.00070978812205110429 -0.00047718224117100953 0.029309678722976962 -0.021825475431669631 -0.00051868360503076652 -0.0475791213970451 -0.027694089895457991 -0.0092393148780942503 0.0050672955938439292 0.0023684062802416524 -0.0097760889867588453 0.01946902747182562 -0.018184604665249973 0.077312979861851233 0.031977533062837099 0.017968639117769823 0.035550299417903414 0.008196836390711568 -0.011139055807495647 -0.0031254916286919498 -0.010504495696597681 0.047540505389996712 0.0025810181368223256 -0.007775201455344426
leaf_weight=192.54628125887143 864.12029617033181 302.64172929424512 1673.2470384563794 3865.7432461245126 175.66919527680511 13991.712558212103 9140.1786035209952 308.33000662606992 195.51165682510691 91.641375459672417 195.45375656230499 48.663177731112228 189.29022871570669 87.616253667110868 1771.4314525509953 15862.968968744812 1191.4293843337564 45.788225870390306 654.48620709161696 12.305650627997236 158.58189244826372 438.87114492564797 20.561404005529766 774.50817642462425 341.01064311353912 1050.4610180253467 1579.3663959316173 64.028372152111842 1105.6211050415686 1547.5484019456362
leaf_count=373947 194727 469960 34484 132221 6175 572248 450134 25712 6123 13791 8361 3612 6830 695 56213 535826 27157 2554 35348 2434 6199 5651 874 50946 70241 96698 85970 1606 55339 144427
internal_value=-3.59497e-05 0.000128269 0.00260892 -0.00142918 -0.00130436 -0.000155951 -0.00264585 -0.00513387 -0.00417892 0.00706711 0.0140386 -0.0127474 0.00213989 0.0062476 0.00892602 0.00155864 -0.0028916 -0.0175581 -0.0157226 0.0185175 0.0177317 0.0134408 -0.00900713 -0.00380785 -0.000315106 0.00170744 -0.00540184 0.00672103 -0.00608839 -0.00345959
internal_weight=57941.3 57748.8 22270.4 35478.4 35175.7 18946.6 16229.2 7088.99 4954.84 482.607 390.965 1057.27 21406.3 2658.1 2468.81 18748.2 2885.24 748.938 700.274 697.375 685.069 526.487 1211.99 6031.72 2165.98 1824.97 4472.23 239.698 4232.54 2653.17
internal_count=3476503 3102556 871090 2231466 1761506 894040 867466 417332 321792 28275 14484 67226 676363 78022 71192 598341 62515 41514 37902 14979 12545 6346 28031 350106 217885 147644 293517 7781 285736 199766
cat_boundaries=0 2 4 6 8 10 12 13 15 17 19 21 23
cat_threshold=4225 512 167906334 5060684 0 14336 2701393920 49280 284213248 2097408 71835936 2098451 275808256 532512 16 33554432 262144 134217744 4718592 16 4194304 67117312 2097152
is_linear=0
shrinkage=0.05


Tree=85
num_leaves=31
num_cat=22
split_feature=15 15 17 16 15 17 0 17 16 15 17 17 17 15 17 15 17 15 0 0 17 7 0 15 0 0 0 15 15 15
split_gain=167.936 70.9744 100.356 160.738 99.2241 42.284 38.1817 69.2541 59.6097 50.0027 106.809 56.2526 36.0219 30.8707 31.5652 29.1644 21.9693 20.343 36.5814 19.7568 19.6973 18.5883 18.5507 18.2864 17.9129 17.0106 16.8319 83.7307 40.3847 38.9434
threshold=0 1 2 3 4 5 66.500000000000014 6 7 8 9 10 11 12 13 14 15 16 77.500000000000014 72.500000000000014 17 1.0000000180025095e-35 65.500000000000014 18 77.500000000000014 19.500000000000004 66.500000000000014 19 20 21
decision_type=9 9 9 9 9 9 2 9 9 9 9 9 9 9 9 9 9 9 2 2 9 2 2 9 2 2 2 9 9 9
left_child=-1 2 3 16 12 -3 9 8 19 10 -6 -11 -4 14 -7 22 -2 20 -19 -8 -9 -21 25 -20 -22 -13 28 29 -15 -28
right_child=1 5 4 -5 6 13 7 17 -10 11 -12 15 -14 26 -16 -17 -18 18 23 21 24 -23 -24 -25 -26 -27 27 -29 -30 -31
leaf_value=-0.04677501025822739 -0.0014702983703655699 0.049715878527262218 -0.015191321262794223 0.065595982763054589 0.051620929045300745 -0.024998307134591374 0.0038155383669544202 0.030595218620237109 0.053877085636479853 -0.019184503225934048 0.0025805580594655897 0.030894056839515321 0.048884663654653784 -0.0053406443516394271 0.0027470397846894251 0.025038479803455128 0.0177989269542785 0.0027206452095418802 -0.011162999991221093 0.0073815201396868133 -0.00017370586678016719 0.017605868542224241 -0.013435969717879317 -0.0016499633238967121 0.0090232730029071433 -0.0017345281616085468 -0.031164383272470137 0.00054326406610231992 0.00060407264409511772 -0.0067813474067467587
leaf_weight=182.22049041311345 301.96845717121323 30.36966637113801 26.164901913041831 146.02353380323518 104.2544775824208 269.05666347046144 1242.5312375064677 61.888925301516792 65.559990808367729 480.18879563836163 4090.6809899018899 40.153692479478195 142.58307550945938 3435.9422963336206 166.27856397848518 90.549344378936439 284.07495408922023 2757.2201051654811 944.22212852951998 980.18799060353194 1199.2164714819501 813.45643195795128 343.73689267654117 1100.9445789383481 947.94636077725772 7690.7928022175802 161.23157554572299 7922.5150383936343 16706.267300135933 5111.1958753936715
leaf_count=373258 21307 5187 1980 28955 9127 309965 19889 2884 4839 80690 154761 528 63758 384883 201528 8082 32789 105763 45661 34704 63997 8202 6464 55152 58487 135601 36008 410820 505272 304188
internal_value=-0.00011777 3.77922e-05 0.00212557 0.0202274 0.00154396 -0.00143572 0.00125441 0.00355278 0.00975943 -0.000554835 0.0039192 -0.00272711 0.0386554 -0.00149642 -0.0145771 -0.00173698 0.00801205 0.000792023 -0.00103557 0.00863306 0.00475191 0.0120185 -0.00206784 -0.00610464 0.00386863 -0.00156506 -0.00132129 -0.00270979 -0.000412354 -0.00758457
internal_weight=57839.4 57657.2 23854.3 732.067 23122.3 33802.9 22953.5 10113.2 3101.74 12840.4 4194.94 8645.42 168.748 33772.5 435.335 8165.23 586.043 7011.44 4802.39 3036.18 2209.05 1793.64 8074.68 2045.17 2147.16 7730.95 33337.2 13194.9 20142.2 5272.43
internal_count=3474729 3101471 943620 83051 860569 2157851 794831 399578 67634 395253 163888 231365 65738 2152664 511493 150675 54096 331944 206576 62795 125368 42906 142593 100813 122484 136129 1641171 751016 890155 340196
cat_boundaries=0 2 4 5 6 8 9 10 11 13 14 15 16 18 20 22 23 25 27 29 31 33 35
cat_threshold=4225 512 167922718 4667468 2198344212 813727752 0 8192 1073881280 1083392 947961920 33702930 264200 1214464 1078329664 32768 2702442496 49280 2156401940 16 2048 4390976 2147483648 134219780 4329472 41 16 33685520 264192 336101408 2098435 14688768 2621488 32 2
is_linear=0
shrinkage=0.05


Tree=86
num_leaves=31
num_cat=17
split_feature=15 15 17 15 15 17 17 0 17 15 15 17 17 3 4 15 17 15 0 0 7 14 15 17 0 0 4 4 0 0
split_gain=158.208 80.0133 91.9413 147.994 94.4206 36.9879 31.0446 28.6331 61.4611 53.7356 37.524 93.7077 53.6338 28.501 28.4613 26.552 38.7272 36.7497 24.7983 19.3355 18.9828 18.7421 17.7653 42.1545 22.208 49.6295 51.6916 18.3783 28.9965 20.3263
threshold=0 1 2 3 4 5 6 66.500000000000014 7 8 9 10 11 1.0000000180025095e-35 3.5000000000000004 12 13 14 19.500000000000004 72.500000000000014 1.0000000180025095e-35 2.5000000000000004 15 16 46.500000000000007 44.500000000000007 6.5000000000000009 2.5000000000000004 40.500000000000007 36.500000000000007
decision_type=9 9 9 9 9 9 9 2 9 9 9 9 9 2 2 9 9 9 2 2 2 2 9 9 2 2 2 2 2 2
left_child=-1 2 3 14 6 -3 -4 10 9 19 11 -6 -12 21 -2 16 -7 -18 -15 -9 -21 -14 -20 24 25 27 -27 29 -29 -24
right_child=1 5 4 -5 7 15 -8 8 -10 -11 12 -13 13 18 -16 -17 17 -19 22 20 -22 -23 23 -25 -26 26 -28 28 -30 -31
leaf_value=-0.046530833946345218 -0.0075649931865827656 0.047800498352463257 -0.012917714668691516 0.064620432705511002 0.050669942542547364 -0.022102963663025849 0.048587984728939312 0.0035325042033363323 0.00083812714394659686 0.052844426940264991 -0.017415021862497642 0.003038112200387388 0.0017473805467921599 0.041717470809927215 0.016103019768870633 -0.0014012105829605869 -0.00553676657775189 0.045524358444797783 -0.0081544496437089119 0.0070242120012136092 0.017493253326728669 0.030195253077244352 0.025011637513015807 0.048746426840212721 -0.0051049125947074123 0.0060856962368596931 0.066987429748563407 -0.010274209128277718 0.011491251785607776 -0.018181435935995718
leaf_weight=172.97499623779197 190.16342261248292 27.978659581356624 25.375224572839215 138.42812585072204 97.286566584786669 353.59238116908364 135.7787683850288 1236.7567944271141 6990.5040640909247 60.161083013284951 500.96435386872326 2887.994264796434 4367.1514748024092 30.219846142019378 382.53095460719828 33120.378182630324 155.08557902501161 35.207422494597267 1525.0837606266723 969.91350770568533 782.1966585732298 58.675288997008465 118.61938417024794 31.061076225785655 2193.3061631794335 85.16918120792252 58.962873918469995 522.17671409861941 216.45010727024055 35.356376160911168
leaf_count=373258 16563 5187 1980 29169 13065 353416 63758 19932 331944 4766 85455 112691 73841 490 37319 1590657 201015 7576 36968 34734 8202 22141 3004 3282 32571 1389 416 6412 2279 1249
internal_value=-0.000111774 3.63841e-05 0.00226577 0.019848 0.00171206 -0.00152808 0.0387144 0.00143327 0.00343042 0.00934039 -0.000140842 0.00475436 -0.00164391 -0.000771153 0.00810256 -0.00158326 -0.0124439 0.00571163 -0.00343361 0.00829143 0.0116979 0.00212453 -0.0037187 -0.00161432 -0.00224756 0.00377575 0.0309999 -0.000620248 -0.00389597 0.0150935
internal_weight=57505.5 57332.5 23640.3 711.123 22929.2 33692.2 161.154 22768 10039.5 3049.03 12728.5 2985.28 9743.2 9242.23 572.694 33664.3 543.885 190.293 4816.41 2988.87 1752.11 4425.83 4786.19 3261.1 3230.04 1036.73 144.132 892.603 738.627 153.976
internal_count=3474729 3101471 943620 83051 860569 2157851 65738 794831 399578 67634 395253 125756 269497 184042 53882 2152664 562007 208591 88060 62868 42936 95982 87570 50602 47320 14749 1805 12944 8691 4253
cat_boundaries=0 2 4 5 7 9 10 11 12 14 16 18 20 22 24 26 28 29
cat_threshold=4225 512 167922718 4667468 2198344212 2052 4268032 0 8192 1073881280 32768 1083392 2076 65612 33571842 264200 9603072 16 4587840 16 2706636800 49280 2156434708 16 16777216 16384 16 4194368 1082140673
is_linear=0
shrinkage=0.05


Tree=87
num_leaves=31
num_cat=16
split_feature=15 15 15 0 15 15 0 15 15 15 8 0 15 15 15 15 0 15 10 0 15 4 0 0 4 3 7 15 4 15
split_gain=153.521 71.5471 52.5471 19.9749 66.3727 46.668 21.7196 19.1885 18.7506 18.7141 18.3892 15.2919 73.0981 30.0019 24.1592 23.781 16.0918 22.6529 15.2839 15.03 26.0708 22.0267 23.789 18.0628 23.4023 34.9991 17.3718 14.4618 41.6568 40.1588
threshold=0 1 2 68.500000000000014 3 4 43.500000000000007 5 6 7 1.0000000180025095e-35 68.500000000000014 8 9 10 11 83.500000000000014 12 1.0000000180025095e-35 43.500000000000007 13 2.5000000000000004 39.500000000000007 45.500000000000007 6.5000000000000009 1.0000000180025095e-35 1.0000000180025095e-35 14 4.5000000000000009 15
decision_type=9 9 9 2 9 9 2 9 9 9 2 2 9 9 9 9 2 9 2 2 9 2 2 2 2 2 2 9 2 9
left_child=-1 8 -3 5 -5 19 -7 10 -2 -6 -8 14 15 -14 18 -13 -17 -18 -10 20 21 22 -4 24 -21 -26 -27 28 -16 -30
right_child=1 2 3 4 9 6 7 -9 11 -11 -12 12 13 -15 27 16 17 -19 -20 23 -22 -23 -24 -25 25 26 -28 -29 29 -31
leaf_value=-0.046441849854577853 -0.009717335126479959 0.014264835724224836 0.019236442665852879 0.013747473376268369 0.0045679891900109347 0.013664622241519689 0.00083072754561926599 0.0091304713093414338 -0.0073495081198374657 -0.00015095805104863995 0.027560836532147606 -0.029383966016441644 0.0059018291566954803 -0.0020457231097626644 0.007112383788162137 -0.00654971027763497 -0.0022726399345889413 -0.022326272151624128 0.025297898600107102 0.0011517828797199118 -0.011193038940584708 -0.0035387290137783921 -0.02924079217202176 -0.00090706369066868419 -0.0031890788797362363 0.012202226400900022 0.064723845827762527 -0.0011189649886558109 0.0057685280209933193 -0.0058478934525755819
leaf_weight=168.40639937735318 702.41310481948813 815.89754343758989 211.21471651813044 1291.7037618011709 3392.1981077571668 572.24625458417086 3173.6397608702928 1050.9442372705016 1559.1136352156427 5499.9983474208984 65.674348564696629 138.38033724964316 1540.3126678106494 5063.8817435679366 2298.8230005210739 2213.6168636486091 228.80617361083569 411.83166590332621 36.692780652134388 243.84414871176978 955.04106249368306 942.98990069043066 28.751988292391616 9262.7749338211452 54.491229916900011 22.275649092362073 53.690978268814433 12087.97602798405 1149.5345179040996 2069.4606697868544
leaf_count=438663 547163 216202 6574 29971 168150 28859 82676 72660 213567 208009 8628 31923 103087 261758 138827 123054 21876 25592 39392 7774 41565 11177 1080 246410 1398 769 271 253369 62876 81409
internal_value=-0.000132138 1.24786e-05 0.00184012 0.00145699 0.00320158 0.000389993 0.00450547 0.0032943 -0.00169976 0.00165234 0.00136843 -0.0015009 -0.00313117 -0.000185975 -0.000686882 -0.00959797 -0.00853946 -0.015548 -0.00655774 -0.0013122 -0.00510592 -9.6145e-05 0.0134281 -0.000471922 0.0102964 0.0273891 0.049323 -0.00015093 0.00196795 -0.0016998
internal_weight=57306.6 57138.2 27637.4 26821.5 10183.9 16637.6 4862.5 4290.26 29500.8 8892.2 3239.31 28798.4 9596.83 6604.19 19201.6 2992.64 2854.25 640.638 1595.81 11775.1 2138 1182.96 239.967 9637.08 374.302 130.458 75.9666 17605.8 5517.82 3219
internal_count=3474729 3036066 1132173 915971 406130 509841 192823 163964 1903893 376159 91304 1356730 567290 364845 789440 202445 170522 47468 252959 317018 60396 18831 7654 256622 10212 2438 1040 536481 283112 144285
cat_boundaries=0 2 4 6 8 10 12 14 16 18 20 22 24 26 28 30 31
cat_threshold=2147487873 512 1979482656 3196339 0 14340 0 589824 134228288 4915264 33555476 8 559153152 49536 134244356 4325440 335577120 2098178 512 1048608 10486272 2097184 32 2 67108864 2097152 134217792 65536 67141664 1027 32800
is_linear=0
shrinkage=0.05


Tree=88
num_leaves=31
num_cat=16
split_feature=15 15 15 0 15 15 0 10 0 15 15 5 15 0 4 15 8 0 15 15 15 15 0 15 4 15 5 4 15 5
split_gain=147.686 64.3276 44.6915 26.5917 42.6197 34.8695 24.1934 22.326 18.5903 18.5523 17.3542 14.1304 14.0572 35.68 15.645 14.1316 12.5644 12.532 58.5795 28.7844 27.2964 24.5261 19.0579 18.1828 32.4418 32.683 35.6959 33.6565 31.4471 42.8854
threshold=0 1 2 66.500000000000014 3 4 73.500000000000014 1.0000000180025095e-35 43.500000000000007 5 6 1.5000000000000002 7 78.500000000000014 6.5000000000000009 8 1.0000000180025095e-35 66.500000000000014 9 10 11 12 83.500000000000014 13 4.5000000000000009 14 1.0000000180025095e-35 9.5000000000000018 15 1.5000000000000002
decision_type=9 9 9 2 9 9 2 2 2 9 9 2 9 2 2 9 2 2 9 9 9 9 2 9 2 9 2 2 9 2
left_child=-1 2 -2 5 6 -4 7 -5 -7 -10 11 -3 13 -6 -14 -15 -11 20 21 -20 -12 -19 -23 -22 28 26 -26 -27 -25 -30
right_child=1 10 3 4 12 8 -8 -9 9 16 17 -13 14 15 -16 -17 -18 18 19 -21 23 22 -24 24 25 27 -28 -29 29 -31
leaf_value=-0.04646780214345702 0.013449258084710378 -0.0050568954993402727 -0.001671296637606956 0.0061721440426450334 0.0036358210190417153 0.012573411899254075 0.017476926470849717 -0.061660669353853649 0.0088871431330022118 8.0070871227030905e-05 -0.0081159217591961295 -0.020733317915998254 0.0019653201516056252 -0.010793749864116207 0.0086393571438384536 -0.0015770607167531854 0.02471659121859264 -0.027380719093296264 -0.0019410092188536354 0.0046716279335589656 -0.0009091270661372256 -0.0052994479671006614 -0.015406513948455616 -0.0043601179762185341 0.001212262092507277 -0.0026588353145710689 0.023315328239688439 -0.026211204286747225 0.011313132939844844 -0.047960758938818571
leaf_weight=161.42258019608494 811.73500511340546 1268.0000064965157 8906.5103985626283 827.61147812443869 2853.4014056930555 535.65268484869011 763.15639781178788 12.310709811143168 874.59950630907019 2690.6404578222937 1064.5119187450791 162.12713982131936 2489.288263008857 715.13870200135716 1356.6446344200804 1004.5523831767159 52.7665948561189 154.26783995059259 7229.9540095355696 2119.9524945199573 13016.106242145044 2329.2188278581252 583.18377663622596 467.14361587660642 768.76954160724563 1752.9592698591523 239.59255867512184 166.05249566651582 1720.6191601036035 31.066610081019462
leaf_count=438663 216202 617657 224132 11440 99731 27632 20907 1568 58612 73380 186432 69449 99655 29012 71097 48201 7606 36151 303197 173111 277469 88717 29435 53892 45289 67415 11573 7810 77268 2026
internal_value=-0.000128098 1.13649e-05 0.00198765 0.00157893 0.00351692 9.29592e-05 0.0109645 0.00517792 0.00387068 0.00259292 -0.00141657 -0.00678661 0.00208331 0.000206734 0.00430837 -0.00548178 0.000551917 -0.00117181 -0.00241038 -0.000438303 -0.000372551 -0.0083942 -0.00729824 8.57178e-05 0.00259883 -0.000852346 0.0064006 -0.00467248 0.00716378 0.0102036
internal_weight=57129 56967.5 23894 23082.3 10022.1 13060.2 1603.08 839.922 4153.66 3618.01 33073.5 1430.13 8419.03 4573.09 3845.93 1719.69 2743.41 31643.4 12416.6 9349.91 19226.8 3066.67 2912.4 18162.3 5146.2 2927.37 1008.36 1919.01 2218.83 1751.69
internal_count=3474729 3036066 989175 772973 381611 391362 33915 13008 167230 139598 2046891 687106 347696 176944 170752 77213 80986 1359785 630611 476308 729174 154303 118152 542742 265273 132087 56862 75225 133186 79294
cat_boundaries=0 2 4 6 8 10 12 14 16 18 20 22 24 26 28 29 30
cat_threshold=2147487873 512 167922718 5191756 0 14340 0 589824 134219780 4915264 131082 262152 559153152 2146688 33686554 262152 33554448 262144 335577120 1026 1082654976 17 10494464 32 32 2 1342701888 1048592 32800 32800
is_linear=0
shrinkage=0.05


Tree=89
num_leaves=31
num_cat=26
split_feature=15 15 17 17 15 17 16 15 4 15 17 0 15 17 17 15 15 17 15 17 15 0 15 17 15 15 15 17 5 15
split_gain=159.179 63.7737 87.515 60.7576 48.7328 38.041 349.194 77.0989 34.0837 28.5533 64.1355 26.2894 13.5638 60.8636 26.2701 17.2687 12.8053 42.0244 66.0412 14.3108 46.481 12.9027 51.8127 43.7691 20.606 20.5046 19.7307 19.3541 14.7874 14.5366
threshold=0 1 2 3 4 5 6 7 8.5000000000000018 8 9 58.500000000000007 10 11 12 13 14 15 16 17 18 68.500000000000014 19 20 21 22 23 24 1.5000000000000002 25
decision_type=9 9 9 9 9 9 9 9 2 9 9 2 9 9 9 9 9 9 9 9 9 2 9 9 9 9 9 9 2 9
left_child=-1 3 -3 4 -2 6 8 -7 9 11 -11 -4 13 -9 -14 -16 17 -5 -19 20 -18 25 27 26 -25 -21 -24 -23 -29 -27
right_child=1 2 5 16 -6 7 -8 12 -10 10 -12 -13 14 -15 15 -17 19 18 -20 21 -22 22 23 24 -26 29 -28 28 -30 -31
leaf_value=-0.048030758334187983 -0.025782856170234115 0.054545628494295686 -0.0060367587932558244 -0.01589055127783906 0.057444509647932324 0.047602425280998645 0.060500686718279684 0.048925365809883305 0.015742751784981423 0.060705288908659887 0.0043731739894842013 0.0028277848256577629 -0.040119377287156685 -0.0053727032526939902 0.019317584989832187 0.00089160778274343766 -0.00067331737033953691 -0.0047465058518637998 0.070303525515919646 -0.0073813055470299191 0.058321942560902118 -0.027567475780677454 -0.032246876798139999 0.020729013344342514 -0.0034448683815101419 0.0016362415965848307 -0.010919999781261996 0.0079359014129532553 -0.0076912063880105108 -0.0014539343715217598
leaf_weight=162.88648238920382 20.152803569453681 68.28492171997641 1352.3745327479919 477.25325184489566 67.870253719785978 77.518972546629357 263.97420632748799 43.361415414186013 423.82140208314013 52.243782337856828 298.74062793219127 2192.1406042138169 28.916926804260584 1653.1933478690185 117.99413202227788 20922.379191258249 161.49677645973134 113.92862640904787 29.658607952602324 1144.4383731283451 32.665113424936862 34.377577579585704 117.88110816470726 79.714949675719254 6452.8137965816131 5484.5833059012293 1226.7309769332987 1332.1043829643804 170.79077023623722 12377.125749976458
leaf_count=438663 36567 11455 69331 317981 5010 56355 40966 5359 29012 2358 48896 99314 46363 182150 11392 529222 20774 100271 1084 214619 8946 31728 23887 11526 363384 279411 50389 103161 11741 323414
internal_value=-0.000126707 1.90733e-05 0.00174867 -0.00160271 0.0377033 0.00159739 0.00574999 0.000762062 0.00227189 0.000812129 0.0142075 -0.000552834 0.000581738 -0.00370637 0.000928622 0.00100407 -0.00173391 -0.00878639 0.0143235 -0.00157788 0.0116223 -0.00167211 -0.00318641 -0.00482212 -0.00311865 -0.000922905 -0.013014 0.00519267 0.0061193 -0.000504686
internal_weight=56981.4 56818.5 27494.9 29323.6 88.0231 27426.7 4583.3 22843.4 4319.32 3895.5 350.984 3544.52 22765.8 1696.55 21069.3 21040.4 29235.6 620.84 143.587 28614.7 194.162 28420.6 9414.41 7877.14 6532.53 19006.1 1344.61 1537.27 1502.9 17861.7
internal_count=3474729 3036066 1132173 1903893 41577 1120718 289877 830841 248911 219899 51254 168645 774486 187509 586977 540614 1862316 419336 101355 1442980 29720 1413260 595816 449186 374910 817444 74276 146630 114902 602825
cat_boundaries=0 2 4 5 7 8 10 11 13 15 16 18 20 21 23 25 27 28 30 31 33 35 36 38 40 41 43
cat_threshold=2147487873 512 1979482656 3196339 17301504 1082138690 4 262144 2517750804 16 1354907720 0 532480 0 532544 2148532224 134373448 2124 141344 4 131072 0 4096 558891008 33184 2164823060 16 16777216 6427313 32 8388608 262656 1064960 2147780608 16 69206048 10486272 16384 32 2 524544 67403808 1027
is_linear=0
shrinkage=0.05


Tree=90
num_leaves=31
num_cat=16
split_feature=15 15 15 0 15 15 0 15 5 15 4 0 0 15 15 5 15 0 15 15 5 5 15 15 0 0 15 15 4 0
split_gain=133.181 57.8315 47.1482 17.5669 36.9687 25.5759 18.8751 27.5049 20.2623 18.542 15.1821 14.8119 14.2006 52.8073 45.7261 33.385 84.1479 24.1845 19.7931 16.0072 37.1562 14.3571 36.4541 33.0808 35.2559 25.2165 16.7192 15.2853 14.4717 13.6554
threshold=0 1 2 66.500000000000014 3 4 45.500000000000007 5 1.5000000000000002 6 7.5000000000000009 69.500000000000014 63.500000000000007 7 8 1.0000000180025095e-35 9 33.500000000000007 10 11 1.5000000000000002 1.0000000180025095e-35 12 13 77.500000000000014 74.500000000000014 14 15 5.5000000000000009 63.500000000000007
decision_type=9 9 9 2 9 9 2 9 2 9 2 2 2 9 9 2 9 2 9 9 2 2 9 9 2 2 9 9 2 2
left_child=-1 -2 3 5 11 -3 7 8 -7 10 -8 -5 14 -14 19 17 -17 -16 -18 20 -4 23 -23 25 26 28 -25 -26 -15 -12
right_child=1 2 12 4 -6 6 9 -9 -10 -11 29 -13 13 21 15 16 18 -19 -20 -21 -22 22 -24 24 27 -27 -28 -29 -30 -31
leaf_value=-0.045889691338927951 0.013714622955770235 -0.011567755662973122 -0.0043362228408881506 -0.0017335617687071455 -0.0021379293890048268 0.0029098208090333464 0.0056474792996916382 -0.0055032082913111322 0.034224613017078818 -0.0011452431885912561 0.0010190132584122996 -0.013073045520461853 -0.0011530337487473323 -0.013667406133425195 0.017964403079444052 -0.036260127662310064 -0.0056465077071530569 0.004243883537680391 0.01360488105733941 -0.0010490272041416304 -0.034587645882372224 0.020875068757012501 0.0038002370568408295 0.00029933075257283532 0.016625145384784712 -0.015225182720978919 0.006021229987227871 0.0071845541145735825 0.0063975395619646257 -0.015762824045895071
leaf_weight=147.84167458066543 759.69951034413316 516.82914951832754 1147.488948438805 369.73911347894 6236.9264499605088 174.59178932279974 2556.5566083916847 2428.0217250839596 73.363279048422555 4353.4326646893633 567.83583834717138 1302.3484548106999 7878.3308878811449 117.12740603860584 345.32749250249253 167.20832729472022 270.32283145378096 4591.1971180287674 247.55982718279301 12048.333228993906 111.35301326655281 431.88652969670693 1120.7754537726851 3602.153208452527 584.44752082796276 388.91594220751722 1972.4817580080498 1827.5497826296732 386.06308040540534 154.11717100021269
leaf_count=439410 194556 299846 90215 26679 487761 24648 82455 86016 2647 247231 17275 138327 390914 4163 25580 12840 10701 223999 14212 241605 13288 8467 56043 92157 12478 16054 96333 108742 6318 4677
internal_value=-2.50981e-05 0.000102494 -8.4677e-05 -0.00213 -0.00392237 -0.000822383 -0.000272134 -0.00388571 0.011703 0.000994533 0.00382769 -0.0105028 0.000944569 0.00193759 -1.54785e-05 0.00376157 -0.00657485 0.00520368 0.00363949 -0.00161271 -0.0069569 0.0042688 0.00870867 0.00349719 0.00451477 -0.00560055 0.00233526 0.0095708 0.00172703 -0.00256345
internal_weight=56879.8 56732 55972.3 18733.8 7909.01 10824.7 10307.9 2675.98 247.955 7631.94 3278.51 1672.09 37238.5 18309.7 18928.8 5621.62 685.091 4936.52 517.883 13307.2 1258.84 10431.4 1552.66 8878.74 7986.63 892.106 5574.63 2412 503.19 721.953
internal_count=3475637 3036227 2841671 1417562 652767 764795 464949 113311 27295 351638 104407 165006 1424109 791669 632440 287332 37753 249579 24913 345108 103503 400755 64510 336245 309710 26535 188490 121220 10481 21952
cat_boundaries=0 2 4 6 8 10 12 13 15 17 19 21 23 25 26 28 30
cat_threshold=2147487873 512 0 14336 905748768 2146704 335806496 16640 567287808 49280 294912 256 337641504 1107444814 263171 134351376 5963880 33554432 3 1073741892 1024 134218240 131072 16 4194312 16 134217728 4390976 0 4259840
is_linear=0
shrinkage=0.05


Tree=91
num_leaves=31
num_cat=11
split_feature=15 15 15 0 15 15 0 0 15 0 15 5 7 0 15 15 0 3 15 5 15 0 5 0 0 0 10 0 3 0
split_gain=118.729 60.8679 40.799 18.9593 40.2411 33.9481 27.543 26.5164 21.7201 17.3385 15.4673 40.3297 17.0488 21.4813 15.3739 12.4781 22.1444 23.6257 27.7299 27.5769 20.3562 21.4781 21.2165 20.4872 20.1896 21.7454 20.5735 19.5883 36.4607 17.0894
threshold=0 1 2 67.500000000000014 3 4 76.500000000000014 43.500000000000007 5 77.500000000000014 6 1.0000000180025095e-35 1.0000000180025095e-35 69.500000000000014 7 8 28.500000000000004 1.0000000180025095e-35 9 1.0000000180025095e-35 10 42.500000000000007 1.5000000000000002 29.500000000000004 26.500000000000004 24.500000000000004 1.0000000180025095e-35 25.500000000000004 1.0000000180025095e-35 71.500000000000014
decision_type=9 9 9 2 9 9 2 2 9 2 9 2 2 2 9 9 2 2 9 2 9 2 2 2 2 2 2 2 2 2
left_child=-1 15 -3 5 9 -4 10 -7 -9 -5 11 -6 13 -13 -8 24 -17 20 19 -19 23 -22 -23 -18 25 -2 -26 -27 -29 -20
right_child=1 2 3 4 6 7 14 8 -10 -11 -12 12 -14 -15 -16 16 17 18 29 -21 21 22 -24 -25 26 27 -28 28 -30 -31
leaf_value=-0.037533534166235734 -0.00014825761296015437 0.013122335699496449 -0.00060416844087252911 0.0037896475116612018 0.0014551260974163989 0.014637849986975435 -0.0092913373055874705 0.00040850827999858809 0.010075227142327966 0.0096354618883807957 0.0007334885476007393 -0.090575936068337526 0.030988862938010522 0.017999690377853341 -0.00076103544958022957 -0.011505067910119092 0.054454653024255797 -0.0033054635228567594 0.0052558478154943831 0.007309793407254077 -0.016179563289492684 -0.0022258016118160812 -0.010144989377537442 0.00032644846918911726 -0.004858853514828964 0.047226801336886545 0.017312549547832592 0.068174318232117503 -0.028737057347398787 -0.00043596144042955167
leaf_weight=200.20724440019956 230.62915176766546 755.68616882603374 14599.792198279561 3103.5327440554174 484.25977509988093 578.38455525752579 895.59973843899297 2226.8806248815745 778.39276710159356 2145.1267739423984 1582.330722108991 6.6390669988140898 212.86355961962545 14.515679642739995 1286.9331626952526 492.04223555830322 17.562861830703696 4369.6819647364118 3741.4374674849364 711.4318359509216 342.11279749638197 5972.6307017712052 985.29730237101012 3765.3467235685434 5168.4331250578962 56.443784027042057 106.79304260154822 14.384328516971435 29.837473226752991 2036.6160511388339
leaf_count=646054 6169 194556 319438 111183 15271 38944 47987 98060 60797 105853 74605 263 1930 868 71312 31525 907 243109 186312 34407 20477 281361 41552 234729 402462 1512 96107 360 874 106653
internal_value=-2.57196e-05 0.000113291 0.00173294 0.00142004 0.0032017 0.000467268 -0.000283163 0.00482053 0.00294716 0.00616708 0.00353339 0.00955816 0.0267344 -0.016075 -0.00430749 -0.00154279 -0.00101439 -0.000779608 0.000877888 -0.0018156 -0.00240364 -0.0039432 -0.00334722 0.000576225 -0.00365157 0.00831485 -0.00441001 0.0277042 0.00278597 0.00324402
internal_weight=56911.8 56711.6 28670.9 27915.3 9731.8 18183.5 4483.14 3583.66 3005.27 5248.66 2300.61 718.278 234.018 21.1547 2182.53 28040.7 22434.2 21942.1 10859.2 5081.11 11083 7300.04 6957.93 3782.91 5606.52 331.295 5275.23 100.666 44.2218 5778.05
internal_count=3475637 2829583 1141067 946511 429272 517239 212236 197801 158857 217036 92937 18332 3061 1131 119299 1688516 1181032 1149507 570481 277516 579026 343390 322913 235636 507484 8915 498569 2746 1234 292965
cat_boundaries=0 2 4 6 8 10 12 14 16 18 20 22
cat_threshold=2147487873 49792 1979492704 2752785 0 14336 134218240 5308524 134349332 5308512 33555456 1026 20 262144 33554452 262146 830734336 2097408 1076922432 16 1076922432 524288
is_linear=0
shrinkage=0.05


Tree=92
num_leaves=31
num_cat=19
split_feature=15 15 17 16 4 15 15 17 4 15 17 17 0 0 15 17 17 4 7 0 16 4 15 17 15 15 17 4 0 0
split_gain=112.435 52.011 54.1532 67.5078 38.5685 69.8879 30.6811 74.6382 32.3031 27.4736 37.8115 26.1042 32.884 50.0007 28.8197 23.5227 23.2971 83.1291 32.1611 29.7986 21.8959 20.5202 79.798 95.2695 201.454 31.8165 39.8366 30.6334 24.804 20.4175
threshold=0 1 2 3 6.5000000000000009 4 5 6 5.5000000000000009 7 8 9 45.500000000000007 50.500000000000007 10 11 12 3.5000000000000004 1.0000000180025095e-35 69.500000000000014 13 4.5000000000000009 14 15 16 17 18 1.5000000000000002 20.500000000000004 48.500000000000007
decision_type=9 9 9 9 2 9 9 9 2 9 9 9 2 2 9 9 9 2 2 2 9 2 9 9 9 9 9 2 2 2
left_child=-1 4 3 29 9 -6 7 8 -4 10 -2 12 -7 14 -14 -11 17 20 -19 -18 -12 22 27 24 -24 -23 -27 -8 -28 -3
right_child=1 2 6 -5 5 11 21 -9 -10 15 16 -13 13 -15 -16 -17 19 18 -20 -21 -22 25 23 -25 -26 26 28 -29 -30 -31
leaf_value=-0.044820299725559565 0.058925317219375772 -0.0085827049444150826 -0.014060538486892975 0.054963451996434855 -0.019059444491616201 -0.02355237119075464 -0.024101788735762731 0.033745689972135499 0.018569337546102203 -0.0037668410687671005 0.015831742608900388 -0.00049027438363119242 0.032920048895101167 -0.006399101521304797 -0.010391983712565625 0.017689285738025244 0.001039164649760617 -0.0010482512477623896 0.0844557062090113 -0.0089338465468562778 0.059946660645088856 -0.002222502769289317 0.0049397806548756923 -0.00017375499578422833 0.060672576635627078 0.04840429604486271 -0.044759778854990183 -0.0056698658263022606 0.0025519056540739752 0.012130584341505735
leaf_weight=129.77381733323784 18.624340393769671 142.17143720586387 221.3441551575379 78.307027068921229 734.93988066335078 255.3413660463757 240.40940890778438 230.59938647938725 115.39168666646583 4639.3614881226231 859.83363772986922 4467.9726046541045 121.9520139437227 3066.9284196203562 53.03839642370076 121.81325552124235 4865.861411695043 2009.7040102371975 11.058130800891375 885.27219952117593 22.486461427499307 4243.9619660535209 801.76233177891118 6521.5654026934899 195.30677204540552 37.403922649127708 27.747097299354209 3615.6746441659234 17391.928202994117 729.09298886630472
leaf_count=374229 1022 17087 36748 39443 157088 7517 17490 76169 34459 689658 34042 279637 1229 100266 4209 21279 215381 74057 315 62614 591 314159 71897 195943 19088 14461 283 141764 379127 94385
internal_value=-3.1056e-05 7.92953e-05 0.00129022 0.0130035 -0.00181294 -0.0044073 0.000955849 0.012384 -0.00279599 -0.000134122 0.00154096 -0.00302764 -0.00625865 -0.00491586 0.0210799 -0.00318197 0.0013496 0.00499323 -0.000580352 -0.00049512 0.0178149 0.000756143 -0.000963818 0.00203643 0.0163508 0.00165802 0.00260119 -0.00680137 0.00247512 0.00865133
internal_weight=56856.6 56726.9 34592.7 949.571 22134.2 8700.17 33643.1 567.335 336.736 13434 8672.84 7965.23 3497.26 3241.92 174.99 4761.17 8654.22 2903.08 2020.76 5751.13 882.32 33075.8 11374.7 7518.63 997.069 21701 17457.1 3856.08 17419.7 871.264
internal_count=3475637 3101408 1452503 150915 1648905 549946 1301588 147376 71207 1098959 388022 392858 113221 105704 5438 710937 387000 109005 74372 277995 34633 1154212 446182 286928 90985 708030 393871 159254 379410 111472
cat_boundaries=0 2 4 5 7 9 11 12 14 16 17 18 20 22 23 25 26 28 30 32
cat_threshold=4225 512 3053234464 2146705 545300 411664516 2 17039360 16641 0 12320 2147647488 337914144 257 524616 16 2147486240 268435712 2149094676 16 1074798626 32 1048832 1073758288 4718656 3222405160 516 2 167903820 132102 8650752 16
is_linear=0
shrinkage=0.05


Tree=93
num_leaves=31
num_cat=23
split_feature=16 17 16 17 17 16 17 7 16 16 17 17 4 16 17 4 17 16 16 5 4 4 17 16 16 4 16 17 17 16
split_gain=50.8423 115.909 14.5949 51.0441 43.7381 80.1963 32.7021 24.2729 15.884 13.8114 150.106 91.639 44.8023 17.9125 23.3201 16.2044 15.8622 43.496 15.5262 12.6431 12.3625 9.14919 76.4124 143.725 71.0564 43.2386 33.5175 32.5538 27.2823 27.235
threshold=0 1 2 3 4 5 6 1.0000000180025095e-35 7 8 9 10 3.5000000000000004 11 12 1.5000000000000002 13 14 15 1.5000000000000002 5.5000000000000009 5.5000000000000009 16 17 18 3.5000000000000004 19 20 21 22
decision_type=9 9 9 9 9 9 9 2 9 9 9 9 2 9 9 2 9 9 9 2 2 2 9 9 9 2 9 9 9 9
left_child=1 20 3 -2 5 -4 8 -8 19 11 -11 12 13 15 -15 -6 17 -14 -18 -5 -1 22 23 25 -23 -12 28 -28 -24 -26
right_child=2 -3 4 6 9 -7 7 -9 -10 10 21 -13 16 14 -16 -17 18 -19 -20 -21 -22 24 26 -25 29 -27 27 -29 -30 -31
leaf_value=-0.0043567269092842312 0.051898398204221555 0.048456241796082093 0.0051845674498947839 -0.00484571516468518 -0.022596861462432234 0.053170975232290779 0.00030015753489173497 0.086263685582313718 -0.027240393892658456 0.068269731721263091 0.015449692084933426 0.057960004490367173 0.00044402046427666062 0.054846740904144403 0.00058687865098001283 -0.0078348991904569534 0.03807040110785153 0.057861185591555855 -0.0050715062085072921 -0.015076704258036573 0.010701253449991156 -0.013432978793995205 -0.013676501533893227 0.057374944162190578 -0.0014804183921828733 -4.8462162537346515e-05 0.045468155060474136 8.7813842458604526e-05 0.03900815050343024 0.0024594157764355005
leaf_weight=329.95177670034241 32.827178923153042 166.43001022705698 1774.1934752257616 2361.6850131379715 203.39642175222161 82.08648897591911 3225.9141531015948 8.2326449227839458 84.39962549712709 70.918610056905891 762.31115637387848 53.886511433107444 6775.6008411094717 12.734854920068756 167.02560019804332 2161.4160955990583 11.335314499508968 23.148556638334412 1754.7288697009699 346.23575925461228 232.24853603762676 1019.7190573988846 595.4480006337908 139.38373566415976 11176.766989717831 1098.6319734382269 29.625128241404127 14804.128408146153 16.674353323205651 7205.8513911749469
leaf_count=45575 10988 106994 177463 272836 34740 25588 476436 272 214717 5428 29690 10322 468747 306 36910 201645 1389 798 277394 39064 41987 78194 52133 9685 273600 39919 4934 364032 2643 171208
internal_value=-3.94681e-05 0.0129929 -0.000211324 -0.00252657 7.0044e-05 0.00758011 -0.00290852 0.000517381 -0.00686418 -0.000221405 0.000244671 -0.00176166 -0.00210321 -0.00793051 0.00711858 -0.00906623 -0.000374396 0.000724209 -0.00458181 -0.00613121 0.00183125 9.52636e-05 0.000926149 0.0100954 -0.000651803 0.00626648 -0.000267686 0.000209015 -0.0116374 6.44652e-05
internal_weight=56726.9 728.63 55998.3 6059.29 49939 1856.28 6026.47 3234.15 2792.32 48082.7 36919.5 11163.3 11109.4 2544.57 179.76 2364.81 8564.81 6798.75 1766.06 2707.92 562.2 36848.5 17446.2 2000.33 19402.3 1860.94 15445.9 14833.8 612.122 18382.6
internal_count=3475637 194556 3281081 1014313 2266768 203051 1003325 476708 526617 2063717 1031466 1032251 1021929 273601 37216 236385 748328 469545 278783 311900 87562 1026038 503036 79294 523002 69609 423742 368966 54776 444808
cat_boundaries=0 1 2 4 6 7 9 10 11 12 13 15 16 17 18 19 20 21 22 23 25 27 29 30
cat_threshold=16777224 2518926849 33960963 1 1082532168 20 17469969 144293892 2 2483591696 267266 3825748096 2147483648 2157249864 16 3221766144 1048840 1048576 540672 524288 1048576 9437184 143654912 12582976 2 8388608 16 1086324904 16 272662816
is_linear=0
shrinkage=0.05


Tree=94
num_leaves=31
num_cat=8
split_feature=6 17 17 5 5 17 17 7 0 0 17 17 17 7 13 17 4 0 0 4 12 10 3 0 12 0 0 0 0 4
split_gain=4.79786 72.1179 68.6543 30.6514 25.3511 40.7744 23.3086 30.5074 18.1881 23.9699 21.0592 14.8252 11.175 54.2526 15.5661 27.9365 9.60835 9.17183 12.4176 9.13022 10.774 10.7106 9.70926 10.3484 8.91343 9.02257 20.4148 12.867 20.6979 18.5465
threshold=1.0000000180025095e-35 0 1 1.5000000000000002 1.5000000000000002 2 3 1.0000000180025095e-35 67.500000000000014 80.500000000000014 4 5 6 1.0000000180025095e-35 1.0000000180025095e-35 7 6.5000000000000009 54.500000000000007 81.500000000000014 12.500000000000002 1.0000000180025095e-35 1.0000000180025095e-35 1.0000000180025095e-35 66.500000000000014 1.0000000180025095e-35 57.500000000000007 59.500000000000007 62.500000000000007 63.500000000000007 10.500000000000002
decision_type=2 9 9 2 2 9 9 2 2 2 9 9 9 2 2 9 2 2 2 2 2 2 2 2 2 2 2 2 2 2
left_child=1 -1 -2 12 6 8 7 16 10 -10 -6 17 -4 14 -14 -16 -3 -5 24 20 -12 22 23 -22 25 -19 -27 -28 29 -29
right_child=2 4 3 11 5 -7 -8 -9 9 -11 19 -13 13 -15 15 -17 -18 18 -20 -21 21 -23 -24 -25 -26 26 27 28 -30 -31
leaf_value=0.04994134169254294 0.051793963080125786 0.0047655190660075633 -0.0024537621772276097 -2.2629935496786078e-05 0.025394088061007861 0.0011881186125588426 -0.00043358039394599625 0.079671836319576236 0.027658580649633807 -0.0011277808907072474 0.0048648085458649105 -0.0024709537495192901 0.00023967240716448891 0.063092397594105315 -0.00036019127182590558 0.055756849199017799 0.026818743259657604 -0.0314475730600298 0.0019160461452566652 -0.030477255845080844 -0.080144571450215335 0.094649424442554114 0.024563414605598893 0.10144939275042116 0.0076917900568876209 0.015949330876798538 -0.033188546929298533 -0.0033192529417157648 -0.015814668737492925 0.065317116305003017
leaf_weight=63.229627371162678 52.511387538831741 205.21039010461641 3988.1799945698403 199.4226553373137 105.93214175797038 2903.4615061915993 26551.838169338807 16.71918825246712 321.5026718592926 93.302053158973649 330.29306880428703 1734.4373753795498 18747.009716393582 34.507695070416958 68.86435762635665 25.340455348010437 65.046097117952741 77.587181306107595 142.24173771453388 21.865639742929488 11.663523144903596 1.4558022683486331 3.6700385520816772 0.84111070632934648 44.742234885066864 54.419298983056251 92.703249260188386 29.190427115217972 544.21350278991576 14.848876475196446
leaf_count=34915 28067 22601 584366 16542 10162 96609 1054781 1480 9108 5430 2461 170252 1331339 3626 18941 5663 8760 3772 14506 121 141 52 94 7 9106 2673 5223 1710 32442 687
internal_value=-4.1285e-05 0.000381367 -0.000543166 -0.000669516 0.000262681 0.00408845 -0.00027804 0.0136524 0.013381 0.0211837 0.00685885 -0.00548109 -5.24059e-05 0.000456026 0.000341549 0.0206154 0.0100734 -0.00973239 -0.0117662 0.000839701 0.00283198 -0.0352514 -0.0469431 -0.0679298 -0.0140352 -0.015231 -0.01352 -0.0158751 -0.0131467 0.0198231
internal_weight=56546.3 30696 25850.2 25797.7 30632.8 3793.99 26838.8 286.976 890.526 414.805 475.721 2933.81 22863.9 18875.7 18841.2 94.2048 270.256 1199.37 999.947 369.789 347.924 17.6305 16.1747 12.5046 857.705 812.963 735.375 680.956 588.253 44.0393
internal_count=3475637 1246722 2228915 2200848 1211807 124185 1087622 32841 27576 14538 13038 256913 1943935 1359569 1355943 24604 31361 86661 70119 2876 2755 294 242 148 55613 46507 42735 40062 34839 2397
cat_boundaries=0 2 3 4 5 6 7 9 10
cat_threshold=8650752 20 4328020 2148007976 3240185984 2148007936 2148270120 3232089472 16 16777216
is_linear=0
shrinkage=0.05


Tree=95
num_leaves=31
num_cat=22
split_feature=15 15 17 15 17 16 0 17 17 15 15 17 0 15 15 17 17 0 17 12 17 0 0 15 16 15 17 17 0 14
split_gain=102.924 50.7995 97.3165 36.0313 47.2078 46.3524 18.3162 17.5026 16.176 128.353 55.9433 28.1754 12.9037 71.297 47.1297 46.0786 29.3178 19.4284 28.5796 16.0308 15.7166 25.268 17.9518 17.5919 16.8204 15.2391 21.9842 14.9876 13.1671 13.0256
threshold=0 1 2 3 4 5 48.500000000000007 6 7 8 9 10 63.500000000000007 11 12 13 14 43.500000000000007 15 1.0000000180025095e-35 16 76.500000000000014 75.500000000000014 17 18 19 20 21 85.500000000000014 1.5000000000000002
decision_type=9 9 9 9 9 9 2 9 9 9 9 9 2 9 9 9 9 2 9 2 9 2 2 9 9 9 9 9 2 2
left_child=-1 2 -2 7 5 6 -5 -3 10 11 -9 -10 14 27 15 -6 -17 18 -16 20 22 25 23 -15 -23 -22 29 -14 -26 -27
right_child=1 3 -4 4 12 -7 -8 8 9 -11 -12 -13 13 19 17 16 -18 -19 -20 -21 21 24 -24 -25 28 26 -28 -29 -30 -31
leaf_value=-0.044148695345399683 0.048073188122370908 0.04050243242892456 0.0033652088657775887 -0.0072180151195858 0.050708424032208189 0.055535073420638986 0.012412607001510647 0.057199527447560565 0.071522965471105718 -0.0019535183997461563 -0.0099424354138441945 0.012358605983847932 0.036005821138656524 -0.010853600022198297 0.027483306146162179 -0.015945925206186203 -0.0018024365703661256 0.0022074124372875406 0.0054542583917743534 0.01254843653287014 0.00060855180031328465 0.00584802913681454 -0.0065696775619548597 0.006178391733663924 0.010602049345782429 0.0045479357763702254 0.045700163896137569 -0.0025239880321454846 0.024488497427733211 0.024581536118076949
leaf_weight=122.1894523794341 147.69427367303069 14.346315865518134 559.01921841762396 143.24701115720143 31.287279695996403 48.537265275664481 696.96221088050618 22.286423051887596 65.356240616700234 18022.769720717995 1021.705747895174 51.008118519734126 15.406566660694352 171.69599682398257 182.19689461168673 367.91488990342259 12571.164117413829 4221.5556836429832 706.44890871578627 532.99353909135607 3404.3706111883516 1807.5132009435843 737.48455429516616 936.58274848659312 562.69495244406744 1872.1727490707417 24.890727076886378 7119.9399358984629 245.04623789597645 84.812683311727596
leaf_count=374156 76679 3122 118189 8327 3491 12497 40178 2093 3229 1093100 453093 18177 14697 18811 10623 58608 271029 182555 42361 64401 81630 66946 42862 24480 14641 25536 4368 330694 6894 9005
internal_value=-8.0974e-05 2.23416e-05 0.013249 -0.000147878 0.000774705 0.0120924 0.00895916 -0.00190074 -0.00195354 -0.00160248 -0.00798004 0.0486187 0.000488813 0.00145616 -0.000448035 -0.00204997 -0.0022166 0.00361482 0.0103415 0.0040987 0.00364552 0.00460177 -0.000522013 0.00349759 0.00863985 0.00264965 0.0061218 -0.00239052 0.0146336 0.00538863
internal_weight=56511.3 56389.1 706.713 55682.4 36484.9 888.746 840.209 19197.5 19183.1 18139.1 1043.99 116.364 35596.2 17515.6 18080.6 12970.4 12939.1 5110.2 888.646 10380.3 9847.26 8001.5 1845.76 1108.28 2615.25 5386.25 1981.88 7135.35 807.741 1956.99
internal_count=3476472 3102316 194868 2907448 1334634 61002 48505 1572814 1569692 1114506 455186 21406 1273632 704965 568667 333128 329637 235539 52984 359574 295173 209020 86153 43291 88481 120539 38909 345391 21535 34541
cat_boundaries=0 2 4 6 8 9 11 13 15 17 19 21 23 25 27 28 30 32 34 35 37 38 40
cat_threshold=4225 512 0 14336 14428524 20 3053355308 2146736 921604 815267968 2 139978 32 2493812752 16 7733256 32 361267460 2097168 1573152 4 1107321922 263171 1207984640 5963844 8421410 16 1111557056 2147485728 16 37749034 32 512 131072 547373568 134218240 4259904 2155882496 4196410 32
is_linear=0
shrinkage=0.05


Tree=96
num_leaves=31
num_cat=9
split_feature=15 15 15 1 15 15 4 15 1 1 15 1 15 5 3 15 4 14 4 1 1 8 4 1 7 1 1 1 12 1
split_gain=96.8796 46.2298 32.0853 18.5453 48.3439 39.2431 34.1111 30.3074 23.6362 15.7881 15.4802 13.9629 13.4734 17.8369 13.3623 18.2735 37.7376 28.7609 30.1685 22.9464 42.3826 21.398 18.7134 22.3723 16.9289 16.0934 21.6903 15.6006 15.5662 13.6982
threshold=0 1 2 4032.5000000000005 3 4 2.5000000000000004 5 5852.5000000000009 6162.5000000000009 6 506.50000000000006 7 1.5000000000000002 1.0000000180025095e-35 8 3.5000000000000004 1.5000000000000002 6.5000000000000009 420.50000000000006 600.50000000000011 1.0000000180025095e-35 2.5000000000000004 1482.5000000000002 1.0000000180025095e-35 3422.5000000000005 3540.5000000000005 650.50000000000011 1.0000000180025095e-35 380.50000000000006
decision_type=9 9 9 2 9 9 2 9 2 2 9 2 9 2 2 9 2 2 2 2 2 2 2 2 2 2 2 2 2 2
left_child=-1 -2 -3 5 9 12 7 -7 -6 -5 -10 -8 13 -4 28 17 21 22 -19 -18 24 -17 23 -16 -21 -25 -27 -22 -14 -24
right_child=1 2 3 4 8 6 11 -9 10 -11 -12 -13 14 -15 15 16 19 18 -20 20 27 -23 29 25 -26 26 -28 -29 -30 -31
leaf_value=-0.043840857377170458 0.012524168273804703 -0.0018222823241849007 -0.0046963550467527928 0.0006752684539086145 0.002586311806002003 -0.002950938696562086 0.037147726938047271 0.023676432199885217 0.013643589596332573 -0.0038129469132818028 0.0056698237826108694 0.0018033608330120501 5.5706071171661085e-05 -0.025100650007003712 0.029258947660064046 -0.013396021431225936 -0.061423703951189623 -0.035965101359489222 0.013815086716866917 -0.022017787679901295 -0.045284854397650204 -0.069943511763910546 0.048293617766187624 -0.0067631368024042744 0.047624002499381313 0.076131662289619428 0.006168288047771045 -0.0026627638789303806 0.013267425618981643 -0.00045450141622467935
leaf_weight=116.23397652892288 718.53085157013345 18961.95002505977 1394.3827542110027 6101.8762159974904 6096.0401027864655 156.84853849287447 28.125369240554392 346.19545452055627 861.87877159080051 2886.198034500032 2240.5045650234792 4313.5529071874616 5162.26152277452 116.0182599126756 123.9923886590567 799.98811286245655 16.358811419864651 104.13002095909542 43.00522611467386 10.289780076549503 21.639886525768816 17.08695893316326 14.492443819064645 142.52600142190749 57.429192716070247 15.066162390576208 41.850411441955771 2719.484513936959 233.01095295298546 2557.3271389699448
leaf_count=374156 257877 1569515 114888 236197 188444 14690 1151 22952 29431 146416 117972 172435 92956 14988 2654 20268 196 13714 2699 249 289 1178 94 2854 422 139 649 36880 16191 23928
internal_value=-8.74802e-05 1.06323e-05 -0.000153355 0.000711046 0.00184407 -0.00040632 0.00345329 0.0157861 0.00438965 -0.00076511 0.00794728 0.00203232 -0.00178343 -0.00622247 -0.00122372 -0.00271871 -0.00510078 0.000149319 -0.0214152 -0.00237777 -0.00203388 -0.0145786 0.00124573 0.012581 0.0370421 0.00221234 0.024688 -0.00299925 0.000626294 -0.000179801
internal_weight=56418.3 56302 55583.5 36621.6 18186.5 18435.1 4844.72 503.044 9198.42 8988.07 3102.38 4341.68 13590.3 1510.4 12079.9 6684.67 3642.28 3042.39 147.135 2825.2 2808.84 817.075 2895.25 323.435 67.719 199.443 56.9166 2741.12 5395.27 2571.82
internal_count=3476472 3102316 2844439 1274924 718460 556464 211228 37642 335847 382613 147403 173586 345236 129876 215360 106213 59482 46731 16413 38036 37840 21446 30318 6296 671 3642 788 37169 109147 24022
cat_boundaries=0 2 4 6 8 10 11 13 15 17
cat_threshold=4225 512 8192 14340 3053224228 2146738 1107428442 263169 1208091144 5963840 19474 134217728 4784128 134218240 655360 1073741824 65536
is_linear=0
shrinkage=0.05


Tree=97
num_leaves=31
num_cat=11
split_feature=15 15 15 0 15 15 4 15 0 15 0 0 0 15 4 4 0 15 5 15 5 3 0 15 7 3 0 4 4 4
split_gain=96.7174 41.6847 29.37 16.472 42.7285 32.5837 29.5497 25.4312 19.9208 15.3471 14.1645 13.159 12.2826 12.037 26.1854 20.9033 12.6578 12.029 16.8352 11.9075 85.8761 33.4823 26.2861 17.6929 14.687 15.4316 30.5814 16.5536 14.3647 12.7492
threshold=0 1 2 63.500000000000007 3 4 2.5000000000000004 5 76.500000000000014 6 22.500000000000004 78.500000000000014 85.500000000000014 7 3.5000000000000004 5.5000000000000009 88.500000000000014 8 1.5000000000000002 9 1.5000000000000002 1.0000000180025095e-35 42.500000000000007 10 1.0000000180025095e-35 1.0000000180025095e-35 36.500000000000007 4.5000000000000009 5.5000000000000009 3.5000000000000004
decision_type=9 9 9 2 9 9 2 9 2 9 2 2 2 9 2 2 2 9 2 9 2 2 2 9 2 2 2 2 2 2
left_child=-1 -2 -3 5 11 17 7 -7 -6 12 -8 -5 -10 14 -13 16 -15 18 -4 20 21 29 24 -22 -21 27 -27 -26 -23 -12
right_child=1 2 3 4 8 6 10 -9 9 -11 19 13 -14 15 -16 -17 -18 -19 -20 22 23 28 -24 -25 25 26 -28 -29 -30 -31
leaf_value=-0.044028872575137663 0.011932077418874282 -0.0017316148814227621 -0.0043627294886650894 0.00057887379908131331 0.0024587647621064712 -0.0027960202566111973 0.037792376126176939 0.021460789181563165 0.0092803462846365488 0.0051504132364707991 0.0062338905340513012 -0.015793592649212658 0.022386168374047243 0.0044514909522971246 0.003267297847957323 -0.011298910836413316 -0.013114112074458551 -0.0010928503098813378 -0.024487471446271957 0.012185937797733346 0.0007574267181386093 0.013122682158196258 0.0024934226965396609 -0.042274930229021637 -0.03739718300460268 0.061399001049400215 -0.079923638228085167 0.064400363221303034 0.0013542975784248624 -0.0076842211075530079
leaf_weight=114.88589141591592 715.10516121982607 18947.574380128524 1387.3907290140492 5975.877885240151 6218.5365849448808 156.71811318788309 27.17756095979712 359.63549367174369 594.55734083936909 2332.3018390452989 208.407528656453 216.96853561443595 255.63897164831906 473.92323177558819 1062.75289480233 926.94410793032785 130.88250422321744 12047.651739782339 112.33356847935374 132.08852342698015 37.875262366163042 600.62408393437363 1908.7166816661868 132.12946205383832 4.3901345842168658 8.514988875236666 6.9545025794068343 44.207266289457039 456.28561384283239 781.61151315660345
leaf_count=439341 257877 1504330 114888 227775 195995 14690 1151 22952 19948 123805 8538 9185 9483 22966 52387 49652 7264 215360 14988 8283 3694 22267 69773 9048 181 262 181 332 16129 33747
internal_value=-7.63197e-05 2.12494e-05 -0.000134205 0.000692986 0.0017604 -0.000361051 0.00314499 0.0144601 0.00410095 0.00732264 0.00180878 -0.000747419 0.0130673 -0.00356916 3.53701e-05 -0.00653816 0.000650221 -0.00162132 -0.00583125 0.0015825 -0.000978651 0.00185295 0.00426438 -0.0351299 0.0217144 0.0413594 -0.00213435 0.0552043 0.00804207 -0.00475434
internal_weight=56378.7 56263.8 55548.7 36601.1 18188.4 18412.7 4865.34 516.354 9401.03 3182.5 4348.98 8787.35 850.196 2811.47 1279.72 1531.75 604.806 13547.4 1499.72 4321.81 2216.93 2046.93 2104.87 170.005 196.155 64.0669 15.4695 48.5974 1056.91 990.019
internal_count=3476472 3037131 2779254 1274924 718460 556464 211228 37642 349231 153236 173586 369229 29431 141454 61572 79882 30230 345236 129876 172435 93423 80681 79012 12742 9239 956 443 513 38396 42285
cat_boundaries=0 2 4 6 8 10 11 13 14 16 18 19
cat_threshold=2147487873 512 8192 14340 905740580 2146738 1107313754 263169 1208091144 5963840 19474 134217728 4784128 1073759296 134218240 655360 33572928 9 18496
is_linear=0
shrinkage=0.05


Tree=98
num_leaves=31
num_cat=23
split_feature=15 15 17 15 17 16 15 0 17 15 17 15 15 17 14 0 15 15 17 17 17 0 17 0 15 0 12 15 15 17
split_gain=89.922 37.3517 106.511 27.5601 66.5998 167.177 26.5939 24.7988 20.1228 96.7517 56.3542 32.2525 17.4662 56.8252 28.6227 17.8845 34.7911 30.705 21.9286 21.8989 20.702 19.0606 16.5599 15.8085 19.0241 15.6995 15.4187 15.2889 12.3527 14.0098
threshold=0 1 2 3 4 5 6 43.500000000000007 7 8 9 10 11 12 1.0000000180025095e-35 63.500000000000007 13 14 15 16 17 22.500000000000004 18 79.500000000000014 19 76.500000000000014 1.0000000180025095e-35 20 21 22
decision_type=9 9 9 9 9 9 9 2 9 9 9 9 9 9 2 2 9 9 9 9 9 2 9 2 9 2 2 9 9 9
left_child=-1 2 -2 8 5 7 -6 -5 11 10 -10 -3 13 14 -8 17 22 19 -18 -14 -19 -22 -17 -24 -25 -20 -16 -27 29 -9
right_child=1 3 -4 4 6 -7 12 28 9 -11 -12 -13 15 -15 26 16 18 20 25 -21 21 -23 23 24 -26 27 -28 -29 -30 -31
leaf_value=-0.043338862716146148 0.0011210810945457693 -0.01081060413670857 0.048013125097195214 -0.010504001170563323 0.041768796418016348 0.066039992167208725 -0.0006018766730496671 0.05095673486166237 0.0034255761933683344 -0.0016715560829349285 0.068705065362341083 0.050949949697238761 -0.014485437413231481 0.051060041401514614 -0.012407539090537266 0.037843506070052796 0.046370625536950705 0.028521486031403798 0.0022971498545606541 -0.0015759208532770898 0.043409757071389041 0.0022127441425262616 0.00058578784688545385 0.0008130035210917692 -0.0088682621044816091 0.015318810332591169 0.0024830692083118297 0.0052115459889806584 6.4551865790423972e-05 0.010889415516103378
leaf_weight=109.9186148802786 558.3163236703549 809.99146281956416 145.79172631414178 194.68456897913438 28.514644768963763 118.02812761839709 2459.3827010653013 14.525611865876499 69.845327458031534 17998.452222741642 70.507136974930972 12.175785337938576 328.92764886104851 38.017618838854105 1035.5043464589962 17.756627352972828 20.622743279536735 67.89732245166033 5428.7104627013514 11181.636188099837 28.259585689288542 4336.7872418693423 5304.9399648835406 915.8723067075598 1134.7584819287986 448.81291584920382 208.91942358645065 2324.9400525217243 292.19140384307434 714.38960842969209
leaf_count=439341 114907 306144 101542 13479 6421 27892 97464 477 23715 1176086 11007 860 32533 5180 97858 5467 2420 6830 154508 207308 1300 146368 163437 32874 52949 5960 53746 114652 31556 42191
internal_value=-8.77235e-05 4.40089e-06 0.0113669 -0.000141496 0.000659212 0.0115845 0.000243355 0.00580235 -0.00168848 -0.00133879 0.0386077 -0.0092947 0.000197968 -0.00302726 -0.00371843 0.000581441 0.00178543 -0.000595977 0.00401887 -0.00195708 0.00293605 0.00247379 -0.000709884 -0.000854206 -0.0045836 0.00385605 -0.00990764 0.00692099 0.00896814 0.0123667
internal_weight=56419.1 56309.2 704.108 55605.1 36644.1 1333.82 35310.3 1215.79 18961 18138.8 140.352 822.167 35281.7 3741.82 3703.81 31539.9 15596.4 15943.5 8223.09 11510.6 4432.94 4365.05 7373.33 7355.57 2050.63 8202.46 1244.42 2773.75 1021.11 728.915
internal_count=3476472 3037131 216449 2820682 1302870 115595 1187275 87703 1517812 1210808 34722 307004 1180854 254248 249068 926606 532267 394339 277540 239841 154498 147668 254727 249260 85823 275120 151604 120612 74224 42668
cat_boundaries=0 2 4 5 7 8 9 11 12 14 16 18 20 22 24 26 28 29 31 33 35 37 39 40
cat_threshold=2147487873 512 0 14340 2489566209 905740588 2146738 2169409541 1342701568 0 524288 2485424128 7340040 34 54748289 32 7340072 290 1073897536 1024 1083245200 16 33555474 4456457 134220288 5439552 1073741856 20 320 8390720 16 1082132608 16 33555456 4194304 0 65536 1073741824 65536 2147487744
is_linear=0
shrinkage=0.05


Tree=99
num_leaves=31
num_cat=21
split_feature=15 15 17 15 17 17 15 1 17 16 15 17 1 1 17 17 1 15 17 1 17 15 14 1 1 15 17 15 1 15
split_gain=86.3445 37.6909 61.0545 26.4103 69.6305 25.0743 59.4041 23.2472 45.0712 113.93 29.8094 101.27 20.0495 19.6796 19.5373 14.9596 15.255 13.6689 15.5769 12.1154 28.0104 11.7603 11.5108 12.6284 13.8092 11.1371 30.1459 38.7727 11.101 33.6422
threshold=0 1 2 3 4 5 6 4032.5000000000005 7 8 9 10 5852.5000000000009 506.50000000000006 11 12 2162.5000000000005 13 14 1892.5000000000002 15 16 1.0000000180025095e-35 870.50000000000011 1406.5000000000002 17 18 19 4422.5000000000009 20
decision_type=9 9 9 9 9 9 9 2 9 9 9 9 2 2 9 9 2 9 9 2 9 9 2 2 2 9 9 9 2 9
left_child=-1 2 -2 5 -5 6 -3 10 9 12 14 -12 -9 -13 -6 -16 -17 18 -10 20 22 -19 -15 -24 -25 26 -7 -28 -27 -30
right_child=1 3 -4 4 7 25 -8 8 17 -11 11 13 -14 19 15 16 -18 21 -20 -21 -22 -23 23 24 -26 28 27 -29 29 -31
leaf_value=-0.043316114917212989 -0.0012726075138897559 -0.020865372043639144 0.033060304033676761 0.054462198996733185 -0.012882702710010636 -0.017134606665921988 0.056767043708309851 0.0026419760714892337 -0.017922572408371546 0.058187759524833786 0.053810984877328709 0.040810537518150766 0.0087856633183309475 0.050623640651240455 -0.0016176613947064104 -0.0017977640960509585 0.026161481400369987 0.033556250506119843 0.031122343931771282 0.00038844093654014208 0.003102631294621223 -5.1712805834603522e-05 0.082418877497934709 -0.070666443643171969 0.018191861466800872 -0.00035069909790702699 0.060182386813385183 -0.0021697257542273897 -0.026602419466718437 -0.0021608326100679503
leaf_weight=105.2920639156149 309.61304192968237 38.385540470175329 216.16895126203144 50.474888822791399 371.72246255354548 337.66031433090279 48.955904446705972 4417.1278689532046 165.78054583881203 90.518556082548457 87.287952180966386 32.440018576413422 1898.8147308125772 55.653352394666399 11664.688015209911 94.623346942045146 100.71331284797338 16.113666860618196 9.7409106079412577 2832.0774561770831 438.45382415622589 8111.7017519863166 5.1283812435558529 5.8548097098319003 17.267964530164136 14055.798650714567 20.387194340350106 141.94610559442663 132.92463529560519 10439.413749568004
leaf_count=439341 71501 56136 93083 9741 51614 299559 6039 102573 35616 8307 10012 2084 77506 1241 263278 7619 9198 9131 8757 117971 24772 370546 293 425 600 635229 747 200965 35778 526810
internal_value=-9.03488e-05 -1.66818e-06 0.0131965 -0.000128641 0.0008619 -0.00132531 0.02401 0.00075508 0.00218368 0.00533023 -0.000582432 0.00349897 0.00448191 0.00204771 -0.0017431 -0.0013834 0.0120032 -0.000250173 -0.0136699 0.00167895 0.00867572 5.60692e-05 0.033443 0.0114358 -0.00430754 -0.00142289 -0.00874115 0.0086988 -0.00127083 -0.00249534
internal_weight=56312.7 56207.4 525.782 55681.7 30466.2 25215.5 87.3414 30415.7 14709.8 6406.46 15705.9 3474.16 6315.94 3386.88 12231.7 11860 195.337 8303.34 175.521 3354.44 522.358 8127.82 83.9045 28.2512 23.1228 25128.1 499.994 162.333 24628.1 10572.3
internal_count=3476472 3037131 164584 2872547 1111284 1761263 62175 1101543 612436 188386 489107 157398 180079 147386 331709 280095 16817 424050 44373 145302 27331 379677 2559 1318 1025 1699088 501271 201712 1197817 562588
cat_boundaries=0 2 4 5 7 8 10 11 12 13 15 16 18 20 22 24 26 28 30 31 33 35
cat_threshold=2147487873 512 0 12288 2147664896 1979482404 2146739 688128 8528586 16 537133056 2148534276 1342194176 134359552 5963844 2148534272 37749056 16 2156931608 4 520 3072 2359561 16 32 16 0 1572864 17825792 49568 2164823316 1048576 288 32 2
is_linear=0
shrinkage=0.05


Tree=100
num_leaves=31
num_cat=21
split_feature=15 15 17 15 17 4 17 0 17 15 7 15 17 17 15 15 15 0 15 15 4 15 4 17 4 15 17 5 4 17
split_gain=83.5492 40.764 75.8598 19.6706 40.1084 20.7063 17.7753 16.6876 39.4325 31.2256 36.6419 15.8919 49.2602 13.0651 117.021 114.322 21.7605 13.7255 33.5671 18.8038 15.543 32.6498 18.2001 13.0354 12.9439 34.5965 12.2272 18.1917 11.9564 20.0055
threshold=0 1 2 3 4 6.5000000000000009 5 68.500000000000014 6 7 1.0000000180025095e-35 8 9 10 11 12 13 68.500000000000014 14 15 4.5000000000000009 16 3.5000000000000004 17 3.5000000000000004 18 19 1.5000000000000002 3.5000000000000004 20
decision_type=9 9 9 9 9 2 9 2 9 9 2 9 9 9 9 9 9 2 9 9 2 9 2 9 2 9 9 2 2 9
left_child=-1 2 -2 4 5 -4 -3 11 9 -9 -11 12 -5 14 -8 -15 -16 19 24 28 21 22 -20 -13 25 -19 27 -21 -17 -30
right_child=1 6 3 7 -6 -7 13 8 -10 10 -12 23 -14 15 16 17 -18 18 20 26 -22 -23 -24 -25 -26 -27 -28 -29 29 -31
leaf_value=-0.043661485808967719 0.049392717879388065 0.039335542888053333 -0.0073381345859661745 0.04769730031802985 0.029070068140473793 0.02355962963267097 0.066255478322776645 0.0039006795218727314 -0.00048741735930431528 0.05818982439978973 0.011986298910530546 0.012483033282584519 0.0033892748665340085 0.05150857832482203 -0.016857841221134123 -0.0063098847458127778 -0.0037047486516996334 0.0095387855243497036 -0.02274212965131522 0.0046401735394223289 0.0012860536565476397 0.00078741511412901393 -0.0043533688857291036 -7.4406408003741827e-05 -0.0069698454460664005 -0.020530288820875792 0.0010105878327547914 0.029602144019971147 -0.0046058702790911744 0.0017639088306047931
leaf_weight=98.929445126164296 72.849699487133535 17.193531795746367 233.0354504396455 59.466041717900907 185.60243817321407 70.66670934058493 48.681935347146919 3056.7119920257246 3853.834805699018 44.728946524206549 1055.7259198811225 199.28119573192572 701.98059249258142 94.359303490292405 339.65222237638477 1328.7463135818116 3415.4916304301969 358.41996042517349 299.04466011782642 387.56515737163136 4924.3161595380716 1058.9615527605947 244.6321856284485 16516.237653472719 3539.5981655455944 119.33476427247297 8854.9508422777108 89.923521338379942 2151.1295829631308 2861.6561727096887
leaf_count=373746 35449 9685 46479 12982 77241 25267 3381 137279 199273 6006 11086 15285 50970 15057 365611 120561 344388 34667 15792 13258 221144 59233 14225 416716 241130 14387 287271 3994 112426 191644
internal_value=8.55348e-05 0.000170306 0.0016185 0.00146557 0.0112977 -0.000143971 -0.00108176 0.00127246 0.00316265 0.00653184 0.0137394 0.000406778 0.00742299 -0.00111789 -0.0038536 -0.000721089 -0.00493606 -0.00092863 -0.00232378 9.33593e-06 -0.000105743 -0.00438288 -0.0142066 8.26764e-05 -0.00591243 0.00179799 0.00143636 0.00914954 -0.0020897 -0.000975215
internal_weight=56282.7 56183.8 26050.1 25977.3 489.305 303.702 30133.7 25488 8011 4157.17 1100.45 17477 761.447 30116.5 3803.83 26312.6 3755.14 26218.3 10544.3 15674 6526.95 1602.64 543.677 16715.5 4017.35 477.755 9332.44 477.489 6341.53 5012.79
internal_count=3475633 3101887 1034033 998584 148987 71746 2067854 849597 353644 154371 17092 495953 63952 2058169 713380 1344789 709999 1329732 600578 729154 310394 89250 30017 432001 290184 49054 304523 17252 424631 304070
cat_boundaries=0 2 4 6 8 9 10 11 13 15 17 19 21 23 25 27 29 30 31 33 35 36
cat_threshold=4225 512 167800334 6109260 524320 16 0 12288 2216936448 1078067904 2156955650 2560 1572940 16386 264192 2157346816 4 2491535636 48 1098940688 2097168 6160448 1024 2691956736 49312 352354336 2097409 1098907904 2113552 1082130448 17010821 83886080 2097153 524288 4 524320
is_linear=0
shrinkage=0.05


Tree=101
num_leaves=31
num_cat=22
split_feature=15 15 17 17 15 17 14 15 17 15 1 15 15 17 15 16 15 17 15 17 1 17 7 15 1 17 5 17 4 1
split_gain=86.9811 41.3137 56.9481 26.4004 23.5785 63.9724 17.1026 23.9974 15.1011 225.119 39.2826 24.8017 17.7487 11.8156 91.0052 68.315 14.8387 63.5833 14.5592 45.2203 14.1693 22.9717 32.3559 12.7699 11.2916 23.6985 16.1461 15.9905 13.8735 11.151
threshold=0 1 2 3 4 5 2.5000000000000004 6 7 8 4692.5000000000009 9 10 11 12 13 14 15 16 17 4422.5000000000009 18 1.0000000180025095e-35 19 2162.5000000000005 20 1.5000000000000002 21 1.5000000000000002 1892.5000000000002
decision_type=9 9 9 9 9 9 2 9 9 9 2 9 9 9 9 9 9 9 9 9 2 9 2 9 2 9 2 9 2 2
left_child=-1 3 -3 -2 5 -4 13 -8 9 10 24 -10 -12 15 -15 -5 17 -16 19 -17 23 -22 -23 -18 25 26 -6 -26 -29 -27
right_child=1 2 4 6 8 -7 7 -9 11 -11 12 -13 -14 14 16 18 20 -19 -20 -21 21 22 -24 -25 27 29 -28 28 -30 -31
leaf_value=-0.044456057968154106 0.045524539307248188 0.048130850359609588 0.046221731365819502 0.057297569714120977 -0.0038840087903896517 0.0035210014145303104 -0.02457853519602805 -3.205825629998341e-05 0.040732541835671841 0.058441761462569013 0.011292565169328665 -0.00026039725416594767 0.0037547754258614378 0.057777449364361994 -0.004356827596933976 0.057242457098075974 -0.0097622587098112439 0.073938141517261788 -0.014121036389778211 -0.0047767678755880399 -0.0085946053828123096 -0.001696227847172097 0.080893451773941361 0.00024991017465574109 0.017713432327191501 0.0030161213589081932 -0.030550259857207614 -0.021174191408342227 -0.00082027485268564276 0.011290937244325462
leaf_weight=99.424517231894129 20.063496002484953 55.098872016698124 97.269644621734642 33.89341239153282 430.10459534797701 513.57768549241155 178.83343272282582 220.74417890408222 27.001154104023044 165.53939590341906 1072.8313457522895 13268.016325223674 2948.9997417309582 55.983902797772544 101.84705550189392 19.939155773332459 316.95736882304482 25.084941521042765 418.36907041859467 1859.5564189046145 1341.6853126871574 8702.9842040493422 11.875022172673196 12261.675140640989 105.53303539846092 2147.9989475484972 65.396226743119769 84.508000710098713 8980.1374608492588 502.35232600442669
leaf_count=438930 4589 28591 61089 3379 23762 117824 158109 472938 11934 18069 15141 643593 125347 7846 25393 765 131826 778 169717 100348 24673 375690 505 320998 7414 21763 4076 5887 150219 4440
internal_value=7.90074e-05 0.000165933 0.00140954 -0.00131572 0.00130909 0.0109555 -0.0013703 -0.0116339 0.00110774 0.00211769 0.0015116 -0.000146592 0.00580291 -0.00120777 -0.000859672 -0.00459086 -0.0010292 0.0153859 -0.00574802 -0.00381935 -0.001128 -0.00252759 -0.00158187 -9.93955e-06 0.000111494 0.00269633 -0.00725696 -0.000775239 -0.00100892 0.00456731
internal_weight=56133.3 56033.9 30464.4 25569.5 30409.3 610.847 25549.4 399.578 29798.4 16503.4 16337.9 13295 4021.83 25149.9 22818.1 2331.76 22762.1 126.932 2297.86 1879.5 22635.2 10056.5 8714.86 12578.6 12316 3145.85 495.501 9170.18 9064.65 2650.35
internal_count=3475633 3036703 1239149 1797554 1210558 178913 1792965 631047 1031645 376118 358049 655527 140488 1161918 887709 274209 879863 26171 270830 101113 853692 400868 376195 452824 217561 54041 27838 163520 156106 26203
cat_boundaries=0 2 4 6 8 10 12 13 14 16 18 20 22 24 25 27 28 30 31 32 34 35 36
cat_threshold=2147487873 512 1979613536 2147761 524288 16 1073881802 32 0 14336 13904236 4 1140883808 345200645 2560 1114176 2048 1048576 0 65536 2491498516 16 1441856 1024 34427168 6291456 256 17072128 335675488 1025 2147483648 2048 25165824 16416 9437184 4
is_linear=0
shrinkage=0.05


Tree=102
num_leaves=31
num_cat=23
split_feature=15 15 17 15 17 17 0 17 15 17 17 15 15 15 15 17 0 15 4 15 15 14 15 4 17 14 17 17 15 14
split_gain=78.7772 38.4018 67.8944 29.4327 53.3154 16.6555 15.2324 32.6047 26.4031 16.6498 12.933 91.0532 79.2195 19.284 14.6327 61.0973 11.4444 47.3162 21.1454 19.0836 16.94 22.2593 15.7409 14.34 20.127 18.4609 14.0622 13.4279 13.3304 26.1467
threshold=0 1 2 3 4 5 68.500000000000014 6 7 8 9 10 11 12 13 14 75.500000000000014 15 5.5000000000000009 16 17 2.5000000000000004 18 3.5000000000000004 19 1.0000000180025095e-35 20 21 22 1.0000000180025095e-35
decision_type=9 9 9 9 9 9 2 9 9 9 9 9 9 9 9 9 2 9 2 9 9 2 9 2 9 2 9 9 9 2
left_child=-1 2 -2 4 -3 -5 -6 8 -8 -10 12 -12 -7 -14 15 -13 20 -18 22 27 21 23 26 24 -16 -26 -19 -20 29 -25
right_child=1 3 -4 5 6 10 7 -9 9 -11 11 14 13 -15 16 -17 17 18 19 -21 -22 -23 -24 28 25 -27 -28 -29 -30 -31
leaf_value=-0.043642839076405551 0.046748650883376486 0.049677117969759189 0.0044116297425784321 0.038708294346732258 0.00033917956590931783 0.056810805096384587 0.0036711774072697915 -0.00034006677366298798 0.011417052487749914 0.044164285342549785 0.047919180202753681 -0.0064497188081201447 -0.014415142607759801 -0.003325507501442759 -0.011561990120119763 0.065674673351848414 -0.0076751490245307551 -0.015694767747910149 0.0056867858549844224 -0.0011536792745344433 0.00060100394967437909 -0.027909326914210567 -0.00019955140182951147 0.0063884156713379884 -0.0059995784990811169 0.016282918488244418 0.015783028861620835 0.018911842772860649 -0.0029752682484689942 -0.0065740245842374409
leaf_weight=92.837752712725433 108.31226779490953 46.782039625763559 511.17874023258389 16.347155568499147 17340.901113220389 43.206872948036334 3006.5820609150396 3810.2506253974934 1028.6840416055056 33.659224947165058 86.026708903938015 94.905754206865822 440.07657394711237 3256.8756221739468 803.62891268207113 32.568660343188867 2744.5461484763182 324.41008349542972 824.47056470750249 819.71854918873487 13848.155608673918 85.271539274252063 956.09696442815857 1265.2218395971131 252.04479968775468 147.26392401264002 33.613250186706864 254.96213481004816 3127.0141924900536 561.7606103473754
leaf_count=373746 74529 16451 119960 9737 478514 21171 136719 192120 11409 4331 15914 32455 384657 280277 67476 7098 157763 14443 26480 84610 456029 159112 81289 30125 9424 7505 2287 10026 192939 17037
internal_value=7.86881e-05 0.000159072 0.0124389 1.92472e-05 0.00127645 -0.00103903 0.00116701 0.00299043 0.00609506 0.0128568 -0.00107358 -0.000680998 -0.00382096 -0.00468092 -0.000858962 0.0154143 -0.000944485 -0.00286939 0.00125532 0.0046332 -0.000374121 -0.00253431 -0.00361681 -0.00218699 -0.00708386 0.00216395 -0.0123909 0.00895547 -0.000997926 0.00238964
internal_weight=55997.4 55904.5 619.491 55285 25266.9 30018.2 25220.1 7879.18 4068.93 1062.34 30001.8 26261.7 3740.16 3696.95 26175.7 127.474 26048.2 5957.82 3213.27 1899.15 20090.4 6242.21 1314.12 6156.93 1202.94 399.309 358.023 1079.43 4954 1826.98
internal_count=3475633 3101887 194489 2907398 839544 2067854 823093 344579 152459 15740 2058117 1372012 686105 664934 1356098 39553 1316545 376898 219135 121116 939647 483618 98019 324506 84405 16929 16730 36506 240101 47162
cat_boundaries=0 2 4 6 8 10 11 12 14 15 17 19 21 23 25 26 28 30 32 33 34 35 36 37
cat_threshold=4225 512 0 14336 14420324 20 167800334 6094924 557088 16 1078067905 2156922882 2564 1572932 2050 2491535620 16 6160448 1024 1098940720 2097168 2691956736 16800 2097152 290 17039360 335577136 2097153 1073742080 131072 1098907904 2146304 1073741824 1048576 1048576 1056800 1073741824
is_linear=0
shrinkage=0.05


Tree=103
num_leaves=31
num_cat=20
split_feature=16 17 16 17 17 17 16 17 16 16 16 17 16 17 4 0 0 16 17 0 6 3 0 3 0 17 16 16 17 4
split_gain=37.3239 63.6256 10.1277 289.517 50.6617 15.123 80.9163 11.3522 105.054 48.0902 14.0222 29.921 7.41876 12.2466 6.94264 6.53586 6.34954 14.4996 10.8148 17.6746 16.7908 13.6501 7.16293 7.36216 5.88166 5.01849 11.5661 5.65243 70.935 24.8148
threshold=0 1 2 3 4 5 6 7 8 9 10 11 12 13 6.5000000000000009 75.500000000000014 56.500000000000007 14 15 32.500000000000007 1.0000000180025095e-35 1.0000000180025095e-35 63.500000000000007 1.0000000180025095e-35 57.500000000000007 16 17 18 19 8.5000000000000018
decision_type=9 9 9 9 9 9 9 9 9 9 9 9 9 9 2 2 2 9 9 2 2 2 2 2 2 9 9 9 9 2
left_child=1 -1 4 -4 -2 6 -5 9 -9 -6 11 -10 13 -12 -3 -15 18 22 19 20 -11 -21 -18 -24 -19 26 -7 -27 29 -29
right_child=2 14 3 5 7 25 -8 8 10 16 12 -13 -14 15 -16 -17 17 24 -20 21 -22 -23 23 -25 -26 27 -28 28 -30 -31
leaf_value=0.046484724950376331 0.051136111774415197 0.00092807212946456456 0.064642978863354836 -0.017091181023949156 0.049051054562370931 0.027381145566109783 0.059946419616232607 0.05863248808136317 -0.0010862524511724603 -0.033534985765861967 -0.026477163599502907 0.055857695623656223 -0.00084299636957493494 -0.0076140451830577468 0.013778313667129947 0.017080501843142557 -0.0057912745519950086 -0.022593353408109654 -0.004138337758944558 -0.004222155225809268 0.068851589127971111 0.033629995515099674 -0.031234145779092826 -0.014113355366224127 -0.0031348960211617393 -0.00019227785145714115 -0.016254777079972953 -0.00067617167251377388 0.055729662021974172 0.0074216423782001578
leaf_weight=102.45852195111638 36.6376461594391 358.9837665655574 164.84670444028961 72.210021514423715 31.889059635065223 9.296354537903424 51.125472869897294 64.537659746533336 75.188238840171834 30.245591731742024 66.831117312136485 25.08816288932212 18266.98194721698 102.32490663728731 148.62730318348781 36.299303947862427 128.19273092482263 40.498435348513908 965.8120261140848 35.734770580544136 4.615313369431532 71.418150096287718 96.48051288624265 179.82176948162817 945.47959655492855 27781.258031397727 95.80205636327446 4692.7030388708363 49.721561123900756 1184.9347100589193
leaf_count=74529 7000 85779 21210 36993 4857 15459 8160 11294 20543 4678 114718 6645 1252940 150318 34181 51132 35690 8474 203620 6267 343 9178 40274 58866 234259 796874 74989 85386 6079 14898
internal_value=7.1618e-05 0.0122706 -6.5153e-05 0.000468343 -0.000922976 0.000137669 0.0169436 -0.00103719 -0.000609369 -0.00417366 -0.000846668 0.0169339 -0.000952298 -0.0101801 0.00459997 -0.00107046 -0.00504589 -0.00731604 -0.00224208 0.0102254 -0.0199798 0.0210066 -0.0151842 -0.0200917 -0.00389464 7.13782e-05 -0.0103514 0.000106935 0.00150729 0.000954727
internal_weight=55916 610.07 55306 34101.9 21204.1 33937.1 123.335 21167.4 18637.3 2530.19 18572.7 100.276 18472.4 205.455 507.611 138.624 2498.3 1390.47 1107.83 142.014 34.8609 107.153 404.495 276.302 985.978 33813.7 105.098 33708.6 5927.36 5877.64
internal_count=3475633 194489 3281144 1060048 2221096 1038838 45153 2214096 1607590 606506 1596296 27188 1569108 316168 119960 201450 601649 377563 224086 20466 5021 15445 134830 99140 242733 993685 90448 903237 106363 100284
cat_boundaries=0 1 3 5 7 9 10 11 13 14 15 16 17 18 19 20 21 23 24 25 26
cat_threshold=16777224 14420324 20 3260904579 1 1572864 16 1074143298 36 2147718145 2048 2491538704 16 3225420928 1839104 65538 16777216 33562624 524292 1154 2048 38011520 32 874512676 874545504 1092618322
is_linear=0
shrinkage=0.05


Tree=104
num_leaves=31
num_cat=18
split_feature=16 17 16 17 17 17 16 16 13 17 17 16 16 17 17 16 16 0 0 14 17 16 8 8 0 6 0 5 3 3
split_gain=37.374 57.0196 9.68206 277.15 48.9769 11.5044 64.7483 37.3646 12.0889 25.5982 10.3306 72.3974 6.09535 10.243 6.06528 19.2787 12.4219 6.49431 5.86534 5.58165 22.028 13.5541 7.78197 7.71075 6.45614 8.80796 6.00343 5.94108 5.60307 5.56968
threshold=0 1 2 3 4 5 6 7 1.0000000180025095e-35 8 9 10 11 12 13 14 15 68.500000000000014 75.500000000000014 2.5000000000000004 16 17 1.0000000180025095e-35 1.0000000180025095e-35 59.500000000000007 1.0000000180025095e-35 67.500000000000014 1.5000000000000002 1.0000000180025095e-35 1.0000000180025095e-35
decision_type=9 9 9 9 9 9 9 9 2 9 9 9 9 9 9 9 9 2 2 2 9 9 2 2 2 2 2 2 2 2
left_child=1 -1 4 -4 5 6 -2 -7 12 -10 11 -5 13 18 16 -16 -3 -17 -8 -12 -21 23 -23 24 25 27 28 -22 -25 -24
right_child=2 14 3 10 -6 7 8 -9 9 -11 19 -13 -14 -15 15 17 -18 -19 -20 20 21 22 29 26 -26 -27 -28 -29 -30 -31
leaf_value=0.046129453619872279 0.051934849601017408 0.033415903828196307 0.064612055121225934 -0.017064511898041829 0.044610054815316331 0.044940643026533104 -0.007333417201568518 -0.0050566010441730896 -0.0010177010349261522 0.0529015561315343 0.00017728073922174372 0.058531754877716773 -0.00072589952283507765 -0.024669986080317167 0.043571368347876595 0.00053886006456854718 -0.0044419180881764648 0.019925519624164917 0.01594870322078662 -0.034550339926174435 0.056863898730708289 -0.01391438952925278 -0.0038672006793062708 -0.0011070817151118835 0.0076561190373812763 0.005503443839026183 0.019574394307995832 -0.063773373518134335 -0.069033561594122175 0.035969231857969401
leaf_weight=94.994571120059845 48.526561009313809 13.989964293199591 157.67532297122534 70.311522500545834 49.12531581735675 28.128679761601688 101.34985028972369 2319.1254170265888 75.087034931144444 22.70695337736106 31250.562855703603 44.350330265730008 20536.048339002344 63.095777842107964 28.397757283314832 189.51843124287745 214.88350798201282 55.951844531565598 36.900387086422597 47.067553651416347 23.368281511753597 166.66555575943357 22.894135024200295 5.48550564602556 75.27095665346269 18.000221304986553 6.9032343742919684 1.0671759985270899 6.7984217030825675 14.226615794726966
leaf_count=67206 4982 1538 21597 36979 118822 21000 150310 435208 20542 1410 718415 5865 1316621 83723 18130 41684 52023 13908 51129 63193 6746 121933 17552 7009 32530 5575 14546 923 6284 18250
internal_value=6.87167e-05 0.0124003 -6.70735e-05 0.000498517 -0.000842225 -0.000957493 -0.000583388 -0.00426934 -0.000730562 0.0168073 0.000159907 0.0145252 -0.00081362 -0.00926442 0.00525171 0.0101809 -0.000825825 0.00476374 -0.00104369 0.000103272 -0.00585879 -0.000855566 -0.00886804 0.0108639 0.0164485 0.0320442 -0.017734 0.0515953 -0.0387003 0.0114002
internal_weight=55788.5 597.736 55190.7 31910.6 23280.1 23231 20883.7 2347.25 20835.2 97.794 31753 114.662 20737.4 201.346 502.742 273.868 228.873 245.47 138.25 31638.3 387.748 340.68 203.786 136.894 117.707 42.4357 19.1872 24.4355 12.2839 37.1208
internal_count=3475633 194489 3281144 1077397 2203747 2084925 1628717 456208 1623735 21952 1055800 42844 1601783 285162 127283 73722 53561 55592 201439 1012956 294541 231348 157735 73613 45774 13244 27839 7669 13293 35802
cat_boundaries=0 1 3 5 7 9 10 11 12 13 14 15 16 17 18 19 20 21 22
cat_threshold=16777224 14158180 20 3260839107 1 1572872 16 2509884728 16 18368544 3225419904 1840128 16777216 2147516416 2048 33554432 1048608 131073 16777216 8 8388640 35620
is_linear=0
shrinkage=0.05


Tree=105
num_leaves=31
num_cat=20
split_feature=16 17 16 17 17 17 16 17 16 17 16 16 4 17 16 17 0 0 0 17 4 16 16 4 4 3 16 14 17 0
split_gain=39.1016 59.3538 17.1781 333.77 47.2386 15.2218 122.917 36.1967 34.9395 8.4414 19.8269 13.8216 9.06757 7.15834 5.90373 10.8729 7.57264 5.8058 9.5636 5.77404 5.67675 99.2496 68.1321 24.5664 21.1971 21.3671 20.9099 23.2129 17.0499 16.6413
threshold=0 1 2 3 4 5 6 7 8 9 10 11 7.5000000000000009 12 13 14 75.500000000000014 32.500000000000007 31.500000000000004 15 4.5000000000000009 16 17 7.5000000000000009 1.5000000000000002 1.0000000180025095e-35 18 1.0000000180025095e-35 19 79.500000000000014
decision_type=9 9 9 9 9 9 9 9 9 9 9 9 2 9 9 9 2 2 2 9 2 9 9 2 2 2 9 2 9 2
left_child=1 -1 3 -2 -4 8 7 -7 -6 11 12 -3 19 -13 15 17 -17 18 -8 -11 21 24 23 -22 -16 -26 27 -23 -28 -27
right_child=2 9 4 -5 5 6 14 -9 -10 10 -12 13 -14 -15 20 16 -18 -19 -20 -21 22 26 -24 -25 25 29 28 -29 -30 -31
leaf_value=0.046980331355994449 0.064096112624310544 0.034297963441856177 0.046679066034769082 0.00042646290901482084 0.045611225454028625 -0.0021084655114386179 -0.052817970126982416 0.066517783689564833 -0.0055895867702062839 -0.0011897627686948044 0.044497327468219369 -0.022803971042498934 0.02655050930485502 -0.00039078971038615051 0.03547449217989574 -0.0078418447896972023 0.018370761866748662 -0.031037475558954586 0.15144471603278148 0.026557668410463687 -0.0062842808621743343 -0.0056642632655338736 0.0010084891827852008 -0.020341347102587767 0.0011474602546970812 0.016996985901687363 0.042151284150872721 -0.018159605726602395 -0.0033155002785638429 -0.0020962672677392845
leaf_weight=95.332684219674718 197.1995290379773 15.857525822788375 41.969874588362245 31363.170965963451 23.991838729569281 32.671767042374995 1.1390218314336371 83.506706371800419 2309.3554206978843 186.99186966897832 30.938666882935991 32.848717030981788 44.663368071421019 225.65898128218407 74.585032556592068 100.94906438001624 37.896204496557402 64.142417047815798 1.1532172123720557 10.79545255168159 1189.5404393854565 1092.7022111511469 12353.61679619936 420.74038183707853 615.2570583039078 642.44742466954176 10.828066134097753 563.28601758833065 3651.8208664978665 138.77229705606806
leaf_count=44791 34856 14857 42713 997426 4416 15272 5683 17863 345768 17231 21144 71345 9313 19990 4700 149990 50992 167057 552 30825 67941 26690 764494 37802 27341 22326 846 48278 406316 6369
internal_value=0.000227407 0.0123898 8.29592e-05 0.000844468 -0.000941831 -0.00104711 -0.000621662 0.0485811 -0.00487074 0.00563518 0.0117344 -0.000641265 0.00595657 -0.00398206 -0.000917439 -0.00915912 -0.000641235 -0.0245482 0.0499459 0.00160731 -0.000831546 -0.00201786 -0.00025532 -0.00989571 0.00943959 0.00811668 -0.00519481 -0.00985505 -0.00306668 0.0136053
internal_weight=55653.8 643.087 55010.7 31560.4 23450.4 23408.4 21075.1 116.178 2333.35 547.755 273.389 274.365 242.451 258.508 20958.9 205.28 138.845 66.4347 2.29224 197.787 20753.6 6789.7 13963.9 1610.28 1471.06 1396.48 5318.64 1655.99 3662.65 781.22
internal_count=3475187 229496 3245691 1032282 2213409 2170696 1820512 33135 350184 184705 78513 106192 57369 91335 1787377 374274 200982 173292 6235 48056 1413103 542866 870237 105743 60736 56036 482130 74968 407162 28695
cat_boundaries=0 1 3 4 6 8 10 12 13 14 15 16 17 18 20 21 22 23 24 25 27
cat_threshold=159383560 9963872 4 811829024 2153611466 32 37890564 4 3238117826 32 1140852742 2 263168 2149060736 6685697 8 8 4325376 33554433 1 528400 2147516416 1048704 1048704 786496 32 16
is_linear=0
shrinkage=0.05


Tree=106
num_leaves=31
num_cat=21
split_feature=15 15 15 17 17 17 15 17 15 3 1 1 15 17 4 1 15 17 15 15 17 17 4 17 15 5 17 15 5 5
split_gain=72.1494 40.19 32.2127 83.1609 26.7784 22.1339 20.8639 16.4071 229.102 28.4983 13.571 17.9497 13.4184 17.1342 12.8653 11.9637 37.1028 17.134 16.9084 13.7155 27.1003 22.0425 19.6791 15.3386 22.4962 37.4877 13.1717 23.5963 16.021 12.5416
threshold=0 1 2 3 4 5 6 7 8 1.0000000180025095e-35 992.50000000000011 812.50000000000011 9 10 4.5000000000000009 5550.5000000000009 11 12 13 14 15 16 3.5000000000000004 17 18 1.0000000180025095e-35 19 20 1.0000000180025095e-35 1.0000000180025095e-35
decision_type=9 9 9 9 9 9 9 9 9 2 2 2 9 9 2 2 9 9 9 9 9 9 2 9 9 2 9 9 2 2
left_child=-1 5 3 -3 6 -2 -4 8 9 10 11 -5 13 14 -6 19 17 -17 -19 20 -14 -21 -22 -24 25 -25 28 -28 -18 -23
right_child=1 2 4 7 12 -7 -8 -9 -10 -11 -12 -13 15 -15 -16 16 26 18 -20 21 22 29 23 24 -26 -27 27 -29 -30 -31
leaf_value=-0.042859511411208799 0.043094846981642794 0.057225849443766547 -0.011867863215256852 0.0034537789834450032 -0.035244299547617673 0.010236074759130142 0.049836937324427621 0.00073020477551818182 0.061030656529386607 -0.0024538943682294182 0.0069921560074944116 -0.062118323233962505 0.040437453061016974 0.0058296794312311696 -0.010956674342716733 0.00028194713500042653 -0.012087135965600909 0.022116889209913206 0.0024837013042678636 0.049668443708377662 -0.0071101169427436328 -8.4252961894159531e-05 0.00068621056107348545 0.010549620472361838 -0.0096001993590421955 -0.017288767229504922 0.03177807064009934 -0.0040747700784397886 0.0020326961416257806 0.0046796005289662865
leaf_weight=86.991282604648973 54.532137874726686 56.406463928064113 20.028092086991364 28.079046811726585 74.248508675345875 386.98620254314449 38.622583294441711 24921.256105162185 159.78586147719398 1992.846107733465 1711.6580838225855 16.610518590867287 27.332394437929906 115.71960564411711 205.24578100360304 1480.3608139904063 1115.2419072113335 196.90618643482958 255.65634449424761 12.892341457823932 1652.4669302069415 10297.406527931134 4155.0525617204567 427.39845772925673 1005.2199340516709 168.65181529239999 36.77337527248983 3141.6094554510955 245.0361601655386 1595.6720133120925
leaf_count=373334 22083 13711 84804 2186 82054 141949 15745 834021 23399 116984 92437 1251 5313 100531 142464 112153 44575 12795 43217 931 166324 336305 289095 32877 97520 12846 4033 209007 8146 53097
internal_value=0.000227221 0.000302294 0.000180637 0.00133269 -0.00108631 0.015159 0.0301065 0.00120353 0.00421162 0.00163416 0.00628198 -0.0209185 -0.00116757 -0.0101989 -0.0168074 -0.00102541 -0.00288671 0.00291115 0.0113194 -0.00040317 -0.00208628 0.000649259 -0.00229745 -0.000919876 -0.00506011 0.00262868 -0.00535052 -0.00356159 -0.00947399 0.000554438
internal_weight=55682.7 55595.7 55154.2 28886.6 26267.5 441.518 58.6507 28830.2 3908.98 3749.19 1756.35 44.6896 26208.9 395.214 279.494 25813.7 6471.58 1932.92 452.563 19342.1 7436.12 11906 7408.79 5756.32 1601.27 596.05 4538.66 3178.38 1360.28 11893.1
internal_count=3475187 3101853 2937821 1083989 1853832 164032 100549 1070278 236257 212858 95874 3437 1753283 325049 224518 1428234 433926 168165 56012 994308 603975 390333 598662 432338 143243 45723 265761 213040 52721 389402
cat_boundaries=0 2 4 6 7 9 10 11 13 15 17 18 20 21 23 25 26 27 28 30 31 33
cat_threshold=4225 512 0 12288 35794222 5442662 655426 373699073 20 9961728 2684354560 3222339724 32 2097156 65634 22282240 32896 2173207572 1753219584 540672 2148532552 1207960064 524288 1216348672 2638104 1082181636 2147483648 2148532354 1073741824 2621696 3221227618 67125248 262144
is_linear=0
shrinkage=0.05


Tree=107
num_leaves=31
num_cat=21
split_feature=15 15 15 17 17 17 16 17 15 0 15 15 17 0 17 15 4 4 6 0 15 5 15 15 17 16 17 0 17 0
split_gain=63.1312 39.1863 29.0271 76.1499 24.496 20.534 13.0183 22.1607 21.4358 13.0562 34.211 11.9171 42.3628 21.967 22.806 24.292 20.9842 19.8719 16.2057 17.5379 15.6388 14.6664 61.0568 21.3972 18.4759 15.6356 18.6636 15.1694 14.3843 14.5066
threshold=0 1 2 3 4 5 6 7 8 74.500000000000014 9 10 11 32.500000000000007 12 13 9.5000000000000018 3.5000000000000004 1.0000000180025095e-35 19.500000000000004 14 1.0000000180025095e-35 15 16 17 18 19 31.500000000000004 20 38.500000000000007
decision_type=9 9 9 9 9 9 9 9 9 2 9 9 9 2 9 9 2 2 2 2 9 2 9 9 9 9 9 2 9 2
left_child=-1 5 3 -3 -4 -2 7 -6 -9 11 -11 13 -13 17 20 -16 -17 -8 19 -19 -15 25 -23 -24 27 28 -27 -25 29 -14
right_child=1 2 4 -5 6 -7 9 8 -10 10 -12 12 21 14 15 16 -18 18 -20 -21 -22 22 23 24 -26 26 -28 -29 -30 -31
leaf_value=-0.041360847793752736 0.042720054575479838 0.056369137346173583 0.043097581820388121 0.0011610398886043906 -0.016522387534891939 0.010359801367580039 -0.0037833835991577546 -0.00086578269375200067 0.052042556659614742 -0.0067030526709307096 0.00056781934258151058 0.055945590086712897 0.019749410213179108 0.0050066851455047171 0.044691228759839073 0.0009778889252636618 -0.013757480927903871 0.048668175559681996 -0.0073344154428213659 -0.042098654661906827 -0.0086286891748202244 -0.024183651152531037 0.017438384461783585 -0.20493762655914405 0.0060448704916589531 0.011815162036562544 6.8598232425525735e-05 -0.013395689102318621 0.0016787362520059254 -0.010465113324126389
leaf_weight=81.09873739911211 51.836633881043781 52.608233522982118 21.443077593278758 28507.11503890263 321.59223395805498 380.73689805601651 260.62896687095872 138.5960056955837 12.36692990995118 3049.3191355143317 3437.4856436016089 24.539448349828604 41.679365750358556 246.5245149762959 20.882904431337465 4604.5080878420795 254.98764316180859 5.6083759453031226 75.224594784556757 104.16761359746852 1309.1285071402308 159.72460734351444 393.2737255912507 1.0427937794011075 1230.9280164490865 341.49542670837036 8925.3722631257569 118.0603474835807 494.41293915407368 847.56834679032909
leaf_count=373334 22083 13626 3981 1009359 350240 141949 14362 200994 599 159476 246214 3246 4257 24231 4997 268193 10714 70 7479 2280 134692 15701 13977 90 31852 20887 304562 5674 17533 68535
internal_value=0.000228445 0.000296699 0.000177425 0.00128243 -0.00101618 0.0151153 -0.00106828 -0.00920789 0.00643241 -0.000916542 -0.00285953 -0.000269328 0.000646023 -0.0019405 -0.00119998 0.000485628 0.000204274 -0.012679 -0.0252112 -0.0374614 -0.00644971 0.00049348 0.00453694 0.00726541 0.00419552 -0.000228538 0.000513743 -0.0139052 -0.00516624 -0.00894832
internal_weight=55514 55432.9 55000.3 28559.7 26440.6 432.574 26419.1 472.555 150.963 25946.6 6486.8 19459.8 12578.1 6881.66 6436.03 4880.38 4859.5 445.63 185.001 109.776 1555.65 12553.6 1903.03 1743.3 1350.03 10650.5 9266.87 119.103 1383.66 889.248
internal_count=3475187 3101853 2937821 1022985 1914836 164032 1910855 551833 201593 1359022 405690 953332 486314 467018 442827 283904 278907 24191 9829 2350 158923 483068 67294 51593 37616 415774 325449 5764 90325 72792
cat_boundaries=0 2 4 6 7 9 10 12 13 15 17 19 21 23 25 27 29 30 31 33 34 35
cat_threshold=4225 512 0 12288 35794190 5442662 655426 270336 4 9961728 570433539 1 2173210900 16777216 16384 335593584 262153 747635200 2621464 2147520512 16 2148009288 48 135266304 524288 67108864 2097160 0 262145 32768 524288 16384 2 1091174592 1074790528
is_linear=0
shrinkage=0.05


Tree=108
num_leaves=31
num_cat=18
split_feature=15 15 17 15 17 17 4 15 15 14 17 0 15 15 17 13 0 4 17 15 4 4 15 15 4 15 17 4 4 4
split_gain=62.9813 35.086 27.9201 26.5342 74.7605 20.2423 17.6254 60.5855 16.7258 32.8599 14.9798 13.0771 25.4764 18.7636 12.984 17.8608 10.5808 10.2255 9.90714 16.371 11.8897 9.89824 58.2324 44.5702 35.2909 24.4926 68.9838 22.3463 19.0374 18.388
threshold=0 1 2 3 4 5 3.5000000000000004 6 7 1.0000000180025095e-35 8 78.500000000000014 9 10 11 1.0000000180025095e-35 65.500000000000014 4.5000000000000009 12 13 4.5000000000000009 3.5000000000000004 14 15 7.5000000000000009 16 17 1.5000000000000002 4.5000000000000009 1.5000000000000002
decision_type=9 9 9 9 9 9 2 9 9 2 9 2 9 9 9 2 2 2 9 9 2 2 9 9 2 9 9 2 2 2
left_child=-1 2 -2 5 -5 -3 7 10 9 -8 -7 13 -13 -10 15 -9 -15 -11 19 -4 -21 22 27 24 28 29 -27 -6 -23 -24
right_child=1 3 18 4 21 6 8 14 11 17 -12 12 -14 16 -16 -17 -18 -19 -20 20 -22 23 25 -25 -26 26 -28 -29 -30 -31
leaf_value=-0.041172121010623897 0.044149691205797946 0.041522423489641233 0.030435344607564835 0.057461328499964714 0.028834659261010049 -0.013142615769884845 0.0072911636084598804 0.085731329225402164 0.00036047928814670542 -0.015889373413603067 0.029772248689878097 0.0037482061173166707 -0.0068046358404751182 -0.0089591822459376431 -0.0002745459087776187 0.0084587967624916369 -0.0014073771594897222 -0.0020673922917925202 0.011994174967233366 -0.05003011817647101 -0.0033343935432138256 0.0046998733811245029 -0.020814386711177274 0.0012388576956247335 -0.017202241465952686 0.056700965851868006 0.001419164285869152 0.0090853224532414546 -0.0059290724390424696 -0.0033491723086388476
leaf_weight=81.718258002695052 57.34053213494667 17.7853817742199 12.144725251728232 48.72803318250044 158.99467896231749 1389.2483702254576 1684.5224721277209 11.614458215117336 10930.382065525848 167.07339899973977 12.399094974920898 765.01506581425429 2217.0329502460713 905.55281906334994 2783.032103110781 20.997617416454887 950.86607150240206 672.06595628131072 347.74147189156531 24.257482597365197 31.120912685722942 604.06604328951016 170.20937766298084 23142.27430871957 532.29588692887728 47.405700410570716 3443.8957921160768 1444.7794006828822 1392.1969438302626 1315.1267505720257
leaf_count=469699 25472 3159 5983 14091 19791 146272 48394 651 426869 14108 4456 128420 138387 228310 214953 11284 168745 43654 88637 18165 39433 46449 16911 691348 75104 5650 123039 57768 127493 72492
internal_value=0.00022693 0.000295499 0.0137182 0.000177316 0.00109579 -0.00113949 -0.00119162 -0.00410605 -0.000520359 0.00325143 -0.0125548 -0.00112535 -0.00410766 -0.000430714 0.000143869 0.0275353 -0.00506384 -0.00481936 0.00857683 -0.00829935 -0.02015 0.000992843 0.00272324 0.000549662 -0.0057403 4.1955e-05 0.00232959 0.0109748 -0.00271277 -0.00531478
internal_weight=55381.9 55300.2 472.605 54827.6 32300 22527.6 22509.8 4217.29 18292.5 2523.66 1401.65 15768.8 2982.05 12786.8 2815.64 32.6121 1856.42 839.139 415.265 67.5231 55.3784 32251.2 6580.41 25670.8 2528.56 4976.64 3491.3 1603.77 1996.26 1485.34
internal_count=3475187 3005488 177690 2827798 1250136 1577662 1574503 377616 1196887 106156 150728 1090731 266807 823924 226888 11935 397055 57762 152218 63581 57598 1236045 295651 940394 249046 218092 128689 77559 173942 89403
cat_boundaries=0 2 4 6 8 9 11 12 13 14 16 18 19 20 22 24 26 28 29
cat_threshold=2147487873 640 8 12288 9961728 4 2111619664 2408728 655424 274432 4 1104723984 1073758208 3239642536 701497920 16384 337150032 2359320 3288334368 2490368 0 8192 33556484 1027 2105348 1031 131104 4718688 9437184
is_linear=0
shrinkage=0.05


Tree=109
num_leaves=31
num_cat=14
split_feature=15 15 17 15 17 16 5 15 0 17 0 7 7 0 15 17 4 15 0 0 5 17 15 0 0 0 0 7 17 0
split_gain=55.5144 32.3997 26.421 23.3332 41.5597 104.313 17.6084 81.5764 18.5216 27.8878 39.2085 43.1084 31.0335 24.0052 17.1967 17.8603 18.2955 27.2655 16.0717 18.5387 15.7135 21.6485 18.7571 16.2993 14.9956 47.1526 27.9882 19.9602 15.4863 14.7776
threshold=0 1 2 3 4 5 1.0000000180025095e-35 6 50.500000000000007 7 48.500000000000007 1.0000000180025095e-35 1.0000000180025095e-35 45.500000000000007 8 9 4.5000000000000009 10 36.500000000000007 42.500000000000007 1.5000000000000002 11 12 78.500000000000014 59.500000000000007 62.500000000000007 63.500000000000007 1.0000000180025095e-35 13 29.500000000000004
decision_type=9 9 9 9 9 9 2 9 2 9 2 2 2 2 9 9 2 9 2 2 2 9 9 2 2 2 2 2 9 2
left_child=-1 2 -2 6 5 20 14 8 9 13 12 -12 -11 -8 -3 -16 17 -17 29 -20 21 -5 -23 -22 28 -26 27 -27 -10 -14
right_child=1 3 -4 4 -6 -7 7 -9 24 10 11 -13 18 -15 15 16 -18 -19 19 -21 23 22 -24 -25 25 26 -28 -29 -30 -31
leaf_value=-0.040087223101095373 0.043673587434483768 -0.0004131833523791967 0.0083434244138827426 0.016775823019725848 0.00058879684342316068 0.055680664136717919 0.020292712981339407 -0.012435061845672358 -0.011837304015388192 0.027977586281580216 0.0012325623007884284 0.088437195596864901 -0.032727931810341809 -0.04361844481302643 0.037242971410516683 -0.0026582838739024799 -0.0023258164226441615 -0.014800497055923826 -0.073559390329588928 -0.00037659143485944035 -0.015287552859125498 -0.020179518296656013 0.005052369240629186 0.022119103779902963 0.031595425371088857 0.01180571049190228 0.0058885882863779337 -0.052049714345677178 0.0090650702542455549 0.048088658261326793
leaf_weight=75.240485033274581 54.346088804530723 9031.6617691283027 408.21377285998074 397.13459821721335 34287.112399707024 102.35829219742504 27.249363931143307 678.58032888339812 214.82112123518164 135.67931102177818 21.063896296866005 43.311866993783042 9.3590281603392231 31.88314541777072 16.709309086815665 1065.253495435556 5228.076734776073 828.32595216595837 17.491689400652831 17.126824491191655 150.86278249257884 73.379955011002494 632.74446019773814 36.087248448020546 180.97663910177107 18.404915553197498 1137.8052415814618 36.523716486437479 137.92237302088688 14.297854880918747
leaf_count=438643 25472 509384 152218 23934 1157962 26284 400 126229 2338 7910 1582 176 89 285 10052 176018 420691 150558 288 254 20625 84915 68245 4850 5937 1804 48128 354 9411 151
internal_value=0.000232389 0.000294742 0.0133307 0.000181826 0.000934078 0.00937061 -0.00123859 0.00248087 0.00745732 0.0185934 0.02512 0.0599036 0.01487 -0.0121177 -0.00186559 -0.00369746 -0.0038456 -0.00806196 -0.0156475 -0.0373536 0.00529663 0.00760912 0.00218512 -0.00806689 0.00545279 0.00781412 0.00420572 -0.0306537 -0.00374309 0.0161164
internal_weight=55110 55034.8 462.56 54572.2 35679.7 1392.57 18892.5 2722.5 2043.92 317.463 258.33 64.3758 193.955 59.1325 16170 7138.37 7121.66 1893.58 58.2754 34.6185 1290.21 1103.26 706.124 186.95 1726.45 1373.71 1192.73 54.9286 352.743 23.6569
internal_count=3475187 3036544 177690 2858854 1386815 228853 1472039 205336 79107 11135 10450 1758 8692 685 1266703 757319 747267 326576 782 542 202569 177094 153160 25475 67972 56223 50286 2158 11749 240
cat_boundaries=0 2 4 6 8 10 11 13 14 16 18 20 21 23 24
cat_threshold=2147487873 512 8 12288 9961728 4 1037353552 2933144 3223983308 32 270256130 944799824 524304 100 343949888 2359560 1074014466 4 151257088 16400 524352 2097152 32 8390752
is_linear=0
shrinkage=0.05


Tree=110
num_leaves=31
num_cat=17
split_feature=15 15 17 15 17 17 17 15 5 15 0 17 15 13 0 0 17 15 15 0 0 10 6 11 0 15 17 17 0 0
split_gain=55.0738 28.7346 30.7462 13.8691 63.9494 27.3602 9.50052 47.8302 8.32736 57.3711 26.126 18.2618 14.8614 12.5977 12.5103 12.0651 12.0472 11.4073 11.2759 10.9203 10.6037 14.1666 9.48626 7.66617 7.65679 24.4758 37.359 22.7497 15.1436 14.4918
threshold=0 1 2 3 4 5 6 7 1.5000000000000002 8 43.500000000000007 9 10 1.0000000180025095e-35 31.500000000000004 79.500000000000014 11 12 13 83.500000000000014 86.500000000000014 1.0000000180025095e-35 1.0000000180025095e-35 1.0000000180025095e-35 44.500000000000007 14 15 16 19.500000000000004 40.500000000000007
decision_type=9 9 9 9 9 9 9 9 2 9 2 9 9 2 2 2 9 9 9 2 2 2 2 2 2 9 9 9 2 2
left_child=-1 2 -2 5 -5 -3 7 -6 12 10 -10 -11 16 14 -13 18 23 19 -12 22 -21 -22 -18 -7 25 27 29 -8 -28 -27
right_child=1 3 -4 4 6 8 24 -9 9 11 15 13 -14 -15 -16 -17 17 -19 -20 20 21 -23 -24 -25 -26 26 28 -29 -30 -31
leaf_value=-0.040520179984773461 0.0436931098671254 0.045242750646351859 0.0069393224154142693 0.05800438445152245 0.00043555411197204394 -0.0081358365557738059 -0.019637899260425362 0.039352270654714472 0.036690531797137875 0.0019784996045669394 0.00079824981235963031 -0.064367725167894185 -0.00094395337217141433 -0.057830029702327534 -0.010279411210602225 -0.0031302545637236405 0.0019779055006711849 0.038525890453025978 0.01536142580404139 -0.033738988386559345 -0.0092235516055840707 0.080437657845064514 -0.02293657076035574 0.028253172917250397 0.0006534390793126165 0.050427528558940705 -0.030487486108804442 -0.0034276904661517111 0.0011472373428503919 0.013218297778277122
leaf_weight=73.346448125076051 57.2592231440143 21.648951490008756 465.9525091299613 38.372944407727118 481.92275192745501 1609.6753977863273 233.10995054688465 84.927973510209426 87.381919475797986 362.25565733761323 199.05993686760485 10.900818305931123 11273.990475847811 14.945871810104107 554.29854282685801 189.76245277278394 761.70521801307041 8.2880882007775636 456.53766590213559 47.738918241829197 66.509617566785892 4.7180184329508839 40.223540917010268 14.604978590882181 33253.756727459804 54.852807487426617 38.443095415755579 2140.3277637437436 2373.2974778434555 50.037987774107023
leaf_count=470066 32212 3728 136717 8802 54455 442243 23090 38079 4418 34067 12059 1191 772663 7036 70368 9396 25136 1050 24267 7778 7356 5229 61290 24460 1089559 2151 1052 53838 50497 1174
internal_value=9.3371e-05 0.000154875 0.0117056 4.18034e-05 0.000550024 -0.00121015 0.000478106 0.00684734 -0.00130295 0.00182296 0.0105497 -0.00685356 -0.0017278 -0.0123086 -0.0113226 0.00797241 -0.00516468 -0.000592063 0.0111861 -0.0013542 -0.0155053 -0.00328452 0.000728233 -0.00776086 0.000381684 -0.00146554 0.0019703 -0.00509551 0.000640325 0.0298328
internal_weight=55069.9 54996.5 523.212 54473.3 38749 15724.2 38710.7 566.851 15702.6 1875.14 932.742 942.401 13827.5 580.145 565.199 845.36 2553.46 929.183 655.598 920.895 118.967 71.2276 801.929 1624.28 38143.8 4890.07 2516.63 2373.44 2411.74 104.891
internal_count=3475427 3005361 168929 2836432 1322697 1513735 1313895 92534 1510007 162802 50140 112662 1347205 78595 71559 45722 574542 107839 36326 106789 20363 12585 86426 466703 1221361 131802 54874 76928 51549 3325
cat_boundaries=0 2 4 5 7 8 10 12 13 15 16 18 19 21 23 25 26 27
cat_threshold=2147487873 640 0 12296 9963872 1306452064 2147602 688128 274442 4 25233040 48 536872960 140017664 16 1048836 156540928 49152 2173732432 16809984 16384 0 16 2097928 4915265 2148532256 2147483936
is_linear=0
shrinkage=0.05


Tree=111
num_leaves=31
num_cat=20
split_feature=15 15 17 15 17 17 15 17 7 0 15 17 17 0 0 0 15 15 17 7 0 17 15 15 17 15 0 14 0 17
split_gain=51.3658 25.9394 37.914 12.2767 60.0492 30.3649 8.07253 21.4051 15.2633 7.40533 21.8492 29.1824 15.9256 15.3863 14.5362 13.6667 41.6456 12.4047 10.0966 9.22031 9.18207 9.03261 193.283 11.6463 26.0682 9.25061 8.8153 13.0253 7.5993 6.91133
threshold=0 1 2 3 4 5 6 7 1.0000000180025095e-35 44.500000000000007 8 9 10 31.500000000000004 41.500000000000007 45.500000000000007 11 12 13 1.0000000180025095e-35 19.500000000000004 14 15 16 17 18 35.500000000000007 1.0000000180025095e-35 40.500000000000007 19
decision_type=9 9 9 9 9 9 9 9 2 2 9 9 9 2 2 2 9 9 9 2 2 9 9 9 9 9 2 2 2 9
left_child=-1 2 -2 5 -5 -3 7 -7 -9 10 12 13 -6 -12 28 16 18 -16 -11 -15 -13 22 -17 24 -23 -25 27 -21 -14 -4
right_child=1 3 29 4 9 6 -8 8 -10 15 11 20 14 19 17 21 -18 -19 -20 26 -22 23 -24 25 -26 -27 -28 -29 -30 -31
leaf_value=-0.039939833824051779 0.044759350985895931 0.047347610034665144 -0.0084144903159427339 0.056733539723805904 -0.015706104440643097 -0.016730025186395141 -0.0010625517706791111 0.0048797078949462834 0.16674021562842156 0.021867289223853781 0.057925750156741541 -0.040598851321327775 -0.0017477863785702635 0.047323448011661023 0.0034136739549860701 0.00099752275814398664 0.025169547486963807 -0.013606185160084248 -0.0097417199046222081 0.033508177255035347 0.0018425426753169211 -0.013621376365273441 0.058226204383780837 0.031598240052055408 0.043040263487324003 0.00022435603422451663 0.015481227505917548 -0.093466440976212262 0.0089492492310350707 0.008063831674111812
leaf_weight=69.9584142508794 62.780077175764177 22.204899615125555 67.747965900049167 37.449646891504926 241.93079786700764 260.25476201459514 14600.966421807287 164.15107204916239 1.4695220392895851 19.775771641987376 32.027911730104279 12.85665835688337 2435.0254722884642 20.210865257761725 140.62245007105548 8094.8377007954023 203.87079507647923 448.19952012726117 193.61295140984384 3.5122623986462695 1452.7417320102352 272.08194611422124 140.30050935236977 13.518081980771056 12.562146389370637 25260.571650510465 61.640288954080461 4.7529220367505332 178.17904096164511 427.47441000535025
leaf_count=470066 35923 4540 64087 9190 25489 278904 938646 208468 53 250 2604 666 57022 4605 5490 440908 6739 11241 5517 122 39789 131350 29568 7601 7485 601191 854 118 4561 82380
internal_value=0.000106232 0.000164521 0.0107941 5.33805e-05 0.000518603 -0.00116046 -0.00126358 -0.00797322 0.00595624 0.000450517 -0.00134034 0.0035013 -0.00357224 0.0260277 -0.00260941 0.000714044 0.00970764 -0.0097146 -0.0059646 0.0175791 0.00146027 0.000602999 0.00204195 0.000138508 -0.00974485 0.000253627 0.00897953 -0.039509 -0.00101842 0.00568762
internal_weight=54957.3 54887.3 558.002 54329.3 39280.3 15049 15026.8 425.875 165.621 39242.8 5031.7 1587.74 3443.96 122.144 3202.03 34211.1 417.26 588.822 213.389 90.1163 1465.6 33793.9 8235.14 25558.7 284.644 25274.1 69.9055 8.26518 2613.2 495.222
internal_count=3475427 3005361 182390 2822971 1392360 1430611 1426071 487425 208521 1383170 152561 48758 103803 8303 78314 1230609 12506 16731 5767 5699 40455 1218103 470476 747627 138835 608792 1094 240 61583 146467
cat_boundaries=0 2 4 6 8 9 11 13 14 16 18 20 22 24 25 27 29 31 33 35 37
cat_threshold=2147487873 640 8 12296 9963872 4 1306304608 2146578 688128 1074016264 20 22290432 49152 2156431120 270666496 4915265 2156920932 16 2164261152 16 270535696 5376064 2228224 4849665 4 2175862288 32 2230784 524353 16896 3108 1077940617 16 2048 524289 2490368 32
is_linear=0
shrinkage=0.05


Tree=112
num_leaves=31
num_cat=14
split_feature=15 15 17 15 17 4 15 15 17 5 4 15 14 5 15 0 17 15 4 0 0 0 0 12 0 0 15 8 0 17
split_gain=46.0515 23.1042 36.3113 11.8558 63.4816 20.8599 29.7514 25.2348 22.0418 20.8871 20.5777 14.5464 21.1611 16.3576 27.9042 15.0689 13.8149 43.7218 13.5287 14.5031 11.2815 10.436 9.72287 9.66453 9.12428 8.31831 15.6433 19.8374 17.4545 12.5599
threshold=0 1 2 3 4 4.5000000000000009 5 6 7 1.5000000000000002 8.5000000000000018 8 1.0000000180025095e-35 1.5000000000000002 9 43.500000000000007 10 11 3.5000000000000004 65.500000000000014 27.500000000000004 79.500000000000014 29.500000000000004 1.0000000180025095e-35 36.500000000000007 44.500000000000007 12 1.0000000180025095e-35 22.500000000000004 13
decision_type=9 9 9 9 9 2 9 9 9 2 2 9 2 2 9 2 9 9 2 2 2 2 2 2 2 2 9 2 2 9
left_child=-1 2 -2 5 -5 6 8 10 -3 18 24 12 22 -13 -15 20 -8 -18 19 -10 -16 -17 -9 -14 -7 26 27 28 -6 -28
right_child=1 3 -4 4 25 7 16 11 9 -11 -12 13 23 14 15 21 17 -19 -20 -21 -22 -23 -24 -25 -26 -27 29 -29 -30 -31
leaf_value=-0.039045979266775305 0.044336517396533437 0.038500905953010263 0.0053171974989859438 0.05795387881675336 0.048351871340816789 0.019198016760443193 -0.009034851578014624 0.047951638730346899 -0.0090242673651717616 0.0087445705826120542 -0.032197046463533545 -0.0015959277524011106 -0.0058853877087741086 -0.0099339023004313479 -0.058545392332328583 0.010943234645094954 0.057873388065270349 0.0011459737092162838 -0.0052313893924375923 -0.020399010673955654 0.039478923846067195 -0.0029753850462844213 0.0076603302836475195 0.0097823476482810767 -0.0086672274974215462 0.00066953043836969557 -0.016309119007422251 0.069654113362824815 0.0034527194742561655 -0.0017723119106390992
leaf_weight=65.029123306243719 59.544085705226451 15.429081055928007 487.44227169866525 37.951685456609084 22.758813687310976 32.446666335896452 305.11300772653863 15.149356353062101 663.75586749057811 153.93628028374678 96.217544479373828 5393.9860828732981 524.1851161960476 230.13625001514629 3.1015894407244096 585.78024909625333 24.837003542955699 1415.5662486806802 761.15645558892311 484.98944592446242 54.7195467554684 174.87860548893877 1286.9581012829353 121.1793821056599 310.55833495563456 35953.896408582361 143.6431900855705 12.429106729819976 442.57426301401858 4978.0089748814698
leaf_count=438961 35923 1454 146467 9213 1331 7926 107654 306 75870 6121 62607 411229 25756 32182 352 35062 2279 259675 68840 38080 3084 9159 34594 11557 228321 1257437 10985 1231 22609 129162
internal_value=9.94287e-05 0.000152986 0.0102845 4.89471e-05 0.000456702 -0.00129056 -0.00437598 4.45608e-05 -0.00839527 -0.00892983 -0.0115014 0.000661914 0.00443702 -0.000484334 0.00522898 0.00949774 0.0004573 0.0025164 -0.0104011 -0.0138266 0.0342208 0.00774329 0.0081291 -0.00294347 -0.00603131 0.000390257 -0.00140226 0.00716385 0.00564868 -0.002211
internal_weight=54857.4 54792.3 546.986 54245.3 41591.3 12654.1 3824.78 8829.3 2079.27 2063.84 439.223 8390.07 1947.47 6442.6 1048.62 818.48 1745.52 1440.4 1909.9 1148.75 57.8211 760.659 1302.11 645.364 343.005 41553.3 5599.41 477.762 465.333 5121.65
internal_count=3475427 3036466 182390 2854076 1431968 1422108 559973 862135 190365 188911 298854 563281 72213 491068 79839 47657 369608 261954 182790 113950 3436 44221 34900 37313 236247 1422755 165318 25171 23940 140147
cat_boundaries=0 2 4 6 8 9 11 13 15 16 18 19 20 22 24
cat_threshold=2147487873 512 8 12296 9963872 4 1239195744 2147730 688128 1087930368 128 17039360 50562 8419336 20 1073741824 8388704 2097152 378047056 134479968 33571858 264192 16777504 16
is_linear=0
shrinkage=0.05


Tree=113
num_leaves=31
num_cat=13
split_feature=16 17 16 17 17 4 17 16 16 0 17 14 17 5 6 7 0 0 10 17 16 10 0 4 0 16 0 5 4 5
split_gain=19.9268 45.013 7.8082 121.12 48.7652 18.4473 22.2448 26.5537 20.6463 18.8622 16.2662 10.8664 7.70508 27.6715 17.6585 8.20072 7.73553 8.84495 13.4324 7.29941 20.6205 6.76705 6.96958 6.51426 11.6061 7.15212 6.08326 6.12928 5.67063 17.7528
threshold=0 1 2 3 4 4.5000000000000009 5 6 7 79.500000000000014 8 5.5000000000000009 9 1.5000000000000002 1.0000000180025095e-35 1.0000000180025095e-35 83.500000000000014 86.500000000000014 1.0000000180025095e-35 10 11 1.0000000180025095e-35 37.500000000000007 6.5000000000000009 30.500000000000004 12 82.500000000000014 1.0000000180025095e-35 3.5000000000000004 1.5000000000000002
decision_type=9 9 9 9 9 2 9 9 9 2 9 2 9 2 2 2 2 2 2 9 9 2 2 2 2 9 2 2 2 2
left_child=1 -1 4 -4 -2 8 11 9 -6 -8 28 23 13 14 15 16 26 -18 -19 -9 -21 22 -15 -7 -25 -26 -5 -28 29 -10
right_child=2 -3 3 12 5 6 7 19 10 -11 -12 -13 -14 21 -16 -17 17 18 -20 20 -22 -23 -24 24 25 -27 27 -29 -30 -31
leaf_value=0.044664411572467047 0.04829165754468686 0.0036564506107986464 0.065055107811978582 0.00040264036097051293 -0.00065036320970705049 0.0011930809626339903 -0.0008911528697312243 -0.013406303213833778 -0.013250301713922143 0.01292236241770657 0.01189757330482278 -0.079793388489643804 7.9005361819784738e-05 0.077636633499725188 0.07066252494976559 0.070093251215607583 -0.032412226143043836 -0.0084824461206777068 0.079094945888476126 0.044674751387244881 -0.0058948009171454997 -0.029730174799725308 0.021171057203505528 0.053625728194652604 -0.0061619098473913786 0.0064328589092963115 0.029796234437880771 -0.10119983359033798 -0.0059061513690789099 0.034044349134577455
leaf_weight=68.823637989600911 39.394836385614326 484.30499022082745 62.069687449437879 736.25532617179192 1657.5790698042697 1937.6700711600129 1059.2018544628295 345.59977969190186 934.91907721539656 322.33598239017056 84.745480137533832 3.9643164522522047 43311.477713385102 5.6281830796365275 8.890524413884803 4.1337682035937169 38.27815339859535 60.008241886879659 4.7229345998503041 10.65458836409101 1486.7373240646334 6.3286003778985096 188.32632167818974 12.53820601080133 118.68821589748677 1186.6652967668851 24.888737069195944 0.9261915202828267 559.03037405872192 20.272096757669715
leaf_count=69040 14584 139140 11590 52708 360640 138844 92243 116205 75946 28304 31570 44769 1847458 439 6917 1543 5008 4819 3437 555 281514 2026 15199 711 39604 45767 1605 171 42024 1047
internal_value=0.000104344 0.00946145 7.16171e-06 0.000288632 -0.00127116 -0.00152094 1.95523e-05 -0.00292039 -0.00459285 0.00231502 -0.00862186 0.0029279 0.000183439 0.00433855 0.000553631 -0.000163459 -0.00049918 -0.0133593 -0.0020926 -0.00683625 -0.00524099 0.0211494 0.0228096 0.00303763 0.00574963 0.00528977 0.00123913 0.0250963 -0.00984078 -0.0122466
internal_weight=54785.1 553.129 54231.9 44451.9 9780 9740.6 6484.06 3224.53 3256.55 1381.54 1598.97 3259.53 44389.9 1078.39 878.104 869.213 865.08 103.009 64.7312 1842.99 1497.39 200.283 193.955 3255.56 1317.89 1305.35 762.07 25.8149 1514.22 955.191
internal_count=3475427 208180 3267247 1952920 1314327 1299743 788516 518821 511227 120547 150587 269695 1941330 93872 76208 69291 67748 13264 8256 398274 282069 17664 15638 224926 86082 85371 54484 1776 119017 76993
cat_boundaries=0 1 3 5 6 8 10 11 12 13 14 15 16 17
cat_threshold=150994952 14158180 20 3322820611 1 2147778560 1073883402 20 24117408 32 1141637120 2181175298 2148598900 19595281 2147779072 2050 33816578
is_linear=0
shrinkage=0.05


Tree=114
num_leaves=31
num_cat=19
split_feature=16 17 16 17 17 4 17 16 16 17 17 16 17 0 16 4 16 0 5 17 16 16 17 14 13 6 16 14 14 0
split_gain=19.0786 44.359 6.36177 129.891 24.0061 20.3958 22.7845 30.5941 20.503 24.0944 13.7318 11.4171 14.1484 10.3104 9.67279 8.69404 11.7014 19.6087 12.312 8.05936 7.96272 7.47975 19.506 7.05788 6.59502 6.08224 6.05231 6.02291 6.09337 5.80066
threshold=0 1 2 3 4 3.5000000000000004 5 6 7 8 9 10 11 71.500000000000014 12 1.5000000000000002 13 68.500000000000014 1.0000000180025095e-35 14 15 16 17 1.5000000000000002 1.0000000180025095e-35 1.0000000180025095e-35 18 4.5000000000000009 1.0000000180025095e-35 52.500000000000007
decision_type=9 9 9 9 9 2 9 9 9 9 9 9 9 2 9 2 9 2 2 9 9 9 9 2 2 2 9 2 2 2
left_child=1 -1 4 -4 -2 8 20 -8 10 15 -6 12 26 21 -11 25 17 18 23 -13 -7 22 -12 -17 -21 -10 -9 28 -14 -23
right_child=2 -3 3 -5 5 6 7 11 9 14 13 19 27 -15 -16 16 -18 -19 -20 24 -22 29 -24 -25 -26 -27 -28 -29 -30 -31
leaf_value=0.044646763529956279 0.043400628168797001 0.0035742355489717125 0.06438102326484936 0.00025297910808308574 0.0408575524050864 -0.010152329241807298 0.039858603731944393 -0.019926980429823597 -0.027725820825379385 -0.0085876650596648733 0.047522983452069172 0.00073517282774524168 -0.00068849255792588937 0.010281432381963546 0.024759928422591716 -0.0059994490064365011 -0.004072589122788804 -0.022165861705528624 0.036049393180829718 0.0045668936334251741 -0.00052226181856670812 -0.015401355916145207 0.00019102901780909028 -0.035846902670593969 0.067741824045385132 -0.0092253482288236228 -0.0040116952693158639 -0.053777188595965121 0.004678397607645773 -0.0023456921946559024
leaf_weight=67.161228786397146 20.719254248345351 485.16272909036013 69.134755130606663 36500.693548120886 12.383120676633551 703.33242287862822 39.279573189302027 53.091543054948261 89.092495973406585 27.852311531960368 14.262560475297505 7093.8022616443877 1486.3896160794311 228.05483607888334 76.273270916562069 445.49667477070761 1352.1773025766092 294.88448813063769 16.9544964935194 1548.830202795913 320.28075489021853 122.6795978948407 223.23144949804094 20.727644517217414 4.1421544356712721 88.612996870927873 2172.9782743604801 4.9886859378357249 820.99188700937975 277.58094065284013
leaf_count=69177 4634 199948 21472 1126027 1125 214923 9670 134148 19692 29951 751 530068 109208 28828 12706 16937 231868 10654 790 120979 56581 17736 71761 11911 891 27417 184228 68309 110709 32328
internal_value=0.000111396 0.00927371 1.61888e-05 0.000391779 -0.000765821 -0.0008427 -2.38058e-05 0.00053461 -0.00439139 -0.00675666 0.00215751 0.000387343 -0.00164131 0.00114381 0.015869 -0.00784149 -0.00698912 -0.011853 -0.00580439 0.00145279 -0.00717336 -0.00210578 0.00483884 -0.00732642 0.0047051 -0.0185005 -0.00447869 0.00109771 0.00122111 -0.00619253
internal_weight=54681.2 552.324 54128.9 36569.8 17559.1 17538.4 14248.1 13224.5 3290.26 2412.07 878.193 13185.2 4538.44 865.809 104.126 2307.95 2130.24 778.063 483.179 8646.77 1023.61 637.755 237.494 466.224 1552.97 177.705 2226.07 2312.37 2307.38 400.261
internal_count=3475427 269125 3206302 1147499 2058803 2054169 1539714 1268210 514455 361926 152529 1258540 606602 151404 42657 319269 272160 40292 29638 651938 271504 122576 72512 28848 121870 47109 318376 288226 219917 50064
cat_boundaries=0 1 3 5 6 8 9 10 11 12 13 15 16 18 19 20 21 22 23 25
cat_threshold=151060488 14158180 20 3322838019 1 2165080080 1073750016 20 2147779348 1073743872 2214598658 2484145936 2348 2248413184 1 8917056 33824768 1 525312 17893384 33712131 2147485698 1572864 33554432 1
is_linear=0
shrinkage=0.05


Tree=115
num_leaves=31
num_cat=8
split_feature=15 15 15 0 15 15 15 12 14 14 4 6 14 15 4 6 0 4 0 0 0 4 0 4 0 0 15 0 0 4
split_gain=42.9542 19.6887 12.5177 8.2555 28.3429 13.4234 13.3757 9.84112 10.3902 9.58403 12.5265 11.8993 9.60346 9.79489 11.3877 9.49997 9.29631 19.7541 9.77822 18.581 23.7475 17.1524 18.3023 12.7784 19.3523 12.093 13.68 9.88367 15.8049 13.4167
threshold=0 1 2 66.500000000000014 3 4 5 1.0000000180025095e-35 1.0000000180025095e-35 2.5000000000000004 8.5000000000000018 1.0000000180025095e-35 1.0000000180025095e-35 6 11.500000000000002 1.0000000180025095e-35 65.500000000000014 3.5000000000000004 40.500000000000007 50.500000000000007 48.500000000000007 3.5000000000000004 20.500000000000004 5.5000000000000009 41.500000000000007 51.500000000000007 7 24.500000000000004 35.500000000000007 10.500000000000002
decision_type=9 9 9 2 9 9 9 2 2 2 2 2 2 9 2 2 2 2 2 2 2 2 2 2 2 2 9 2 2 2
left_child=-1 -2 3 6 -5 7 -3 8 -6 12 -11 -12 15 -14 -15 16 18 -18 21 20 23 -8 -23 24 -20 26 -21 -24 29 -29
right_child=1 2 -4 4 5 -7 9 -9 -10 10 11 -13 13 14 -16 -17 17 -19 19 25 -22 22 27 -25 -26 -27 -28 28 -30 -31
leaf_value=-0.0375966129024011 0.011243178675911882 0.001204202086863348 0.0007897998752838197 -0.020408614693057672 -0.0045622127427569379 0.00018576250847784096 -0.0048527178444797061 -0.01230016978284644 0.00065409436575705965 0.0053534370028518151 0.081127382216917343 -0.0078741995765243041 0.0009573433168840002 -0.0076002500382133424 0.015126821354331636 -0.00388323800771205 0.070773731933253578 0.0071631053371183058 -0.044527826259832322 0.022397858337412809 -0.020850265845207324 -0.062023933302817504 0.034880786531228634 0.005889250872845855 -0.0045041188367881723 0.00037917147361658977 -0.017306405042812428 0.0035449240551452738 0.023768888306099911 -0.097879901971826999
leaf_weight=65.685313765203489 383.33992392723673 9458.9802832748301 26620.553231477272 191.69362145815819 2929.9652713816013 5561.7993627131045 237.43588036074607 294.97654101399348 1416.0009633257387 66.971570493089985 11.882852846036259 5.4908064126498166 573.86377797270222 1479.3082485565074 57.25063839932227 1645.6641360591102 13.375124551030238 139.51202939470022 34.306316914711715 106.37590179459949 237.3839116668305 8.1566289398469944 48.091144893660385 268.28071485366308 252.46116137870376 2226.9466808838756 21.156188336841296 202.9014720762425 138.16201059807645 3.3138505567330858
leaf_count=494390 164429 335219 1292794 72138 131228 269333 2609 84835 158004 142784 1075 10066 46716 83035 977 164234 141 881 212 478 1294 59 271 1350 1752 12892 162 1153 726 14
internal_value=4.48648e-05 9.69826e-05 1.61674e-05 -0.000729171 -0.00184237 -0.0014721 -5.83087e-05 -0.00345504 -0.00286264 -0.00159312 0.0151676 0.0529991 -0.00177893 -0.00465221 -0.00670979 -0.000692901 0.000640367 0.012728 0.000152109 -0.000992237 -0.00761484 0.00579601 0.0121071 -0.0019543 -0.0092922 0.00123669 0.0162106 0.0136478 0.0106827 0.00191504
internal_weight=54701.3 54635.6 54252.3 27631.7 10394.4 10202.7 17237.3 4640.94 4345.97 7778.29 84.3452 17.3737 7693.95 2110.42 1536.56 5583.52 3937.86 152.887 3784.97 3146.91 792.432 638.061 400.625 555.048 286.767 2354.48 127.532 392.468 344.377 206.215
internal_count=3475251 2980861 2816432 1523638 715538 643400 808100 374067 289232 472881 153925 11141 318956 130728 84012 188228 23994 1022 22972 18140 4608 4832 2223 3314 1964 13532 640 2164 1893 1167
cat_boundaries=0 2 4 6 8 10 12 14 16
cat_threshold=2147487873 33408 0 12288 937197936 3163418 262176 266 352354560 2114560 369918240 1034 0 2097424 0 1048576
is_linear=0
shrinkage=0.05


Tree=116
num_leaves=31
num_cat=19
split_feature=15 15 17 15 17 17 17 15 0 15 17 0 15 3 15 15 4 17 17 15 4 0 15 4 0 0 0 15 17 0
split_gain=40.1587 18.0422 18.4484 11.8378 49.417 28.113 20.8467 16.2649 15.9993 27.1986 15.5032 14.2959 38.861 13.7131 35.518 32.5961 28.7693 18.571 17.2716 48.8397 16.3541 17.0863 16.6416 16.0184 12.9017 12.0993 13.749 11.913 19.6515 15.6886
threshold=0 1 2 3 4 5 6 7 67.500000000000014 8 9 76.500000000000014 10 1.0000000180025095e-35 11 12 4.5000000000000009 13 14 15 3.5000000000000004 30.500000000000004 16 1.5000000000000002 48.500000000000007 29.500000000000004 28.500000000000004 17 18 45.500000000000007
decision_type=9 9 9 9 9 9 9 9 2 9 9 2 9 2 9 9 2 9 9 9 2 2 9 2 2 2 2 9 9 2
left_child=-1 2 -2 6 -5 7 -3 -6 -8 10 -10 13 -13 14 17 16 23 -7 19 20 -16 22 25 -15 -9 26 -22 29 -29 -17
right_child=1 3 -4 4 5 11 8 24 9 -11 -12 12 -14 15 18 27 -18 -19 -20 -21 21 -23 -24 -25 -26 -27 -28 28 -30 -31
leaf_value=-0.037048340447905816 0.040192994680629861 0.041005422151165427 0.0064663313412055105 0.052346845804211478 0.049764088909241638 -0.017707917281116477 0.00023342465584638228 -0.0048953272922128976 -0.027010997331023856 -0.0020001127360599696 0.030925744292232188 -0.0025667619912628989 0.0064235073730753989 -0.032787290089229919 -0.0019093763245643346 0.0037677795130339866 -0.0013567817036354726 -0.003297390116487357 0.0007225280977148648 0.044275157237260915 -0.0092143348002872768 0.0069477328766044556 -0.035767469011396491 -0.0095701386096226498 0.011739097265611304 -0.05053851720807661 0.094007282838746417 0.042901380589731343 0.003514151189697333 -0.0017674963544306429
leaf_weight=62.812920027427197 38.49660849611962 19.852648360625324 341.06288073131935 36.286371611749473 15.874507621961584 264.56650443923724 15012.963039788563 143.640848948285 143.39674041964463 10121.795339298929 6.2106657394870117 2008.0139903049683 2974.5471284264231 78.529161766611196 805.8996273083776 1644.8776503227036 1789.6600232513988 1295.4635079440955 6186.3870009994607 68.388773938183931 5.5606815891223977 2356.7454132084313 35.546896499476134 1376.8468067264494 618.40678751398411 3.8003799358266397 7.683787874164409 22.658504206803627 1405.0451828657733 5772.4067526639628
leaf_count=494390 27119 14488 137310 7319 2467 35824 866032 17801 61039 655870 5427 112265 148869 7398 34778 33231 67163 102072 167339 11658 160 80509 710 52099 95900 92 66 3225 99042 133589
internal_value=5.95871e-05 0.000109042 0.010831 3.20023e-05 0.00072299 0.000640032 -0.000757609 0.00995529 -0.000806599 -0.00232751 -0.0228189 0.000378722 0.00280809 -0.000144663 0.00113021 -0.00130777 -0.00558505 -0.0058385 0.00228195 0.00520881 0.00424316 0.00631874 -0.0218679 -0.0108229 0.00849218 0.0177124 0.0506698 0.000267488 0.0044333 -0.000539251
internal_weight=54663.4 54600.6 379.559 54221.1 28916.8 28880.5 25304.2 777.922 25284.4 10271.4 149.607 28102.6 4982.56 23120.1 11030 12090 3245.04 1560.03 9470.01 3283.63 3215.24 2409.34 52.5917 1455.38 762.048 17.0448 13.2445 8844.99 1427.7 7417.28
internal_count=3475251 2980861 164429 2816432 1213576 1206257 1602856 116168 1588368 722336 66466 1090089 261134 828955 433208 395747 126660 137896 295312 127973 116315 81537 1028 59497 113701 318 226 269087 102267 166820
cat_boundaries=0 2 4 5 7 8 10 11 13 15 16 18 20 22 23 25 27 28 30 31
cat_threshold=2147487873 33408 0 12288 9963808 937197936 2114843 163872 544772 32 1078407376 2097152 1181696 262176 258 2172684288 1073884166 264196 134218244 657408 1075970048 4194368 1073742089 2165309504 20 1075847168 4456548 1073741824 26120 1114116 1050624
is_linear=0
shrinkage=0.05


Tree=117
num_leaves=31
num_cat=14
split_feature=16 17 16 17 17 17 5 17 16 1 6 5 1 17 1 16 17 17 17 1 1 1 7 13 17 1 1 1 1 6
split_gain=16.8338 30.0253 8.24936 96.8291 20.1295 18.5492 18.52 14.118 50.3446 27.7135 14.6195 13.9042 13.839 13.2788 12.4912 12.1621 14.688 14.3377 12.1186 12.31 11.6934 10.098 9.06593 7.45405 10.3299 7.84134 24.5458 7.35502 7.1135 7.07603
threshold=0 1 2 3 4 5 1.5000000000000002 6 7 5112.5000000000009 1.0000000180025095e-35 1.5000000000000002 6320.5000000000009 8 3192.5000000000005 9 10 11 12 2652.5000000000005 992.50000000000011 812.50000000000011 1.0000000180025095e-35 1.0000000180025095e-35 13 870.50000000000011 812.50000000000011 812.50000000000011 1482.5000000000002 1.0000000180025095e-35
decision_type=9 9 9 9 9 9 2 9 9 2 2 2 2 9 2 9 9 9 9 2 2 2 2 2 9 2 2 2 2 2
left_child=1 -1 4 -4 -2 6 29 10 13 23 11 14 20 -9 21 16 -12 -17 19 -13 27 -6 -16 25 -25 26 -10 -8 -20 -5
right_child=2 -3 3 5 7 -7 12 8 9 -11 15 18 -14 -15 22 17 -18 -19 28 -21 -22 -23 -24 24 -26 -27 -28 -29 -30 -31
leaf_value=0.036361565996731141 0.04162440795508978 0.003491821399401491 0.063735837098556375 0.065260165163277664 -0.021371589635598029 0.00012528372147411254 -0.023415820248028477 -0.00053778239699678256 -0.0023742001623977462 0.0034822899502990308 -0.024696476566876849 -0.045103593758457364 0.02867374460426296 0.061598524457023941 -0.0026324257085943163 -0.0049171682863725086 0.032962241440117536 0.036586133574029088 0.066952858094100232 0.0039938978998820054 -0.0095296771470914626 0.0092135566295463277 -0.017757843993663876 -0.00012343966949258662 0.041318820053141615 -0.0022786118973886502 -0.061707052647565652 -0.20903923010144121 0.015972889297892253 0.014590744886043353
leaf_weight=75.568605557368812 17.576628188498034 409.0973352355482 50.155113457003608 7.0197555973686567 29.444014015149946 39552.712761889568 0.95844944461714421 20.082328421151033 71.824274057933053 3150.6336955378893 120.22913595607633 16.84520008857362 25.681879206698795 37.427216626680547 978.96992696059692 3026.7654035258611 5.0499277610942945 11.20674425682 7.1054031065700647 52.729936866555363 129.01062837379959 323.41766068274603 110.22328006300086 52.637677401406108 13.128843353469163 5740.6639128984671 23.017275822608553 1.2040556785723309 185.04031374385136 373.60118028623424
leaf_count=78366 4863 116316 5863 2420 7357 1300828 93 6604 12501 363879 177703 1121 3186 6936 76180 450809 72 3174 751 3648 15391 45590 29279 13380 6319 642268 2723 270 19273 78088
internal_value=6.64633e-05 0.00924831 -1.7447e-05 0.000347012 -0.00106236 0.000251835 0.0093923 -0.00114577 1.6779e-05 -0.000303717 -0.00331722 0.000409879 -0.00489096 0.0430349 -0.00151439 -0.00533519 -0.0201075 -0.00464454 0.0110124 -0.00690142 -0.0114625 0.00666142 -0.00416308 -0.00232555 0.0144135 -0.00251419 -0.0167738 -0.126769 0.0169747 0.0155252
internal_weight=54619 484.666 54134.4 40140.3 13994 40090.2 537.476 13976.4 9109.42 9051.91 4867.03 1703.78 156.855 57.5095 1442.05 3163.25 125.279 3037.97 261.721 69.5751 131.173 352.862 1089.19 5901.27 65.7665 5835.51 94.8415 2.16251 192.146 380.621
internal_count=3475251 194682 3280569 1406139 1874430 1400276 99448 1869567 1054610 1041070 814957 183199 18940 13540 158406 631758 177775 453983 24793 4769 15754 52947 105459 677191 19699 657492 15224 363 20024 80508
cat_boundaries=0 1 3 5 6 8 9 10 11 12 14 15 16 17 18
cat_threshold=16777224 14461284 20 3255073795 1 2147483648 1073750080 20 17469441 2492243224 3221228544 16777216 33570816 1 528648 2156692480 2312 16777216
is_linear=0
shrinkage=0.05


Tree=118
num_leaves=31
num_cat=16
split_feature=15 15 17 15 17 15 4 15 17 15 15 14 15 1 12 4 1 17 14 12 15 4 15 1 4 17 4 15 1 1
split_gain=35.6226 17.9106 14.65 9.70464 28.0711 70.1832 19.7339 25.0189 20.6512 40.8947 28.5204 18.8147 25.383 18.3775 17.5499 15.6659 17.6917 15.1837 14.7766 14.2277 32.0927 16.59 20.6581 14.0122 12.8254 12.2872 12.2675 11.6465 11.5339 11.524
threshold=0 1 2 3 4 5 2.5000000000000004 6 7 8 9 1.0000000180025095e-35 10 2352.5000000000005 1.0000000180025095e-35 11.500000000000002 2256.5000000000005 11 1.0000000180025095e-35 1.0000000180025095e-35 12 6.5000000000000009 13 2550.5000000000005 1.5000000000000002 14 8.5000000000000018 15 1892.5000000000002 1406.5000000000002
decision_type=9 9 9 9 9 9 2 9 9 9 9 2 9 2 2 2 2 9 2 2 9 2 9 2 2 9 2 9 2 2
left_child=-1 2 -2 6 5 13 7 24 10 17 25 29 14 -5 15 16 28 -10 -12 21 -21 -20 -23 26 -3 -8 -18 -11 -13 -6
right_child=1 3 -4 4 11 -7 8 -9 9 27 18 12 -14 -15 -16 -17 23 -19 19 20 -22 22 -24 -25 -26 -27 -28 -29 -30 -31
leaf_value=-0.036040339256530877 0.038951632385580498 -0.029762312165592903 0.0071229300259533562 -0.0066824298819142414 0.0054811229250265516 0.053635898329471965 0.058284648687370703 -0.0022511602137135637 0.00056611926940909282 -0.022321500559049655 -0.00059211911062095066 -0.0025631417572054018 0.00056531117594555813 0.0086254155572019469 0.0038503646767013705 0.014381335578439259 -0.019610934608649412 0.04211036044217098 0.0061918142161183432 -0.013542783570978946 0.0046413039850105586 0.010254723397893436 -0.0031946035894336055 -0.0075805415382749521 -0.010890794469036225 0.0074513324197419822 -0.074406647972820955 -0.006858510510652234 0.015257191679628766 0.00085617699636066687
leaf_weight=58.207080208436594 33.389968819288697 119.84123074881199 334.02653888801717 258.86633952137709 1451.885034298095 69.86127531855891 23.468453897065046 1527.8398590836048 3174.7164675401 124.0576283708067 10554.687281126458 346.95404620389127 5647.0161587121374 808.15986978619185 503.98531768656085 89.745167785422382 123.98172538362996 12.155146557528949 2775.9974836486272 399.16689608162778 588.98855997358078 358.21797390388019 1261.2659022994667 2422.5829350518197 361.95423924268988 39.174588076615123 11.131223328582562 2322.2293892588623 122.98596942017684 18623.354510481255
leaf_count=429248 23825 20219 140604 19144 28873 14514 2658 152302 196456 138789 326641 13627 389610 67508 52589 1595 4700 16932 253372 64299 110021 21954 59530 99184 41845 14425 190 331003 4785 434809
internal_value=7.12832e-05 0.00011645 0.0109709 4.07526e-05 0.000630337 0.00830447 -0.000719259 -0.00545902 -0.000279306 -0.00287996 0.00063766 0.000330283 -0.00153294 0.00486605 -0.00479319 -0.00620596 -0.00681621 0.000855802 0.000494876 0.00262686 -0.00279427 0.0038456 -0.000176116 -0.00845453 -0.015268 0.0318973 -0.0241253 -0.00773036 0.00210054 0.00119066
internal_weight=54549.9 54491.7 367.417 54124.3 30480.5 1136.89 23643.8 2009.64 21634.1 5633.16 16001 29343.6 9268.38 1067.03 3621.37 3117.38 3027.64 3186.87 15938.3 5383.64 988.155 4395.48 1619.48 2557.7 481.795 62.643 135.113 2446.29 469.94 20075.2
internal_count=3475251 3046003 164429 2881574 1131128 101166 1750446 214366 1536080 683180 852900 1029962 566280 86652 176670 124081 122486 213388 835817 509176 174320 334856 81484 104074 62064 17083 4890 469792 18412 463682
cat_boundaries=0 2 4 5 7 9 11 13 15 17 19 21 22 24 26 28 30
cat_threshold=4225 33408 0 12288 9963776 3053224800 2113882 2164948996 32 1073753092 4785189 14188576 72 1095772912 20 612925728 2097216 8126528 8 1107435536 1048576 524556 67141920 2097152 16777216 80 1074790496 16 17039872 16384
is_linear=0
shrinkage=0.05


Tree=119
num_leaves=31
num_cat=12
split_feature=15 15 15 1 15 15 4 1 15 1 4 1 15 14 4 15 1 15 15 1 4 15 15 12 1 1 3 4 1 11
split_gain=30.3748 18.5278 10.066 14.172 20.0746 16.1357 14.187 13.6514 23.218 18.9569 11.4907 11.7359 11.3982 17.7109 13.8503 17.0547 11.7021 9.54571 9.27464 8.54706 8.49464 15.7963 10.6619 10.3038 8.25821 13.681 12.0553 9.80833 8.32975 8.22797
threshold=0 1 2 4692.5000000000009 3 4 11.500000000000002 4692.5000000000009 5 7832.5000000000009 1.5000000000000002 7656.5000000000009 6 1.0000000180025095e-35 10.500000000000002 7 380.50000000000006 8 9 1560.5000000000002 3.5000000000000004 10 11 1.0000000180025095e-35 1260.5000000000002 1892.5000000000002 1.0000000180025095e-35 12.500000000000002 1980.5000000000002 1.0000000180025095e-35
decision_type=9 9 9 2 9 9 2 2 9 2 2 2 9 2 2 9 2 9 9 2 2 9 9 2 2 2 2 2 2 2
left_child=-1 -2 7 5 10 6 -4 17 9 18 11 -5 16 14 -14 24 -7 -3 -9 -8 21 23 -22 -10 -16 -26 27 28 -27 -19
right_child=1 2 3 4 -6 12 19 8 20 -11 -12 -13 13 -15 15 -17 -18 29 -20 -21 22 -23 -24 -25 25 26 -28 -29 -30 -31
leaf_value=-0.034697588447526323 0.011246779156225073 -0.010754150014099753 0.0082493184024946594 -0.032794318078406007 0.0002092763160242481 0.028738688322745471 -0.17730742883863748 -0.0053044097312444135 0.0083134145662821842 -0.037673163967653751 0.0049022631931003738 0.043981830386896847 0.0013637258413622152 -0.0025670144264740907 -0.058898308152666168 -0.0064222021462206694 -0.0020107078701084172 0.00024857490889910219 -0.020501242420908873 -0.023229232720263698 -0.0053576010531312807 -0.0095075957741329997 -0.00097125964595540324 -0.019473647644950697 0.063351682439764911 -0.10538452433420996 0.0045196650380029367 0.050578798676132221 0.02056083424943635 0.016990650543455121
leaf_weight=52.799003734078156 359.99949600607886 186.7516340029722 748.27005371271616 34.806125219265596 5940.6981597803388 31.061600565684785 0.93199295032536866 531.97311414871501 629.9122140461119 61.068718660306331 4415.7530567975282 5.8079677151108617 7877.4863742375028 3228.7218928594157 3.4135486161103463 98.66444065644464 7946.8979830394392 14233.761628005417 122.60028006848825 26.274188592592509 1851.7955018419898 183.41451302715666 5473.8320667241278 35.227804030354491 16.557152195593517 1.3314496256061819 113.62666449811059 32.592125993443915 93.865061252610758 73.766454299424367
leaf_count=374117 164429 284569 94404 2692 364807 754 62 75698 32654 15471 171319 367 181578 224560 40 5328 228420 653689 56566 1997 116091 39435 354263 7041 131 20 1316 347 1190 21896
internal_value=5.60234e-05 9.61436e-05 1.97388e-05 0.000616247 0.00211661 -0.000154941 0.00687117 -0.000761198 -0.00230411 -0.0108786 0.00464834 -0.021815 -0.000438466 0.000571285 0.00180204 0.0113919 -0.00188862 0.000184597 -0.00854498 -0.0285074 -0.00153823 0.00319579 -0.00208869 0.00674039 0.0176852 0.0193842 0.0163687 0.0269046 0.0187993 0.000334659
internal_weight=54413.7 54360.9 54000.9 30616.8 10397.1 20219.7 775.476 23384.1 8889.82 715.642 4456.37 40.6141 19444.2 11466.3 8237.54 360.05 7977.96 14494.3 654.573 27.2062 8174.18 848.555 7325.63 665.14 261.386 257.972 241.415 127.789 95.1965 14307.5
internal_count=3475251 3101134 2936705 1279332 539185 740147 96463 1657373 697219 147735 174378 3059 643684 414510 189950 8372 229174 960154 132264 2059 549484 79130 470354 39695 3044 3004 2873 1557 1210 675585
cat_boundaries=0 2 4 6 8 10 12 14 16 18 20 22 24
cat_threshold=4225 512 0 12288 3051127152 2146715 512 5832768 16394 265220 268697632 16642 134218240 589888 132100 5242880 2705326080 49280 268435456 16384 541065472 2097177 67108864 2097153
is_linear=0
shrinkage=0.05


Tree=120
num_leaves=31
num_cat=9
split_feature=15 15 15 4 15 4 15 15 4 5 3 0 15 0 0 0 0 4 7 0 16 15 5 0 0 4 0 0 14 4
split_gain=29.5931 20.9048 11.6823 29.5609 44.0666 21.225 47.0307 21.2783 18.2435 17.4422 15.2432 28.5827 17.037 20.8133 17.0017 37.3679 14.3382 13.9777 13.9529 12.1817 19.7011 16.9043 13.3165 16.9282 34.1553 14.6455 14.3065 12.8551 11.7892 29.2604
threshold=0 1 2 7.5000000000000009 3 7.5000000000000009 4 5 1.5000000000000002 1.5000000000000002 1.0000000180025095e-35 23.500000000000004 6 58.500000000000007 28.500000000000004 23.500000000000004 77.500000000000014 8.5000000000000018 1.0000000180025095e-35 72.500000000000014 7 8 1.5000000000000002 41.500000000000007 39.500000000000007 3.5000000000000004 31.500000000000004 19.500000000000004 1.5000000000000002 4.5000000000000009
decision_type=9 9 9 2 9 2 9 9 2 2 2 2 9 2 2 2 2 2 2 2 9 9 2 2 2 2 2 2 2 2
left_child=-1 -2 3 -3 9 7 17 8 -4 -5 11 -10 13 28 15 -14 -16 -7 -17 20 22 -21 27 24 26 -26 -24 -9 -12 -30
right_child=1 2 5 4 -6 6 -8 19 10 -11 12 -13 14 -15 16 18 -18 -19 -20 21 -22 -23 23 -25 25 -27 -28 -29 29 -31
leaf_value=-0.034077925025193148 0.010452319750995772 0.00011648678053032067 -0.014471631472272137 -0.010033874417161852 -0.0017102363809380048 0.0022404010331013055 -0.001685834184622928 0.030316669206418165 -0.034404871692810181 -0.026669939985851567 0.003335167331247431 0.00075865099239390515 -0.056452882412128758 -0.0041209023900824066 -0.0090935581199285079 0.022189955018065366 0.00045353875368947701 0.0076474113659140393 0.082038716014626034 0.014585874871841898 0.0071201531919747292 0.0027821659708377631 0.031280479298596398 0.0038297761585649099 -0.097801078130014263 0.082307820144159327 -0.030428237586198316 -0.0011670082158201241 -0.049277051127203562 0.012369697955085976
leaf_weight=53.750394464883357 464.92601636456851 15098.599360619388 267.80872885217104 1057.5828281082727 4189.4702549465601 1878.3829215221281 3743.1526355552778 32.5866364179019 58.310074697798882 185.13978097342351 2003.8559575353165 6489.0915732499034 13.964814559082695 2586.6547656822077 1849.1460389039858 48.042839126904255 499.50337239213241 3286.6140058325204 12.214455710096443 346.0628308133023 965.59806579612905 2174.8622078238709 19.141331350204837 311.96307662989102 1.179743758795669 26.081865577149983 18.441652802339377 6428.8707696283491 36.275909985859471 41.008322447701175
leaf_count=463128 194933 1170002 23211 118214 162837 55467 170951 806 1217 36586 30597 229263 464 86517 55924 907 26485 89444 124 13321 134210 146444 906 17141 63 563 1324 225938 11777 7469
internal_value=-3.17865e-05 8.31159e-06 -8.40925e-05 -0.00102102 -0.00418457 0.000496505 0.00258361 -0.000270593 -0.00154674 -0.0124124 -0.00129407 0.00044549 -0.00290036 -0.00112371 -0.00629256 0.0172425 -0.00706311 0.00567004 0.0343216 0.00144828 0.000473547 0.00447143 -0.000474706 0.00866148 0.0319065 0.0745136 0.00100053 -0.00100823 0.00259612 -0.0165662
internal_weight=54188.3 54134.5 53669.6 20530.8 5432.19 33138.8 8908.15 24230.7 13905.9 1242.72 13638.1 6547.4 7090.67 4667.79 2422.87 74.2221 2348.65 5165 60.2573 10324.8 7803.86 2520.93 6838.27 376.808 64.8446 27.2616 37.583 6461.46 2081.14 77.2842
internal_count=3476233 3013105 2818172 1487639 317637 1330533 315862 1014671 473955 154800 450744 230480 220264 136360 83904 1495 82409 144911 1031 540716 380951 159765 246741 19997 2856 626 2230 226744 49843 19246
cat_boundaries=0 2 4 6 8 10 12 14 15 17
cat_threshold=2147487873 33280 0 14336 930923296 2113921 50594336 16641 1082131536 5767232 1082131536 5767232 1073742912 1572864 878776320 0 66560
is_linear=0
shrinkage=0.05


Tree=121
num_leaves=31
num_cat=18
split_feature=15 15 17 15 4 15 4 15 17 15 17 17 4 17 5 17 4 15 17 15 0 15 0 0 15 5 3 0 17 0
split_gain=24.8073 19.6241 21.9946 14.0529 27.3369 38.8907 19.096 37.6509 19.4969 18.894 40.5737 25.6106 17.2905 16.8094 15.9055 14.066 14.063 13.8008 13.4171 90.0525 16.3882 12.3869 20.6346 15.7003 11.6254 35.4141 27.8416 32.8592 30.7473 22.9058
threshold=0 1 2 3 7.5000000000000009 4 7.5000000000000009 5 6 7 8 9 1.5000000000000002 10 1.5000000000000002 11 8.5000000000000018 12 13 14 19.500000000000004 15 57.500000000000007 59.500000000000007 16 1.0000000180025095e-35 1.0000000180025095e-35 31.500000000000004 17 76.500000000000014
decision_type=9 9 9 9 2 9 2 9 9 9 9 9 2 9 2 9 2 9 9 9 2 9 2 2 9 2 2 2 9 2
left_child=-1 2 -2 4 15 14 9 16 -9 11 -11 12 -5 21 -6 17 -8 -3 19 -12 -20 22 -7 -24 25 26 -17 28 -28 -29
right_child=1 3 -4 6 5 13 7 8 -10 10 18 -13 -14 -15 -16 24 -18 -19 20 -21 -22 -23 23 -25 -26 -27 27 29 -30 -31
leaf_value=-0.032568838860013501 0.040998280001406345 -0.017730244639346939 0.0061348351682583846 -0.014462636457621865 -0.0097298097712657794 -0.043742929504696604 0.0017967232664539629 -0.0062338040408350731 0.0013226921373698508 0.051562792353571432 0.057819818202707908 0.042149313485594815 -0.0012301102202552927 -0.0036897002859813651 -0.0258464037249648 -0.0012992392880252072 0.0071256377490665629 0.04543928878671169 0.037033087270206898 0.00270345814977186 1.3841241979705786e-05 0.005629414000781487 0.090774084752142464 -0.0033990434739992106 -0.0019831907514693461 -0.010294293851904628 -0.024545676708772095 0.0074798814217012293 0.005735158533744962 -0.0010054783092623893
leaf_weight=48.501607371106331 42.67183920243815 9.8370835350824564 420.75987729812385 251.31071298364623 1047.9717495625673 36.01405591738876 1943.7801265014891 1316.5872594265793 2389.4560377363432 30.249085470087266 66.347496047561435 23.761401840904 13958.477934197352 3004.9892013995991 179.27652605878529 3994.0217708217624 3409.9782378924988 25.434360482759075 30.015938568982165 2664.3968304031287 7493.8049884444399 899.45165622321656 4.8254191955784327 53.446934888204851 5316.371756814664 652.7182113688832 173.62496996426489 3392.2839161638167 152.80756329696396 1038.8955521079397
leaf_count=373937 39708 26893 155225 20332 118214 756 61819 78716 92235 3784 10124 18969 472811 111474 36586 201662 100057 2493 1212 150238 375358 53570 115 1951 699633 42602 5862 156189 11623 52085
internal_value=-2.71261e-05 8.11657e-06 0.0101432 -8.14545e-05 -0.00113102 -0.0042392 0.000543283 0.002505 -0.00137134 -0.000181369 0.00145075 -0.00136076 -0.00146311 -0.00182695 -0.0119865 -3.10014e-05 0.0051812 0.0277967 0.00125284 0.00424867 0.000161313 0.00378652 -0.0126479 0.00439925 -0.000116481 0.000939774 0.00177871 0.00436266 -0.010947 0.00549048
internal_weight=54072.1 54023.6 463.432 53560.1 19982 5225.98 33578.2 9059.8 3706.04 24518.4 10284.8 14233.6 14209.8 3998.73 1227.25 14756 5353.76 35.2714 10254.6 2730.74 7523.82 993.738 94.2864 58.2724 14720.7 9404.35 8751.63 4757.61 326.433 4431.18
internal_count=3476233 3102296 194933 2907363 1521708 322666 1385655 332827 170951 1052828 540716 512112 493143 167866 154800 1199042 161876 29386 536932 160362 376570 56392 2822 2066 1169656 470023 427421 225759 17485 208274
cat_boundaries=0 2 4 5 7 9 11 13 15 17 19 21 23 24 25 27 28 30 31
cat_threshold=4225 512 0 14336 9963872 3077882656 2146689 50594336 16641 1082655824 5767232 2164785922 48 1082655824 5767232 40 4 2191075624 4 25690180 48 8396866 32 262144 3272736903 134350858 394240 268435456 103023392 257 2080
is_linear=0
shrinkage=0.05


Tree=122
num_leaves=31
num_cat=10
split_feature=16 17 16 17 17 4 16 0 0 3 17 0 0 0 4 0 4 0 0 16 17 17 0 0 3 4 3 7 0 7
split_gain=18.573 22.2343 6.3443 196.611 34.5713 15.259 16.2973 14.3114 10.643 23.7046 19.9452 15.7407 9.06572 13.9429 15.0549 11.0338 8.34835 13.8757 12.3488 8.02007 73.1702 13.9408 8.92398 19.2896 21.9753 10.0701 11.4743 7.83467 7.42551 7.22225
threshold=0 1 2 3 4 8.5000000000000018 5 41.500000000000007 50.500000000000007 1.0000000180025095e-35 6 44.500000000000007 44.500000000000007 48.500000000000007 11.500000000000002 49.500000000000007 9.5000000000000018 32.500000000000007 35.500000000000007 7 8 9 27.500000000000004 26.500000000000004 1.0000000180025095e-35 3.5000000000000004 1.0000000180025095e-35 1.0000000180025095e-35 87.500000000000014 1.0000000180025095e-35
decision_type=9 9 9 9 9 2 9 2 2 2 9 2 2 2 2 2 2 2 2 9 9 9 2 2 2 2 2 2 2 2
left_child=1 -1 4 -4 -2 19 7 16 9 10 11 -9 -12 -14 15 -15 17 -7 -19 21 -21 22 23 -5 -25 -24 -27 -11 -8 -13
right_child=2 -3 3 5 -6 6 28 8 -10 27 12 29 13 14 -16 -17 -18 18 -20 20 -22 -23 25 24 -26 26 -28 -29 -30 -31
leaf_value=0.040930698113010061 0.043762435050388022 0.0058364430814960714 0.061248809437918876 -0.0080008622583640741 -0.00050831476225166971 0.054447294929067497 -0.0022552582804049406 0.019235625198994886 0.0053275095724188912 0.0029178334380513906 -0.0075911042737320722 -0.0083746343221918536 0.066777587387108525 -0.094974845763159357 0.056120351894010101 0.0084740310758526557 0.046576854127683462 -0.072609148694063874 0.012179523700971882 0.058365733123002139 -0.00038585918456742759 0.034744690417790984 -0.016256377838462618 -0.093992180156797181 0.086272180090687295 -7.3527771085788064e-05 -0.0094215222406030599 -0.035860763862468364 -0.023284726813155035 -0.067160921607686705
leaf_weight=42.441716912353115 34.151962587678497 417.90622648016671 123.10950452060774 25.254336012537351 37746.721211572651 11.212526883231478 650.48569680741821 14.353774953735408 2390.4655754007372 16.464752112688984 12.540487557600498 7.8910554102621981 23.716214174761262 4.0311517132759054 9.7770077465102059 7.1483871854525205 31.878744148967598 6.3519512878847335 13.256009511351293 43.262542764974114 10541.764406067014 13.293493271094801 176.43369330291011 1.9376963928134472 13.261077432532147 874.91086952927594 525.3988272179181 62.344643064904631 44.872534008437469 15.462370876397472
leaf_count=40819 80726 154114 16178 6526 2349822 203 66046 199 63354 1039 277 381 490 88 74 184 713 111 343 6431 480068 5339 46224 326 635 70968 79126 522 4801 106
internal_value=-1.89569e-05 0.00987339 -0.000105997 0.000739866 -0.000456727 0.000221354 0.00322604 0.0050171 0.00445911 -0.00748985 0.00933913 -0.0173653 0.0255146 0.0405195 0.0108036 -0.0288279 0.0286374 0.0100821 -0.0152876 -0.000595648 -9.08717e-05 -0.00384846 -0.00437727 0.0187842 0.0632902 -0.00499927 -0.00358091 -0.0277592 -0.00356111 -0.0472972
internal_weight=53902.1 460.348 53441.8 15660.9 37780.9 15537.8 3322.25 2626.89 2564.2 173.73 94.9204 37.7072 57.2132 44.6728 20.9565 11.1795 62.6992 30.8205 19.608 12215.5 10585 1630.49 1617.2 40.4531 15.1988 1576.74 1400.31 78.8094 695.358 23.3534
internal_count=3476233 194933 3281300 850752 2430548 834574 138931 68084 66714 3360 1799 686 1113 836 346 272 1370 657 454 695643 486499 209144 203805 7487 961 196318 150094 1561 70847 487
cat_boundaries=0 1 2 4 6 8 9 10 11 12 13
cat_threshold=16777224 9963876 2451340547 3 1605636 4 37892674 48 1147175488 352 1082327104 2147483688 2151683640
is_linear=0
shrinkage=0.05


Tree=123
num_leaves=31
num_cat=19
split_feature=15 15 17 15 17 4 1 15 4 15 5 3 1 17 1 4 17 17 15 17 16 15 4 15 15 3 1 17 15 15
split_gain=27.64 18.8655 18.0714 10.6414 42.9804 37.2198 36.6055 30.5128 26.7241 21.8293 28.661 21.6136 19.2344 14.7888 18.8749 16.2831 14.6771 14.3197 14.9815 14.1589 82.85 18.6853 15.3291 37.502 13.9608 26.56 16.3221 17.6144 23.3211 16.9774
threshold=0 1 2 3 4 5.5000000000000009 506.50000000000006 5 8.5000000000000018 6 1.0000000180025095e-35 1.0000000180025095e-35 2550.5000000000005 7 5256.5000000000009 2.5000000000000004 8 9 10 11 12 13 7.5000000000000009 14 15 1.0000000180025095e-35 4290.5000000000009 16 17 18
decision_type=9 9 9 9 9 2 2 9 2 9 2 2 2 9 2 2 9 9 9 9 9 9 2 9 9 2 2 9 9 9
left_child=-1 2 -2 4 -3 9 -7 16 -9 10 11 -6 -12 -13 15 -15 -8 -11 -19 20 -5 -21 24 -24 25 -23 29 28 -28 -26
right_child=1 3 -4 19 5 6 7 8 -10 17 12 13 -14 14 -16 -17 -18 18 -20 21 -22 22 23 -25 26 -27 27 -29 -30 -31
leaf_value=-0.03356776151866616 0.039853791288710951 0.051805836198232397 0.0065258346503840039 0.0017814122747894401 -2.75467313020755e-05 0.045225871903999737 0.0020147713478568035 -0.0057539551919593684 -0.01832159036613239 -0.020281122055861765 -0.045666872806528785 0.0091858124433573194 -0.0074468874435216995 -0.0059031120129800895 -0.019227649144646794 0.0078131755715930059 -0.0035635921880454282 0.029476863038009889 -0.0019074431638711144 0.038819192509709728 0.060862212259933636 0.00060140987069554584 0.0049373053897756253 -0.0010971407195394 0.0095084516596680747 -0.0049387831433451808 0.046301181530010095 -8.5750633349669596e-05 0.0046616741449993703 -0.001207028231658308
leaf_weight=51.325295190271504 37.187147917237667 28.30626128883614 417.25757835220844 608.94822323151936 2280.0211199612258 38.072837042966967 1656.8541009862724 1744.741929222211 558.36747662144285 95.532241055712802 43.321030267876267 1848.0912079033815 137.0854970487535 303.7511881810691 96.557207983672242 752.17710304524041 4048.4652065605037 28.520654160709512 3270.9281246497312 21.420588663276931 56.034868112651907 4528.8394807429286 5056.2767360238076 5233.0727647413432 374.08374706238862 4141.6680293126919 24.313584497524971 3399.8280515321903 3034.7550754027252 9906.6505399773305
leaf_count=494146 33456 4220 161477 126019 149036 801 79539 213350 83459 51620 4611 82498 12871 32025 13487 51384 230805 8339 361683 8545 11104 210304 135504 178186 33346 191686 4859 159240 98579 250054
internal_value=-1.93755e-05 1.88861e-05 0.0100524 -6.85038e-05 -0.00110367 -0.00122286 -0.00368506 -0.00391759 -0.00876281 0.00101291 0.00296716 0.00364211 -0.0166247 0.00643054 0.00191593 0.00386751 -0.00194292 -0.00213306 -0.00154791 0.000413343 0.00758779 0.000277697 0.000243707 0.00187197 -0.000415532 -0.00204264 0.000428212 0.00239825 0.00514241 -0.000809051
internal_weight=53822.5 53771.1 454.445 53316.7 16930.8 16902.5 8046.5 8008.43 2303.11 8855.99 5461 5280.6 180.407 3000.58 1152.49 1055.93 5705.32 3394.98 3299.45 36385.9 664.983 35720.9 35699.5 10289.3 25410.1 8670.51 16739.6 6458.9 3059.07 10280.7
internal_count=3476233 2982087 194933 2787154 1379728 1375508 607954 607153 296809 767554 345912 328430 17482 179394 96896 83409 310344 421642 370022 1407426 137123 1270303 1261758 313690 948068 401990 546078 262678 103438 283400
cat_boundaries=0 2 4 5 7 9 11 13 15 17 18 19 20 21 23 25 27 29 31 33
cat_threshold=2147487873 33408 0 14336 9963808 393527840 2113795 8290 16 342934016 2097152 101974560 259 1100480512 4 25690644 36 3221225600 2113536 3238187141 1417908288 4 524320 1082131536 5242944 1619656784 4194368 9439272 16 134218754 393216 2 263176
is_linear=0
shrinkage=0.05


Tree=124
num_leaves=31
num_cat=15
split_feature=15 15 17 15 4 15 15 4 17 15 17 1 1 15 5 15 1 1 1 17 1 15 4 15 4 5 1 5 15 4
split_gain=23.097 19.4529 14.0355 9.82083 24.4546 27.2683 21.7625 19.7795 12.9763 13.1588 11.7534 13.8066 38.9672 63.1864 19.4091 18.3208 30.4796 20.034 22.3848 17.8828 12.5219 11.0002 10.1635 9.96308 9.88987 9.77032 9.33454 9.3081 16.2639 8.90861
threshold=0 1 2 3 4.5000000000000009 4 5 8.5000000000000018 6 7 8 2352.5000000000005 2450.5000000000005 9 1.0000000180025095e-35 10 650.50000000000011 1056.5000000000002 1482.5000000000002 11 870.50000000000011 12 6.5000000000000009 13 1.5000000000000002 1.0000000180025095e-35 1190.5000000000002 1.5000000000000002 14 2.5000000000000004
decision_type=9 9 9 9 2 9 9 2 9 9 9 2 2 9 2 9 2 2 2 9 2 9 2 9 2 2 2 2 9 2
left_child=-1 2 -2 4 5 24 10 -8 9 -7 23 15 13 14 -13 17 25 -12 26 -18 -21 -10 -14 27 -3 -17 -19 -6 -29 -23
right_child=1 3 -4 -5 6 8 7 -9 21 -11 11 12 22 -15 -16 16 19 18 -20 20 -22 29 -24 -25 -26 -27 -28 28 -30 -31
leaf_value=-0.032012661200426451 0.038501897632158145 0.02443625054112963 0.007260030959078948 0.00035205048010280578 6.6722616019617087e-05 0.02790128591609561 -0.005205882784783622 -0.018804821788824786 0.036304510446932538 -0.021697882239768752 -0.046523378912419311 0.036168745822865486 0.00040144591824829213 -0.024617591212313411 0.087056021874963044 0.031769143067617286 0.0024545574650849315 -0.028511265855233527 -0.021318690333276429 -0.052740472412906303 -0.01303053484680982 -0.0042655768641337464 -0.0041836508970192745 0.028816833169904844 0.0063963878119926701 -0.033849791166822261 0.027216279733764129 0.017957162843661119 -0.010825589055808075 0.001098089046634741
leaf_weight=46.340729251245932 31.840572314502879 80.47160833780049 417.37501472073831 38359.733887825263 1054.8490593343813 7.9221988368335587 1747.5299398651923 315.69484215324792 10.623173504103191 108.56806554975265 54.332005729032971 53.275878504908178 2252.5004405124619 39.215304406879113 28.904460120713338 69.950843241581424 260.61067301906587 9.2257280876510759 167.62334100491535 21.38968859842862 276.22670343343725 1048.9293017808382 2607.9586653368106 26.022776728823374 1359.2923768618048 6.1733361507140208 40.509247614096239 179.99088718599523 61.132066774043778 2955.234115912167
leaf_count=439137 27524 12088 167409 1490600 54527 7788 321175 85218 1532 63627 1978 456 139210 3559 88 1136 20390 485 5922 444 5022 112515 140140 5169 95717 422 1011 7653 8113 256178
internal_value=-1.57249e-05 1.78745e-05 0.0102647 -7.05548e-05 -0.00116214 0.00145537 -0.00273592 -0.00725152 -0.000616498 -0.0163856 -0.00143166 -0.0023884 -0.00135991 0.0266209 0.0482015 -0.00806992 -0.00318141 -0.0186792 -0.0125785 -0.00727886 -0.0153681 -0.000119376 -0.00205876 0.0028154 0.0073536 0.0264477 0.0168789 0.00207664 0.0109556 -0.00030621
internal_weight=53699.4 53653.1 449.216 53203.9 14844.2 5571.04 9273.12 2063.22 4131.28 116.49 7209.89 5887.9 4981.85 121.396 82.1803 906.042 634.351 271.69 217.358 558.227 297.616 4014.79 4860.46 1321.99 1439.76 76.1242 49.735 1295.97 241.123 4004.16
internal_count=3476233 3037096 194933 2842163 1351563 549445 802118 406393 441640 71415 395725 320263 283453 4103 544 36810 27414 9396 7418 25856 5466 370225 279350 75462 107805 1558 1496 70293 15766 368693
cat_boundaries=0 2 4 5 7 9 11 13 15 17 18 19 21 22 24 25
cat_threshold=2147487873 512 0 14336 9961728 896844320 2146689 2359296 257 877707776 2097152 3573580168 16 352354336 2097152 25952352 36 268435456 71303168 3222274052 16 5259264 32768 2097152 32768
is_linear=0
shrinkage=0.05


Tree=125
num_leaves=31
num_cat=19
split_feature=15 17 15 17 15 15 17 17 15 15 17 0 15 15 0 0 15 5 5 15 17 15 5 12 0 0 0 15 15 0
split_gain=23.2867 144.577 19.8543 12.9151 34.513 20.0133 11.8147 6.9429 117.502 65.5769 28.7642 15.392 18.2509 15.1125 9.60296 22.2636 37.9495 36.4253 16.4384 14.4335 10.4095 9.55603 16.7681 15.1358 11.9154 14.9963 10.9214 13.4727 10.4303 10.0527
threshold=0 1 2 3 4 5 6 7 8 9 10 72.500000000000014 11 12 48.500000000000007 49.500000000000007 13 1.5000000000000002 1.5000000000000002 14 15 16 1.5000000000000002 1.0000000180025095e-35 64.500000000000014 51.500000000000007 57.500000000000007 17 18 53.500000000000007
decision_type=9 9 9 9 9 9 9 9 9 9 9 2 9 9 2 2 9 2 2 9 9 9 2 2 2 2 2 9 9 2
left_child=1 -1 -2 4 -3 -5 -4 8 10 -9 -8 12 -11 -13 18 16 -16 -18 19 -14 -21 22 23 24 25 -17 28 -28 -23 -27
right_child=2 3 6 5 -6 -7 7 9 -10 11 -12 13 14 -15 15 21 17 -19 -20 20 -22 26 -24 -25 -26 29 27 -29 -30 -31
leaf_value=0.05451296508579561 -0.023533846080871501 0.0024046033678940424 0.035197338847691557 0.038272918545690454 0.049779444170014252 0.00086328674881946737 -0.0024219661757318013 0.056714859648675002 -0.00053336665440427596 -0.011140074407475425 0.065466213929173844 0.00018388077893202975 -0.0082929164381213265 -0.010859132988209164 -0.019895724236238546 -0.011375713588614937 0.018336163883533312 0.081590477031964592 -0.023921225363451135 -0.0012386123305291206 0.010971933651745442 0.014134150919564926 -0.021894008238659252 -0.018385585312115777 -0.0014474668119012332 0.027700241259155357 -0.013179760162223565 0.0021922472522794257 -0.0069257601349564215 0.010559635177603364
leaf_weight=117.30349342351809 85.339072539917311 181.71391652472812 12.937100220647606 25.826183963100505 40.394883726659828 20471.302189386013 27.176248885340101 37.289456482350033 24790.18109938749 431.22608732509354 80.401648564236893 476.38100301561394 666.83371929623445 909.01478553251013 50.920029143804186 66.129881717983608 139.37034317677262 27.201552954393264 93.170327466975777 1055.2378122756272 198.85987613270891 54.230840531217837 58.488667899529901 61.115942761679435 269.56531618609188 105.54817293500309 146.74717191999571 1569.2713564518194 960.71749965919253 451.26149381926894
leaf_count=46376 621773 24219 11297 57606 10487 712632 13633 9206 1343240 177744 9422 59050 24386 97027 3194 1462 2867 311 5536 35881 28241 10631 2368 5834 6404 1651 35089 68085 40128 9580
internal_value=8.2353e-05 0.00138928 -0.00074746 0.00106237 0.0127941 0.000929063 -0.000680897 -0.000705827 -0.000297071 -0.00200378 0.049569 -0.00235715 -0.00132668 -0.00713895 -0.000598743 0.000829733 0.0163816 0.0270423 -0.0034107 -0.00241588 0.00076907 -7.39081e-05 0.0040526 0.00568649 0.00733487 0.0111353 -0.00161215 0.000813664 -0.00572946 0.0138088
internal_weight=53661.2 20836.5 32824.6 20719.2 222.109 20497.1 32739.3 32726.3 24897.8 7828.58 107.578 7791.29 6405.9 1385.4 5974.67 3960.57 217.492 166.572 2014.1 1920.93 1254.1 3743.08 1012.11 953.621 892.505 622.94 2730.97 1716.02 1014.95 556.81
internal_count=3475360 851320 2624040 804944 34706 770238 2002267 1990970 1366295 624675 23055 615469 459392 156077 281648 187604 6372 3178 94044 88508 64122 181232 27299 24931 19097 12693 153933 103174 50759 11231
cat_boundaries=0 2 3 5 7 9 11 12 14 16 18 19 21 23 25 27 28 30 32 33
cat_threshold=704644170 5717028 1075314730 2147487873 17024 2147516544 32 0 8224 0 8192 4337729 45875236 20 7880740 524554 1090947328 2097153 262144 7348756 32776 4718612 557128 67108896 66 67125248 524288 335579392 67125248 16 32 2 32
is_linear=0
shrinkage=0.05


Tree=126
num_leaves=31
num_cat=18
split_feature=15 15 17 17 15 17 1 15 17 15 5 10 17 15 17 1 5 3 15 17 1 15 15 17 1 1 17 14 1 12
split_gain=19.7708 19.8389 22.9928 18.2757 11.0891 18.5823 10.9232 28.2447 9.23087 8.92329 20.5281 18.916 14.6676 17.4057 17.7932 8.75715 10.5154 8.40992 8.15574 7.85375 7.77057 15.1886 8.0208 120.872 13.8551 18.0802 13.1335 15.1901 10.7531 14.2304
threshold=0 1 2 3 4 5 6162.5000000000009 6 7 8 1.5000000000000002 1.0000000180025095e-35 9 10 11 7832.5000000000009 1.0000000180025095e-35 1.0000000180025095e-35 12 13 7140.5000000000009 14 15 16 3422.5000000000005 3660.5000000000005 17 1.0000000180025095e-35 2862.5000000000005 1.0000000180025095e-35
decision_type=9 9 9 9 9 9 2 9 9 9 2 2 9 9 9 2 2 2 9 9 2 9 9 9 2 2 9 2 2 2
left_child=-1 3 -3 -2 5 -4 9 8 15 10 11 12 -5 14 -14 -8 -17 -12 -9 -20 22 -22 26 -24 28 -26 -6 -28 -25 -30
right_child=1 2 4 6 20 -7 7 18 -10 -11 17 -13 13 -15 -16 16 -18 -19 19 -21 21 -23 23 24 25 -27 27 -29 29 -31
leaf_value=-0.022947465012024687 0.03938482733606706 0.042870115343129796 0.040860231892949607 -0.014836420896223945 -0.005901719478454262 0.0044313398100694268 -0.010650027777693373 0.0043797179540765218 -0.0054663972082058939 -0.00012407462018389592 -0.010176429710314228 0.028524247293806256 -0.00168177525796587 -0.0021532549789260252 0.056946145909159654 -0.033346822862368494 0.0049727884170861734 -0.031562387266393675 0.02406430007124466 -0.0021526175967172614 -0.0012835634078247143 0.0082070602025915134 0.052296387775097222 0.0016114126673752627 -0.0082854752834049562 0.00049372634221054982 -0.00088030672065873719 0.0027022886818443819 0.0056216760648343739 0.029739308941253536
leaf_weight=83.053270945183954 18.130865425940897 22.805150665631118 36.000269748923756 214.06889931908518 908.50900474570437 183.27120371255359 465.85584502943675 743.19592310103872 1064.0493529435371 18741.921957880899 107.34924894728829 49.393777295483233 32.099841702762205 1634.6480739818053 17.86373208368741 93.59971285553911 22.137099234216294 80.399309071841344 19.098030149850274 1880.1983726160952 739.2559406807195 973.92358308032635 106.60621137247381 3582.0521837616443 649.08654398311592 6077.4191408153583 9160.6137603083789 4370.2604117310239 1447.0185562376964 63.862245314732718
leaf_count=621773 5578 16706 42628 69479 110024 52595 31033 97421 75656 925654 25424 57453 11005 198841 1699 7981 1300 18679 1918 132649 37878 61572 36123 105201 21096 243071 176180 243876 38767 6100
internal_value=7.96592e-05 0.00011967 0.00102741 -0.000901135 0.000978559 0.0119336 -0.000945792 -0.00324467 -0.00836155 -0.000474071 -0.00352821 -0.00202296 -0.00281764 -0.00119521 0.0252808 -0.0134764 -0.0260174 -0.0193345 -2.63393e-05 -0.00176434 0.000888791 0.00415216 0.00067708 0.00163595 0.00113519 -0.000353439 -0.000115938 0.000276611 0.00310353 0.00664109
internal_weight=53587.7 53504.7 28320.7 25184 28297.9 219.271 25165.9 4288.13 1645.64 20877.7 2135.82 1948.07 1898.68 1684.61 49.9636 581.593 115.737 187.749 2642.49 1899.3 28078.6 1713.18 26365.4 11926 11819.4 6726.51 14439.4 13530.9 5092.93 1510.88
internal_count=3475360 2853587 1191817 1661770 1175111 95223 1656192 347958 115970 1308234 382580 338477 281024 211545 12704 40314 9281 44103 231988 134567 1079888 99450 980438 450358 414235 264167 530080 420056 150068 44867
cat_boundaries=0 2 4 5 7 9 11 13 14 16 18 19 20 21 22 24 26 28 29
cat_threshold=2147487873 17024 1438564916 2131227 1074266112 143937 4 0 8192 13773157 20 268730420 259 3221227556 28328448 32776 3221225856 32 3162112 19139590 27279872 36 33557570 1312772 675293504 720960 2156953636 16 848
is_linear=0
shrinkage=0.05


Tree=127
num_leaves=31
num_cat=8
split_feature=15 15 15 15 3 4 0 0 14 4 0 15 15 0 4 0 15 10 0 0 4 15 14 0 0 4 3 10 4 3
split_gain=20.601 18.0519 11.3088 4.20816 11.6286 7.25362 4.08673 3.968 3.93707 3.6079 3.18598 30.0018 10.1658 7.9145 5.55547 6.00509 5.34851 13.2535 10.6425 6.53449 7.30263 8.26868 6.03875 5.83308 5.55974 4.84487 4.34986 4.34492 4.33965 7.90349
threshold=0 1 2 3 1.0000000180025095e-35 7.5000000000000009 40.500000000000007 64.500000000000014 3.5000000000000004 6.5000000000000009 77.500000000000014 4 5 88.500000000000014 9.5000000000000018 82.500000000000014 6 1.0000000180025095e-35 75.500000000000014 56.500000000000007 5.5000000000000009 7 2.5000000000000004 58.500000000000007 75.500000000000014 3.5000000000000004 1.0000000180025095e-35 1.0000000180025095e-35 6.5000000000000009 1.0000000180025095e-35
decision_type=9 9 9 9 2 2 2 2 2 2 2 9 9 2 2 2 9 2 2 2 2 9 2 2 2 2 2 2 2 2
left_child=2 -2 7 4 5 6 9 -1 -7 -3 16 27 13 14 25 26 17 19 22 28 21 24 -19 -23 -21 -13 -16 -12 -5 -30
right_child=1 3 -4 10 -6 8 -8 -9 -10 -11 11 12 -14 -15 15 -17 -18 18 -20 20 -22 23 -24 -25 -26 -27 -28 -29 29 -31
leaf_value=0.0084118872393731565 -0.034316317445687937 0.022794270954886519 0.0011754880268128368 -0.012375361531171046 -0.011517550854359805 -0.012351238915959233 0.0058017028667249936 0.02296215391035103 0.09510182706200887 0.093717632545555124 0.0031021708506601851 -0.02532053029383995 -0.0029864708256537946 -0.022472829909888824 -0.037776825871988856 -0.0048024611308707821 -0.00016238081292668484 0.0011174099970526858 0.074668629414406287 0.003048206239294313 -0.0054466512532451543 0.029411177995630824 0.047573411392651019 -0.018868999476374566 0.02121883904310581 -0.0035413274962931176 -0.011406055353522496 0.019213081185107901 0.010471929494481419 -0.014869471194280406
leaf_weight=151.95568802283077 29.919457266370671 17.825281044154739 20927.553567950854 302.87801966087136 306.72011915680173 64.920397179712268 153.37682302013775 67.746611612766742 0.86380495147704905 1.9937042616761562 1893.9143953038854 27.250230946970532 3269.8728325107577 105.82885256430427 39.366113476963164 54.328474643773461 24124.408673086207 29.526281915274012 8.2519211432663706 428.37628289547092 674.15714059888887 6.9224910022676331 9.1670809021015867 64.983681309278836 46.685130693578685 405.71954307656688 25.943040535809814 42.794255944492761 66.444640063473344 57.302283269025793
leaf_count=61505 238182 18069 816327 45538 332879 49795 239828 39611 19063 1110 93727 3878 212192 10920 1528 2735 1079291 2939 2431 30419 51488 1794 26687 14421 2466 31857 1387 30008 6901 6384
internal_value=8.46965e-05 -0.000710334 0.00129722 -0.000668503 -0.00498354 0.00319403 0.0085626 0.012337 -0.0109403 0.0299289 -0.000592635 -0.0016448 -0.00415007 -0.00979749 -0.00754735 -0.0170845 -0.000353857 -0.00306055 0.0231176 -0.00382496 -0.00196384 0.00232885 0.0121236 -0.0124848 0.00473421 -0.00491207 -0.0273014 0.0034404 -0.00915201 -0.00126267
internal_weight=53407 32259.7 21147.3 32229.8 545.7 238.98 173.196 219.702 65.7842 19.819 31684.1 5865.02 3928.31 658.436 552.607 119.638 25819.1 1694.69 46.9453 1647.75 1221.12 546.968 38.6934 71.9062 475.061 432.97 65.3092 1936.71 426.625 123.747
internal_count=3475360 2557917 917443 2319735 660744 327865 259007 101116 68858 19179 1658991 388232 264497 52305 41385 5650 1270759 191468 32057 159411 100588 49100 29626 16215 32885 35735 2915 123735 58823 13285
cat_boundaries=0 2 4 6 8 10 12 13 14
cat_threshold=704654346 6240292 129 512 0 8192 2166362112 49544 12600128 64 268697652 2 12583424 512
is_linear=0
shrinkage=0.05


Tree=128
num_leaves=31
num_cat=6
split_feature=17 13 7 17 17 6 13 0 0 6 4 3 0 4 4 0 13 17 5 0 3 8 17 6 4 4 3 0 17 0
split_gain=1.42617 11.7842 2.23781 100.123 3.99786 7.95507 5.52649 3.59724 2.64843 2.51873 5.81566 3.58166 2.37638 2.9233 2.23086 2.79011 1.94249 20.8902 8.24302 4.7036 2.99895 3.25145 2.62934 6.81003 2.40725 1.89909 1.95402 3.07387 1.85947 2.08208
threshold=0 1.0000000180025095e-35 1.0000000180025095e-35 1 2 1.0000000180025095e-35 1.0000000180025095e-35 39.500000000000007 57.500000000000007 1.0000000180025095e-35 7.5000000000000009 1.0000000180025095e-35 65.500000000000014 8.5000000000000018 5.5000000000000009 37.500000000000007 1.0000000180025095e-35 3 1.0000000180025095e-35 60.500000000000007 1.0000000180025095e-35 1.0000000180025095e-35 4 1.0000000180025095e-35 1.5000000000000002 7.5000000000000009 1.0000000180025095e-35 33.500000000000007 5 38.500000000000007
decision_type=9 2 2 9 9 2 2 2 2 2 2 2 2 2 2 2 2 9 2 2 2 2 9 2 2 2 2 2 9 2
left_child=1 -1 4 -4 5 -2 7 14 -5 10 -10 12 13 -12 15 -7 22 18 19 28 21 24 23 -6 -21 26 27 -16 29 -18
right_child=2 -3 3 8 16 6 -8 -9 9 -11 11 -13 -14 -15 25 -17 17 -19 -20 20 -22 -23 -24 -25 -26 -27 -28 -29 -30 -31
leaf_value=0.00027180819944153941 0.053680972769090257 0.061883475937575719 0.060313624994172504 -0.0059473685145506666 0.0079062224195627501 0.0071020773248759318 0.057481652052556911 0.0011653467726147279 0.00090298926421730351 -0.0011704421852877737 0.037735823201491957 0.0042763928874467024 0.050678479693456339 0.17521275886649398 -0.035990279379557837 0.060435080850262536 0.0071595104207164478 0.042353887738563113 -0.033410249725906942 -0.080488505169092672 -0.0063155873543704463 -0.091771211486148585 -0.00038667812880948901 0.08336291106380618 -0.016882145088629594 -0.010247911032046721 0.087831552192375484 0.090272084222280002 -0.015308692929278798 -0.0021048795918707707
leaf_weight=32635.051654606017 8.3349759808597792 7.7627586312555641 58.619124292316883 328.30001843865057 16.832051037301429 23.288584222937409 4.7706398503505616 246.83825291828987 26.981348963967321 526.69306459762402 0.63235245679970631 3.1400610762066208 4.2173910576966591 0.99531630636192858 1.0419079536206926 2.7408937777779547 81.29882060043019 14.038532326474522 25.203778026094369 1.5338799114542769 103.64952029682354 1.5741255503889977 18906.691235206359 3.6360897411323085 49.209474668256007 1.1689287553793972 2.7776783285401052 0.89704920066753846 10.458909739551016 238.73174178335285
leaf_count=1293129 7781 3517 6051 45222 2566 5709 433 67904 11493 63721 341 2335 1896 481 164 697 16102 6033 14502 573 37174 3057 1806672 573 22195 356 412 183 6257 47831
internal_value=8.05592e-05 0.000286372 -0.000244107 0.00212669 -0.000358249 0.00535289 0.00412095 0.00320773 -0.00235217 -0.000296247 0.0125055 0.0473464 0.0704844 0.121803 0.019004 0.012718 -0.000446458 -0.00344469 -0.00542306 -0.0040845 -0.0112414 -0.0210003 -0.000363418 0.0143164 -0.0188049 0.0468041 0.0609434 0.0224244 -0.000706954 0.000241063
internal_weight=53337.1 32642.8 20694.3 949.579 19744.7 291.859 283.524 278.753 890.96 562.66 35.9665 8.98512 5.84506 1.62767 31.915 26.0295 19452.9 525.699 511.66 486.456 155.967 52.3175 18927.2 20.4681 50.7434 5.88556 4.71664 1.93896 330.489 320.031
internal_count=3475360 1296646 2178714 131540 2047174 83639 75858 75425 125489 80267 16546 5053 2718 822 7521 6406 1963535 153724 147691 133189 62999 25825 1809811 3139 22768 1115 759 347 70190 63933
cat_boundaries=0 2 3 4 5 6 7
cat_threshold=67533812 52 3222831106 41943040 2164293632 32768 2164260864
is_linear=0
shrinkage=0.05


Tree=129
num_leaves=31
num_cat=19
split_feature=15 17 15 17 15 15 17 17 15 4 15 17 4 6 0 6 17 15 15 17 15 0 15 4 12 5 17 13 4 15
split_gain=18.7939 114.966 17.0229 10.8183 31.0965 17.2626 10.0084 6.07004 9.59357 5.47577 5.4731 6.23941 7.09735 7.59194 8.17941 5.71646 5.34852 100.925 49.3238 27.1287 13.8563 10.9185 13.726 10.8559 10.3361 10.8727 8.28238 10.3842 6.8395 18.9661
threshold=0 1 2 3 4 5 6 7 8 9.5000000000000018 9 10 10.500000000000002 1.0000000180025095e-35 59.500000000000007 1.0000000180025095e-35 11 12 13 14 15 72.500000000000014 16 12.500000000000002 1.0000000180025095e-35 1.5000000000000002 17 1.0000000180025095e-35 7.5000000000000009 18
decision_type=9 9 9 9 9 9 9 9 9 2 9 9 2 2 2 2 9 9 9 9 9 2 9 2 2 2 9 2 2 9
left_child=1 -1 -2 4 9 -5 -4 8 -7 -3 11 12 -8 14 -14 -13 18 19 -12 -18 26 23 -23 28 25 -25 -20 -28 -22 -30
right_child=2 3 6 5 -6 7 10 -9 -10 -11 16 15 13 -15 -16 -17 17 -19 20 -21 21 22 -24 24 -26 -27 27 -29 29 -31
leaf_value=0.052971127309118342 -0.033817621890146095 -0.00027843066792164879 0.033578481598034643 0.037003974986626442 0.046987323280207889 -0.034843614285439549 -0.018039160397799188 0.00083940399671789557 0.020794597364115402 0.030099610889641457 0.054206612085877286 0.055115774916859643 -0.039816867708870281 -0.028455301333777168 0.076070728010135882 -0.001260149791254799 -0.0022686952746493513 -0.00042798107835702732 -0.012797249399235447 0.065473865364807732 0.00039275199560034798 -0.0092589881469737605 0.00071829809310488646 -0.0096586805103950138 0.066831004214177578 -0.053439656555385233 0.093971011412301977 -0.016692375378506111 -0.013355961284057286 0.00041859387703895609
leaf_weight=96.917734621516729 28.692332004223715 175.95843000516766 11.374771157861401 22.99656619316238 39.90207721296224 19.982383946187838 144.27084959478822 20431.202993461422 6.0752786118562225 16.200013207825123 29.294090923649492 4.6490723441365835 1.990778569068423 5.0898090236239559 6.4744929701073488 137.06102258388955 26.530098297701443 23913.24826068059 357.78560391716474 69.888735410698018 5091.8427754385593 883.52860440805671 566.82238298274024 38.97656509107037 3.1825102434377177 22.291175087040756 5.2873560561347386 3.5385547644473263 352.00899684733304 813.20392453894237
leaf_count=46018 238182 44488 13022 51661 20124 91549 202560 595732 16918 5277 2569 1373 653 10333 1729 336590 13635 1131613 186434 16976 259707 59544 61621 1423 342 834 148 4239 14115 45951
internal_value=8.13936e-05 0.00125441 -0.00066946 0.000986975 0.0114987 0.000862313 -0.000629788 0.000803625 -0.0197022 0.00216969 -0.000652101 -0.00727083 -0.0139079 0.0198022 0.0488174 0.000550522 -0.000588248 -0.000211949 -0.00169279 0.0483725 -0.00196028 -0.00150406 -0.00541858 -0.00060833 -0.021024 -0.0255876 -0.0113349 0.0232547 -0.00039804 -0.00385371
internal_weight=53326.3 20809.2 32517 20712.3 232.061 20480.3 32488.3 20457.3 26.0577 192.158 32477 299.536 157.826 13.5551 8.46527 141.71 32177.4 24009.7 8167.76 96.4188 8138.47 7771.86 1450.35 6321.51 64.4503 61.2677 366.612 8.82591 6257.06 1165.21
internal_count=3475360 871767 2603593 825749 69889 755860 2365411 704199 108467 49765 2352389 553238 215275 12715 2382 337963 1799151 1162224 636927 30611 634358 443537 121165 322372 2599 2257 190821 4387 319773 60066
cat_boundaries=0 2 3 5 7 9 11 12 13 15 17 19 20 22 24 25 27 29 30 32
cat_threshold=704654346 5716004 1075314730 129 512 2164293760 48 536879104 8224 0 8192 37888577 37880320 8192 1052676 2164264960 49288 528662 32 3582037384 8142944 524546 1073774848 2098193 262144 3408384 256 335560800 2 2172650760 67108864 66
is_linear=0
shrinkage=0.05


Tree=130
num_leaves=31
num_cat=15
split_feature=15 15 15 17 17 15 15 17 15 0 17 17 15 13 0 17 4 5 17 0 0 0 7 4 15 0 4 0 4 3
split_gain=21.0144 14.8404 9.89985 112.092 6.40136 49.6405 46.927 36.1965 22.4781 7.05649 7.90965 6.11181 9.56322 5.39487 5.28182 6.53882 6.15282 5.16371 4.85821 4.27799 6.30541 6.16532 4.63436 4.18491 11.9343 15.7169 12.4503 10.4169 11.3943 7.19233
threshold=0 1 2 3 4 5 6 7 8 44.500000000000007 9 10 11 1.0000000180025095e-35 64.500000000000014 12 5.5000000000000009 1.0000000180025095e-35 13 20.500000000000004 46.500000000000007 56.500000000000007 1.0000000180025095e-35 6.5000000000000009 14 22.500000000000004 11.500000000000002 22.500000000000004 7.5000000000000009 1.0000000180025095e-35
decision_type=9 9 9 9 9 9 9 9 9 2 9 9 9 2 2 9 2 2 9 2 2 2 2 2 9 2 2 2 2 2
left_child=-1 14 3 -3 5 -4 7 -6 -7 10 13 -5 -13 -10 15 -2 -17 -15 -8 -20 -21 22 -22 -14 25 -25 -27 28 -26 -29
right_child=1 2 4 11 6 8 18 -9 9 -11 -12 12 23 17 -16 16 -18 -19 19 20 21 -23 -24 24 27 26 -28 29 -30 -31
leaf_value=-0.031954212394195505 -0.00028620735719063175 0.053637380128966461 0.05636625164064471 -0.011059213267295611 0.061903595980312823 -0.013574066576883813 -0.0004430423651891743 0.0037354429720982216 0.047621772827504731 -0.0027155645648984776 0.00044719689173337114 0.032659672568593361 8.937346869306064e-05 0.015060675978586822 0.019896531443147177 0.031058196879104018 -0.0011043909924774186 -0.062420161578256778 -0.081194693205735427 0.070345026109067829 0.041082978051448366 0.044282084096556873 -0.053572886867602046 0.086383675945947105 -0.070186641309571987 -0.0010150363485943079 -0.017606118112078295 0.0047445268417494538 0.027417004161356312 0.0011788476363005726
leaf_weight=41.225233506220718 143.96884005659786 90.187674407627668 25.294735118168319 101.48066355552291 45.908373945346739 446.40026117613797 29008.204399698727 66.569774538219065 13.013552855307351 2265.5116909169074 362.4287424909453 13.36358616992112 12686.971644074056 81.387479781318689 109.33092527276972 45.547876380592584 22.077812691318456 2.2087260210682862 0.85442487710446613 7.2685004989087956 1.8647790642875159 6.9912833857768533 4.2180873192014587 5.0377919100574209 9.7501248405606002 1820.4539719754248 120.5644572522524 2637.5453007802935 4.3128277860814697 3049.2466393568593
leaf_count=429006 43653 26734 3808 164025 5188 210098 1618645 29826 988 166150 20014 13899 339965 6804 68895 42171 9708 432 230 9711 12917 51858 498 40 86 81978 5461 54461 46 58391
internal_value=5.51966e-05 8.59925e-05 1.99291e-05 0.000878146 -0.000525253 -0.00264601 -0.000291823 0.0305928 -0.00329247 -0.00156442 0.00408279 0.000619351 0.000683001 0.0160174 0.0106413 0.0063621 0.0179097 0.0130135 -0.000421983 0.0193016 0.0330108 0.012255 -0.0245549 0.000645943 0.00157019 -0.00180737 -0.00204558 0.00272156 -0.0402535 0.00283262
internal_weight=53239.2 53198 52877 20538.9 32338.1 3196.25 29141.9 112.478 3170.95 2724.55 459.039 20448.7 20347.2 96.6098 320.925 211.595 67.6257 83.5962 29029.4 21.1971 20.3427 13.0741 6.08287 20333.9 7646.91 1946.06 1941.02 5700.85 14.063 5686.79
internal_count=3475686 3046680 2882253 745086 2137167 408294 1728873 35014 404486 194388 28238 718352 554327 8224 164427 95532 51879 7236 1693859 75214 74984 65273 13415 540428 200463 87479 87439 112984 132 112852
cat_boundaries=0 2 4 6 7 9 11 13 15 17 18 19 21 22 24 26
cat_threshold=4225 33408 0 12288 33711114 6228004 1736746 3557147982 32 1627687232 2097168 137887748 266 9963552 20 7340560 16640 2147483656 39850641 8192 2084 3223488000 26740768 20 33554442 393216
is_linear=0
shrinkage=0.05


Tree=131
num_leaves=31
num_cat=14
split_feature=15 15 15 17 17 15 15 17 15 17 0 6 0 3 17 15 15 17 0 4 0 0 4 3 5 0 10 4 4 0
split_gain=17.2458 14.2251 9.12902 107.803 6.50346 43.6833 35.9652 60.7347 22.1886 6.61029 6.3484 5.32494 4.86906 5.7339 4.6119 9.13767 4.5165 8.79832 8.56051 7.91944 12.2445 15.3659 8.51684 6.06007 6.46 10.2224 5.96248 4.95981 6.55853 4.79581
threshold=0 1 2 3 4 5 6 7 8 9 45.500000000000007 1.0000000180025095e-35 29.500000000000004 1.0000000180025095e-35 10 11 12 13 59.500000000000007 4.5000000000000009 59.500000000000007 61.500000000000007 7.5000000000000009 1.0000000180025095e-35 1.5000000000000002 78.500000000000014 1.0000000180025095e-35 5.5000000000000009 7.5000000000000009 63.500000000000007
decision_type=9 9 9 9 9 9 9 9 9 9 2 2 2 2 9 9 9 9 2 2 2 2 2 2 2 2 2 2 2 2
left_child=-1 -2 3 -3 5 -4 7 -6 -7 -8 11 -10 13 -13 -5 -16 19 -18 -19 -12 22 27 -21 24 -20 -26 -23 -22 -29 -25
right_child=1 2 4 14 6 8 9 -9 10 -11 16 12 -14 -15 15 -17 17 18 23 20 21 26 -24 29 25 -27 -28 28 -30 -31
leaf_value=-0.03018897068584725 0.010540426549299431 0.0531904821003698 0.052957193377827255 -0.0096947908101473815 0.00029429582684576549 -0.013848845479107839 -0.00043061935470999719 0.063695177952457896 0.00047789437469512039 0.022778896085038837 0.0013772014057332376 -0.034751896447530496 0.017972972219424937 0.010306797032756811 0.032193858986064125 0.00060966668370145832 0.03423084658033914 -0.0077678935047677923 -0.0042904871027379951 0.0078358406243147407 -0.010779043813421327 -0.013265692934348185 -0.022528140006623974 0.01527587825310656 0.019012509226628466 -0.010369781624597126 0.053345895158869075 -0.073722676031925338 -0.025430017115820887 0.0024289829888761807
leaf_weight=37.064340401692618 313.72409392053964 87.873893910205013 24.978028179281978 98.476826834311851 111.71388426621331 418.75387489665536 28515.049856403901 50.264595656788629 372.78039665665506 20.717243014885753 203.2133793958875 10.547521536062961 95.444355230099291 21.356128450104734 12.933635896304168 20770.009826120418 7.2215453078206338 431.87842296388249 635.12345698664603 105.91876092356711 7.6213927960335459 203.77229603315732 29.533460720687344 92.461355497072418 79.525336914623949 47.154877745191243 3.4157584409113033 19.068274513410874 11.136501040891742 338.95576837652789
leaf_count=373814 164427 27185 5338 165089 42287 253077 1642190 11365 20060 7658 19631 892 7341 2336 13899 575695 630 26937 43760 6335 491 19052 2907 4291 4958 2223 4906 812 714 25386
internal_value=6.44279e-05 9.11928e-05 2.71546e-05 0.000837087 -0.000506054 -0.00265544 -0.000268546 0.0225283 -0.00326554 -0.000405795 -0.00158906 0.00349337 0.0123205 -0.00458985 0.000591417 0.000644796 -0.00274328 -0.00135877 -0.0017253 -0.00648091 -0.0108484 -0.0175177 0.0012154 0.000447317 -0.00223417 0.00807538 -0.0121675 -0.0468225 -0.0559172 0.00518233
internal_weight=53177.7 53140.6 52826.9 20969.3 31857.6 3159.86 28697.7 161.978 3134.88 28535.8 2716.13 500.128 127.348 31.9036 20881.4 20782.9 2216 1632.32 1625.1 583.68 380.466 245.014 135.452 1193.22 761.804 126.68 207.188 37.8262 30.2048 431.417
internal_count=3475686 3101872 2937445 781868 2155577 452077 1703500 53652 446739 1649848 193662 30629 10569 3228 754683 589594 163033 108185 107555 54848 35217 25975 9242 80618 50941 7181 23958 2017 1526 29677
cat_boundaries=0 2 4 6 7 9 11 13 14 16 18 19 21 23 24
cat_threshold=4225 512 0 12288 33713162 6228004 1736746 3556885854 32 1627685184 2098193 142082052 266 56889345 7340560 49536 9967648 20 39850641 8192 2084 268435460 2 2147483648
is_linear=0
shrinkage=0.05


Tree=132
num_leaves=31
num_cat=10
split_feature=15 15 15 14 15 4 15 15 4 16 15 4 0 0 15 14 12 10 4 7 0 4 0 9 0 4 15 6 0 0
split_gain=17.446 12.9191 9.1951 6.5486 11.9903 11.8992 34.6186 10.6351 10.5643 12.5475 9.24405 10.4691 13.2008 9.17298 8.74372 13.3773 8.73746 12.8981 8.71803 14.8476 11.8902 11.1447 10.6783 10.0831 7.83156 7.16434 17.6014 6.99143 16.7732 6.48356
threshold=0 1 2 1.0000000180025095e-35 3 2.5000000000000004 4 5 8.5000000000000018 6 7 8.5000000000000018 58.500000000000007 61.500000000000007 8 1.5000000000000002 1.0000000180025095e-35 1.0000000180025095e-35 4.5000000000000009 1.0000000180025095e-35 59.500000000000007 1.5000000000000002 81.500000000000014 1.0000000180025095e-35 22.500000000000004 6.5000000000000009 9 1.0000000180025095e-35 36.500000000000007 34.500000000000007
decision_type=9 9 9 2 9 2 9 9 2 9 9 2 2 2 9 2 2 2 2 2 2 2 2 2 2 2 9 2 2 2
left_child=-1 -2 -3 4 -4 6 24 -5 14 13 25 -12 -13 -10 16 -16 -9 -18 19 21 23 -17 -22 -21 -6 -7 -27 28 -8 -20
right_child=1 2 3 7 5 10 27 8 9 -11 11 12 -14 -15 15 18 17 -19 29 20 22 -23 -24 -25 -26 26 -28 -29 -30 -31
leaf_value=-0.030288824784156582 0.010162811480216128 -0.0010084741055818498 -0.0013046622750935745 0.00029944966621948439 -0.04086067652197449 0.00032132861306417718 0.023303228060587135 0.0097414345103074909 0.0047596743870834089 0.009769800287631197 0.00084105732890024762 0.013807173592252898 0.0025766938513632699 -0.008927131813729533 0.00077982451187310828 -0.062083768488939532 0.0010408740849585985 -0.059918820042574386 -0.04584551607544235 0.02462259922673983 0.06815173391395217 0.0095894698783891216 -0.089031564711694114 -0.099694739276712407 -0.0041998175720833223 -0.0010902531344245704 -0.012610027338680087 0.016467996077184539 -0.0023081740233832147 0.0052110504962274038
leaf_weight=37.267028457185745 307.13731512664083 14948.115461333991 10404.477517002711 7785.2894916416344 15.087204723743524 4166.7990204194784 96.957252171195591 1060.2635823436581 167.84748380331348 172.32336769167114 6351.1685108678348 366.98674366428918 911.74196612427181 452.29977524575088 1857.0849455603825 5.6773210040888662 182.79555565078272 9.1096291553474185 6.37341595967166 64.773203600401757 24.934045766884086 121.39466687973641 1.1294574365019787 1.6731942308833812 422.84669657684259 1848.9211284368437 395.82120269609754 441.15656060223034 187.65936817038278 254.98518454859868
leaf_count=438936 164427 1485991 253563 457373 559 61753 3954 64996 4525 20376 166230 9336 32809 17201 62666 3646 19362 10771 1560 5827 2364 40005 486 897 11944 22312 23228 17426 8470 62693
internal_value=7.43101e-05 0.000101339 4.0813e-05 0.00045616 2.51194e-06 0.000897244 0.0057565 0.00141132 0.00337803 -0.00183928 0.000495165 0.00166992 0.00579977 -0.00513982 0.00453906 0.00269299 0.00790141 -0.00185285 0.0101364 0.0174808 0.0327188 0.00638725 0.0613402 0.0214922 -0.00534086 -0.00090402 -0.0031826 0.012356 0.00641658 0.003966
internal_weight=53070.1 53032.8 52725.7 37777.6 25609.6 15205.1 1163.71 12168 4382.66 792.471 14041.4 7629.9 1278.73 620.147 3590.19 2338.03 1252.17 191.905 480.94 219.582 92.5099 127.072 26.0635 66.4464 437.934 6411.54 2244.74 725.773 284.617 261.359
internal_count=3475686 3036750 2872323 1386332 611584 358021 42353 774748 317375 42102 315668 208375 42145 21726 275273 180144 95129 30133 117478 53225 9574 43651 2850 6724 12503 107293 45540 29850 12424 64253
cat_boundaries=0 2 4 6 8 10 12 14 16 18 20
cat_threshold=2147487873 512 0 12288 1844478580 2147722 268962058 524368 148480 5242880 33956864 5439509 285212960 2 33816576 327681 18698 2048 33554432 327680
is_linear=0
shrinkage=0.05


Tree=133
num_leaves=31
num_cat=21
split_feature=15 15 15 17 17 15 15 4 15 17 15 15 17 17 0 15 17 15 4 0 15 0 4 17 4 4 15 15 15 5
split_gain=15.2905 11.604 9.05137 27.8984 13.6386 13.6537 11.99 11.8192 16.4236 14.3514 26.4535 14.8633 34.9054 12.1952 8.87772 14.48 8.44822 9.75902 7.81167 7.76157 7.4827 6.99124 6.89675 7.70378 6.28877 6.14637 37.1519 12.2159 11.1608 26.2302
threshold=0 1 2 3 4 5 6 2.5000000000000004 7 8 9 10 11 12 87.500000000000014 13 14 15 2.5000000000000004 87.500000000000014 16 18.500000000000004 1.5000000000000002 17 8.5000000000000018 2.5000000000000004 18 19 20 1.5000000000000002
decision_type=9 9 9 9 9 9 9 2 9 9 9 9 9 9 2 9 9 9 2 2 9 2 2 9 2 2 9 9 9 2
left_child=-1 -2 7 -4 5 18 -6 8 13 10 20 12 -11 -3 -13 -16 17 -10 -5 -20 24 -19 23 -23 -9 26 -8 -28 29 -27
right_child=1 2 3 4 6 -7 25 9 16 11 -12 14 -14 -15 15 -17 -18 21 19 -21 -22 22 -24 -25 -26 28 27 -29 -30 -31
leaf_value=-0.021100934743895128 0.0096776003598630801 0.044604909156542027 0.045681717054118255 -0.040364179801126783 0.032457423297273275 0.034960526637535572 0.01354318775226509 -0.012728768936942098 -0.020417671167131446 0.060231936219044546 0.047650018191447416 -0.0004428300785068131 0.0012385401062295943 0.0043630779334861494 -0.01414591309231842 0.0069452464112766373 0.0062851374699386389 -0.069559118432955286 -0.0040868499791949378 -0.020329402155628156 -0.0050597914214925606 -0.017711426521361165 -0.0039994060300097218 0.0039052159968156162 -0.036397781708629971 -0.00039584491639139757 -0.010441215773919149 0.0011505947296079591 0.0010458867394683375 -0.012256636149699265
leaf_weight=75.079916906507663 305.21295473672382 14.010911068791756 24.282513762489032 16.240685372465919 19.782375200732218 11.182492638549659 622.51976617464243 155.91468406674539 126.43998126552469 24.858773939778985 12.651325986909795 17830.912342342526 102.4537179192543 124.46795017664925 82.23889928763856 761.8209837443992 116.25355153914029 4.3198937089582605 907.44534006731556 80.036800475361815 814.27636146722216 186.7767569719017 993.25595506250625 54.090153830258032 34.223798726845416 5813.6322554619246 256.24795915502136 1544.9689298577437 21348.82320310525 506.77134586000648
leaf_count=645945 164427 1109 7801 10110 43504 20689 30718 70964 26745 1553 1030 952672 38613 38642 7730 61053 14657 201 143884 9206 131298 27517 70202 2912 12618 273159 17948 68172 537470 43137
internal_value=7.87905e-05 0.00011282 5.54817e-05 0.000599574 0.000549746 -0.00512309 0.000742578 -0.000735023 -0.00484214 -0.000399766 -0.00615501 -8.51301e-05 0.0163051 0.0111645 -0.000205533 0.00480497 -0.00637105 -0.00748691 -0.00591013 -0.00540333 -0.00729577 -0.00601376 -0.00584005 -0.0134303 -0.0161402 0.000710954 0.00312555 -0.000547043 0.0004997 -0.00134472
internal_weight=52971.2 52896.1 52590.9 31151.9 31127.7 1014.91 30112.7 21439 1619.62 19819.4 1017.07 18802.3 127.312 138.479 18675 844.06 1481.14 1364.88 1003.72 987.482 1004.41 1238.44 1234.12 240.867 190.138 30093 2423.74 1801.22 27669.2 6320.4
internal_count=3475686 2829741 2665314 1205798 1197997 183889 1014108 1459516 181985 1277531 215910 1061621 40166 39751 1021455 68783 142234 127577 163200 153090 214880 100832 100631 30429 83582 970604 116838 86120 853766 316296
cat_boundaries=0 2 4 6 7 8 10 12 14 16 18 20 22 23 25 27 29 31 32 34 36 38
cat_threshold=2147487873 49792 0 12288 1844478836 2098506 163880 38294145 24576 1050677 8192 2084 136314948 1282 3221258504 32 7340564 330 7340036 258 9961504 16 1050880 48 1032 2500921386 20 32816 8 2097664 256 2165377024 33554432 393217 671746 4194304 33818632 131073
is_linear=0
shrinkage=0.05


Tree=134
num_leaves=31
num_cat=15
split_feature=15 15 17 15 17 3 17 16 15 15 5 15 0 17 15 0 0 0 17 15 0 0 0 0 17 0 0 0 0 6
split_gain=16.8343 10.5795 12.1182 8.55113 27.5642 12.793 17.7561 35.7526 18.5358 15.3399 22.8416 12.4924 11.7087 16.7377 10.4369 27.8727 32.8367 10.1879 9.38317 15.0978 9.30208 16.8145 12.1275 14.2917 13.1417 10.4359 14.3909 16.5764 10.3911 8.8744
threshold=0 1 2 3 4 1.0000000180025095e-35 5 6 7 8 1.5000000000000002 9 31.500000000000004 10 11 30.500000000000004 28.500000000000004 42.500000000000007 12 13 43.500000000000007 40.500000000000007 52.500000000000007 63.500000000000007 14 38.500000000000007 36.500000000000007 33.500000000000007 88.500000000000014 1.0000000180025095e-35
decision_type=9 9 9 9 9 2 9 9 9 9 2 9 2 9 9 2 2 2 9 9 2 2 2 2 9 2 2 2 2 2
left_child=-1 2 -2 4 -3 6 7 -6 -8 10 12 -10 13 -7 17 16 -16 29 19 -5 21 25 -22 -24 28 26 27 -14 -25 -9
right_child=1 3 -4 18 5 9 8 14 11 -11 -12 -13 20 -15 15 -17 -18 -19 -20 -21 22 -23 23 24 -26 -27 -28 -29 -30 -31
leaf_value=-0.02999294951936728 0.036422494116599563 0.043334819904991266 0.005275147728094013 -0.0053534066468805108 0.05138552474640417 0.013143452970671814 -0.016671836615928592 0.019629385895547798 0.037954494764013712 -0.0036578025664005497 -0.01822993936733321 -0.0024999324979764238 0.019295253937007314 -0.017032778249869585 0.0072501771974200803 0.005943759474338936 -0.092728036929361046 -0.00022912615113712898 0.00064361758724846597 0.03638908263840842 -0.0072467255173062784 0.030122324478157991 0.0098607594133269024 -0.0071601155750101748 0.0050166193897036712 -0.015441826511006616 0.033667626024097216 -0.019735588274365383 0.025244708264773243 0.0019590417772915917
leaf_weight=36.494504665242061 25.609719875409837 25.251367837849955 373.69067021771411 919.53234204926684 25.720717633608729 56.5984850800196 243.13687984259468 122.22272976035401 9.3794728421053133 6146.6924425356929 148.34054909406041 1488.7595953098107 55.960090289570871 157.71038959092948 17.16841807897049 1485.8365100721128 15.744234780152963 5480.6138527724788 33485.003004392267 12.413655527680815 315.3323499556318 84.456592191625532 575.90633529250317 509.52877859742512 646.53527782430319 53.175755072377797 46.033222942744032 52.93524895212613 26.001348020348814 169.72168256584428
leaf_count=470042 29291 8118 226261 117612 3056 4487 106365 4647 1792 593641 14337 106073 2486 8277 1167 134317 776 380204 1069242 25028 21479 4751 35595 28851 48963 3192 2490 3352 2618 17176
internal_value=8.0006e-05 0.000106465 0.00811389 4.38807e-05 -0.000840275 -0.000926592 0.000394765 0.00147501 -0.00412928 -0.00227625 0.000846353 -0.00199667 0.00194638 -0.00924479 0.00122881 0.00490335 -0.0405758 0.000255233 0.000505343 -0.00441698 0.00296011 0.0113063 0.00178239 0.00340197 0.00025523 0.00367006 0.0102298 0.000321923 -0.00548437 0.00935674
internal_weight=52811.5 52775 399.3 52375.7 17958.8 17933.5 9058.3 7317.03 1741.28 8875.21 2728.51 1498.14 2580.17 214.309 7291.31 1518.75 32.9127 5772.56 34416.9 931.946 2365.86 292.561 2073.3 1757.97 1182.07 208.104 154.929 108.895 535.53 291.944
internal_count=3475686 3005644 255552 2750092 1538210 1530092 755573 541343 214230 774519 180878 107865 166541 12764 538287 136260 1943 402027 1211882 142640 153777 16271 137506 116027 80432 11520 8328 5838 31469 21823
cat_boundaries=0 2 4 5 7 9 10 11 13 15 17 19 21 22 24 25
cat_threshold=2147487873 640 0 14368 9963776 1844478516 2147658 12743297 4 18350114 1409289216 542114340 1280 201327136 1280 1090551808 2097152 2164261124 16 1098940944 2097152 40387216 24584 1048597 2147485956
is_linear=0
shrinkage=0.05


Tree=135
num_leaves=31
num_cat=11
split_feature=16 17 16 17 17 1 4 17 1 1 16 1 4 1 7 14 4 17 1 16 17 6 14 1 12 14 17 1 9 1
split_gain=9.86987 10.8298 5.28229 155.902 22.9662 5.88965 9.27398 17.0978 27.8714 18.8314 11.4557 10.9863 13.785 12.947 16.8625 12.283 10.3731 11.5336 10.9408 7.74825 20.6035 10.5126 7.53072 6.91553 6.5058 8.85145 6.41607 9.82127 8.45872 7.93223
threshold=0 1 2 3 4 3080.5000000000005 7.5000000000000009 5 2756.5000000000005 2862.5000000000005 6 1122.5000000000002 10.500000000000002 1260.5000000000002 1.0000000180025095e-35 1.0000000180025095e-35 4.5000000000000009 7 1190.5000000000002 8 9 1.0000000180025095e-35 1.0000000180025095e-35 3906.5000000000005 1.0000000180025095e-35 2.5000000000000004 10 2862.5000000000005 1.0000000180025095e-35 2756.5000000000005
decision_type=9 9 9 9 9 2 2 9 2 2 9 2 2 2 2 2 2 9 2 9 9 2 2 2 2 2 9 2 2 2
left_child=1 -1 4 -4 -2 6 10 8 11 -10 22 12 -8 14 -13 -15 -12 18 -18 20 21 -7 -6 -22 -11 -26 -19 29 -29 -28
right_child=2 -3 3 -5 5 19 7 -9 9 24 16 13 -14 15 -16 -17 17 26 -20 -21 23 -23 -24 -25 25 -27 27 28 -30 -31
leaf_value=0.035432917320168254 0.038839264691045157 0.0051546100360007497 0.060337914481850621 0.00024392819537888931 0.0058133896774158538 0.078754060191835867 0.03650752940491836 -0.00047397308830055603 0.046503813088490609 0.010580610332811517 -0.0033302065901606582 0.093707417527060674 -0.079573459896264187 0.0079788745298751389 -0.074340244577163414 -0.012082380235544553 -0.060818822650767525 -0.00035871732986559213 -0.0086470641704366746 -0.00079627978119101118 -0.0034351995846696238 0.0066673166500138886 -0.0018014886879626612 -0.017308875167549767 0.078538805669039244 -0.090633717743788783 0.0043653955571647486 0.014431939907763742 0.082164228953007901 -0.011657108858766384
leaf_weight=23.62436539458696 27.108991351113559 366.74584595632592 98.4737043488675 21468.072951467922 1117.2954130337696 5.2348520630621342 37.776983176587237 866.48463450933548 73.323045747192737 103.37004056229671 2861.332678817987 1.7475985578639637 2.7432676763710324 301.07979184985811 10.238176008919254 102.20025821209799 10.742621836458055 1373.8595744969102 155.60375296981181 21733.670568527446 133.00363497645901 149.32674977092961 457.67174888222235 276.66006307548912 6.627173037355532 0.87533231951238111 831.17829794105944 149.20544812824915 4.756439207681864 85.160057340243384
leaf_count=31628 46434 163517 20806 963480 57289 142 491 63326 905 1272 223734 22 41 3131 94 2098 765 99448 7484 1240835 58767 166151 85737 204397 64 177 26548 4198 1070 3003
internal_value=5.5613e-06 0.00782622 -5.41333e-05 0.000546157 -0.00047344 -0.000520558 0.00059471 0.00415556 0.0102705 0.0268447 -0.000166529 0.00379775 0.0286487 0.00137288 -0.0498379 0.0028949 -0.00124854 0.00102836 -0.0113349 -0.000948598 -0.00668325 0.0085553 0.00357786 -0.0124995 0.0138436 0.0588011 0.00190836 0.00479481 0.0165244 0.00287634
internal_weight=52835.2 390.37 52444.8 21566.5 30878.3 30851.2 8553.27 1506.47 639.982 184.196 7046.81 455.786 40.5203 415.266 11.9858 403.28 5471.84 2610.51 166.346 22297.9 564.225 154.562 1574.97 409.664 110.873 7.50251 2444.16 1070.3 153.962 916.338
internal_count=3477054 195145 3281909 984286 2297623 2251189 580897 71621 8295 2418 509276 5877 532 5345 116 5229 366250 142516 8249 1670292 429457 166293 143026 263164 1513 241 134267 34819 5268 29551
cat_boundaries=0 1 2 4 6 8 9 10 12 14 16 18
cat_threshold=16777224 9961760 39616387 1 1605632 20 1078076103 32 8652832 1574018 16777504 16 33555586 1 26476600 4 2156920848 4
is_linear=0
shrinkage=0.05


Tree=136
num_leaves=31
num_cat=15
split_feature=15 15 17 15 15 17 14 14 15 11 15 17 14 15 10 17 0 17 4 10 4 15 4 17 15 8 4 9 0 0
split_gain=12.0693 9.9289 11.7538 20.319 17.4758 12.7604 10.1049 9.65564 11.6828 12.0656 8.74637 24.2754 8.07028 7.90395 10.9318 7.30658 7.28559 20.5315 7.04838 7.36299 6.89623 6.53247 6.50935 15.7377 9.69936 11.0011 10.0785 13.669 6.53189 6.46226
threshold=0 1 2 3 4 5 1.0000000180025095e-35 1.5000000000000002 6 1.0000000180025095e-35 7 8 2.5000000000000004 9 1.0000000180025095e-35 10 29.500000000000004 11 11.500000000000002 1.0000000180025095e-35 4.5000000000000009 12 7.5000000000000009 13 14 1.0000000180025095e-35 3.5000000000000004 1.0000000180025095e-35 53.500000000000007 63.500000000000007
decision_type=9 9 9 9 9 9 2 2 9 2 9 9 2 9 2 9 2 9 2 2 2 9 2 9 9 2 2 2 2 2
left_child=-1 2 3 -2 5 -4 16 22 18 12 11 -3 -10 14 -14 21 17 20 19 -9 -6 -12 23 -8 25 26 27 -25 -26 -18
right_child=1 10 4 -5 6 -7 7 8 9 -11 15 -13 13 -15 -16 -17 29 -19 -20 -21 -22 -23 -24 24 28 -27 -28 -29 -30 -31
leaf_value=-0.030107534497494693 -0.0134574834163717 0.041150287076902041 0.056877202943245664 0.041580105196059383 -0.020715657968107596 0.0050881869417866779 0.013620702971902668 0.0028386760112473924 -0.0058657457541861505 0.022044411044763863 -0.034547160073828652 0.0024543417383690973 -0.020232221887864395 0.00087185875973240035 -0.061657806857005018 0.00037109499688055839 -0.00032210560785188059 0.0022204184085661801 -0.055382775400868778 0.025995499707476617 -0.050130018867914732 0.017639091683357602 -0.0011558689721089031 -0.018210162448388734 0.0088824433953819566 -0.041467533863158115 0.0017028927011084511 0.075896023103581456 0.0017913469098485976 -0.003119406050585707
leaf_weight=23.271137520111211 299.26927372653273 39.499599870414215 14.132863996463129 8.5735518304026055 87.750084023100499 42.409424598037731 322.33114256772751 210.40391810711617 491.04692927522626 33.319119724405482 20.481614923768348 250.44447931703928 70.191142795646556 43.39119019629095 20.599219832523886 39080.468405556552 3906.7235025014843 156.58989322568414 4.6692249682819229 41.019243761389816 25.781033806189953 4.8656851189889521 1084.967747754285 118.45574654591803 444.55002817658033 19.322967094134128 322.76734072402462 3.9886352544468755 1205.1045029920092 4378.7676247434201
leaf_count=238302 221908 68514 280 798 2264 14154 10309 156818 43824 25343 98965 63273 43958 85990 35616 1565833 201256 9451 2364 115954 708 20075 49931 26225 19039 3465 53804 746 52850 245037
internal_value=-2.44405e-06 1.65409e-05 -0.00116106 -0.0106647 -0.000928848 0.0246351 -0.00105897 0.000876755 -0.00370041 -0.00716409 0.000415969 0.00892214 -0.00883522 -0.0197022 -0.0266913 0.000350637 -0.00206389 -0.0101447 0.00528008 0.00661667 -0.0251775 -0.0223733 0.00206559 0.00350008 0.00188375 -0.00443806 -0.0029306 -0.0151446 0.00367995 -0.00180044
internal_weight=52775.2 52751.9 13356.1 307.843 13048.3 56.5423 12991.7 4436.13 914.64 658.548 39395.8 289.944 625.228 134.182 90.7904 39105.8 8555.61 270.121 256.092 251.423 113.531 25.3473 3521.49 2436.52 2114.19 464.535 445.212 122.444 1649.65 8285.49
internal_count=3477054 3238752 1422092 222706 1199386 14434 1184952 726236 509867 234731 1816660 131787 209388 165564 79574 1684873 458716 12423 275136 272772 2972 119040 216369 166438 156129 84240 80775 26971 71889 446293
cat_boundaries=0 2 4 6 8 9 11 13 15 17 19 20 21 23 25 27
cat_threshold=129 512 2246087456 6342024 2147782912 32 2153775616 16648 6291456 1572864 16 25170432 2097408 0 10240 14559588 20 33056 8 37896832 2082 24576 1052677 8388642 16 25169952 4243584
is_linear=0
shrinkage=0.05


Tree=137
num_leaves=31
num_cat=14
split_feature=16 17 16 17 16 3 1 14 3 1 16 17 17 17 16 1 5 1 4 16 1 17 16 13 1 17 4 1 14 1
split_gain=8.78012 17.795 4.05327 11.8492 12.1638 5.52133 13.8329 4.5506 3.62154 3.51245 3.40967 149.967 19.6545 3.86744 10.7461 6.33792 9.18546 5.52432 5.29519 4.02121 3.4974 10.9831 14.9274 12.1118 11.9956 8.67012 8.34173 6.968 6.15236 5.63188
threshold=0 1 2 3 4 1.0000000180025095e-35 6806.5000000000009 3.5000000000000004 1.0000000180025095e-35 462.50000000000006 5 6 7 8 9 3540.5000000000005 1.5000000000000002 3192.5000000000005 4.5000000000000009 10 3080.5000000000005 11 12 1.0000000180025095e-35 870.50000000000011 13 12.500000000000002 1722.5000000000002 1.5000000000000002 3906.5000000000005
decision_type=9 9 9 9 9 2 2 2 2 2 9 9 9 9 9 2 2 2 2 9 2 9 9 2 2 9 2 2 2 2
left_child=1 -1 3 8 5 6 7 -5 -2 -7 12 -12 -4 14 -14 16 17 -16 -19 -15 21 23 24 -21 -23 29 -26 -28 -29 -22
right_child=2 -3 10 4 -6 9 -8 -9 -10 -11 11 -13 13 19 15 -17 -18 18 -20 20 25 22 -24 -25 26 -27 27 28 -30 -31
leaf_value=0.03928086318552123 -0.0079327485175078385 0.0037615787463353752 0.039060472616816756 0.00054126543088287059 0.043916821036689715 0.38113468008112594 0.077079456042726771 0.16398466058723324 -0.023041156022666171 -0.012352629374104293 0.059022907859473887 0.00012945636459050537 0.030457150187839691 0.026218524568817892 -0.0052209393405757334 -0.0017566151251558815 -0.04778702054524455 -0.0071446217424950666 -0.043504035662837372 -0.00028359443707654707 0.0011690834199768062 -0.014485549869838727 0.033565678571952098 0.065049987673918036 0.0056392160985902209 -0.00063430251161269795 -0.071684959662934408 0.059705566449109251 -0.096574160569533302 -0.018200757620159876
leaf_weight=29.209496266096835 77.562738120485278 429.56026773766996 21.459132741845167 61.331891197477717 7.7868529619471465 0.056770403914014334 6.7468297410700862 0.42884474915444926 81.175286669043317 56.944731049270104 98.540810853548123 26286.736709298293 11.48945388308948 4.1911767766905541 147.635426204547 337.36161737792554 17.280288993958493 19.166001261832207 20.969204930427622 5200.4503013422718 54.489498409428052 75.795112923525039 37.259374159575714 7.1034188559642635 660.0862267597696 18864.713887657872 1.2263684811478004 13.655092116234297 0.66021036708116376 120.54740669661624
leaf_count=43679 130620 183737 15290 67963 501 175 9152 26365 138157 97479 22101 980694 3292 213 27666 66426 2536 2597 2848 313773 9127 15603 6268 908 76612 1205775 78 277 25 27117
internal_value=3.32879e-07 0.00681278 -6.07245e-05 -0.00583621 0.00504498 -0.000429619 0.0091021 0.00167616 -0.0147309 -0.0119607 -2.71738e-05 0.000371683 -0.000438001 -0.00048636 -0.0045821 -0.00586222 -0.0129029 -0.00969254 -0.0261411 -0.000393968 -0.000408889 0.000644004 0.00610298 -0.000194103 0.00431829 -0.000740694 0.00649171 0.042699 0.0524981 -0.0115131
internal_weight=52751.6 458.77 52292.9 292.034 133.296 125.509 68.5076 61.7607 158.738 57.0015 52000.8 26385.3 25615.5 25594.1 553.902 542.413 205.051 187.771 40.1352 25040.2 25036 5996.24 788.682 5207.55 751.423 19039.8 675.628 15.5417 14.3153 175.037
internal_count=3477054 227416 3249638 470412 201635 201134 103480 94328 268777 97654 2779226 1002795 1776431 1761141 105365 102073 35647 33111 5445 1655776 1655563 413544 98863 314681 92595 1242019 76992 380 302 36244
cat_boundaries=0 1 3 5 6 7 8 10 12 14 15 16 18 19 20
cat_threshold=25198600 9963872 4 33564673 1 2165051668 33554432 6051202 1605632 20 1078342342 32 268550400 16 528640 128 77070336 4 1312002 2056
is_linear=0
shrinkage=0.05


Tree=138
num_leaves=31
num_cat=18
split_feature=15 15 17 17 17 16 15 3 17 15 15 17 15 4 4 8 17 15 4 0 15 4 15 17 4 17 4 4 0 0
split_gain=11.3765 8.65964 120.385 26.8266 9.8904 64.9407 20.536 10.0091 8.36882 31.5856 28.2455 21.7544 8.32936 7.86524 7.27981 6.473 26.6008 9.82225 8.80286 7.0663 8.96877 6.29444 11.0607 7.28685 6.24933 5.88884 5.80896 5.67509 7.22053 7.60446
threshold=0 1 2 3 4 5 6 1.0000000180025095e-35 7 8 9 10 11 9.5000000000000018 4.5000000000000009 1.0000000180025095e-35 12 13 1.5000000000000002 22.500000000000004 14 4.5000000000000009 15 16 3.5000000000000004 17 7.5000000000000009 8.5000000000000018 43.500000000000007 25.500000000000004
decision_type=9 9 9 9 9 9 9 2 9 9 9 9 9 2 2 2 9 9 2 2 9 2 9 9 2 9 2 2 2 2
left_child=-1 3 -3 -2 5 -4 -6 -7 10 11 12 26 14 -14 -5 19 -17 18 -18 20 -8 22 25 24 -24 -21 -10 28 29 -19
right_child=1 2 4 8 6 7 15 -9 9 -11 -12 -13 13 -15 -16 16 17 27 -20 21 -22 -23 23 -25 -26 -27 -28 -29 -30 -31
leaf_value=-0.029590028368078749 0.043095378005659976 0.054424535067991879 0.056330461927037612 0.0020728577922521107 0.038203798489293728 -0.007054373601534371 0.036885186991305698 0.0064579691738870159 -0.0049375390224128488 -0.00059105246229097287 0.042111795949179714 0.062882274012445769 -0.017254350305569016 0.0082653023361048197 -0.0073499266655789944 0.046129194163227125 -0.086239100025951115 -0.010329652805626309 -0.0067884892195293218 -0.025615862446513704 0.0046855592960160794 0.00056439483715695874 0.040007260531747219 -0.00082846452676268274 -0.008675091234035202 -0.0066092076975597103 0.040302221737546176 0.018262348484834441 -0.00069925546203934762 0.032709353854857473
leaf_weight=22.46664865924788 25.041919838775868 93.69225320609803 49.635359773798086 341.30720301970666 25.666123360079837 216.3684986088017 14.127888991526561 373.83411648345714 33.466162597098446 25018.655042969815 21.441556952915334 25.692932912939 241.12191876048428 34.514568381419849 513.15566307384518 27.933415078605663 3.5761334151684414 14.35782266981357 138.84316194569055 42.135404133314296 337.57375058216712 16986.478576212477 23.148788916138983 7410.4343767963855 9.2169701325765327 347.37264427851784 9.0050535883128742 86.936414463455321 204.83065035423579 35.988243610634072
leaf_count=238302 9705 49221 18093 45548 59695 37139 493 57834 12023 1717125 22935 2735 163123 12797 62235 6703 489 500 25744 20156 8467 569706 5179 212558 2587 58268 3110 11558 40598 2428
internal_value=-1.60858e-06 1.66151e-05 0.000655224 -0.000626345 0.000443451 0.00653571 0.000289344 0.00147928 -0.000684475 -0.000492139 -0.00483431 0.0312437 -0.00608658 -0.0135666 -0.0035446 0.0002366 0.00579975 0.0024717 -0.00820721 0.000123429 0.00716101 2.37011e-05 -0.00114894 -0.000711331 0.0199728 -0.00925499 0.00376746 0.00702409 0.00347058 0.0204354
internal_weight=52728 52705.6 26442.2 26263.4 26348.5 639.838 25708.6 590.203 26238.4 25086.8 1151.54 68.1641 1130.1 275.636 854.463 25683 512.466 484.532 142.419 25170.5 351.702 24818.8 7832.31 7442.8 32.3658 389.508 42.4712 342.113 255.177 50.3461
internal_count=3477054 3238752 1187416 2051336 1138195 113066 1025129 94973 2041631 1734993 306638 17868 283703 175920 107783 965434 88020 81317 26233 877414 8960 868454 298748 220324 7766 78424 15133 55084 43526 2928
cat_boundaries=0 2 4 5 6 8 10 12 14 16 18 19 21 23 25 26 28 29 30
cat_threshold=129 512 3320877864 6342107 1835008 1086464577 2502018066 32 2975859488 2 0 532480 2485502226 32 7340040 8 7340552 49482 16780428 8 330 0 4 402784326 131072 33554432 537411664 4128 1073872928 1073872904
is_linear=0
shrinkage=0.05


Tree=139
num_leaves=31
num_cat=13
split_feature=15 15 17 15 17 15 17 15 15 17 14 12 15 0 5 15 4 4 0 15 14 3 0 0 10 0 10 0 0 4
split_gain=10.2153 8.52112 16.2637 18.0286 7.60429 6.46327 9.67116 12.5049 10.0837 29.9205 9.82659 13.7618 21.7065 9.79013 9.68239 9.02934 15.9786 9.29735 8.67994 8.61425 9.06474 8.20846 10.1487 10.5049 7.33372 7.16809 6.34818 6.14176 5.89954 5.66913
threshold=0 1 2 3 4 5 6 7 8 9 1.0000000180025095e-35 1.0000000180025095e-35 10 42.500000000000007 1.5000000000000002 11 4.5000000000000009 6.5000000000000009 50.500000000000007 12 2.5000000000000004 1.0000000180025095e-35 64.500000000000014 58.500000000000007 1.0000000180025095e-35 23.500000000000004 1.0000000180025095e-35 32.500000000000007 20.500000000000004 4.5000000000000009
decision_type=9 9 9 9 9 9 9 9 9 9 2 2 9 2 2 9 2 2 2 9 2 2 2 2 2 2 2 2 2 2
left_child=-1 2 -2 4 -4 6 7 -3 9 -8 -10 15 -13 14 29 16 21 19 -15 20 28 -12 23 -23 -20 -18 -24 -19 -17 -14
right_child=1 5 3 -5 -6 -7 8 -9 10 -11 11 12 13 18 -16 17 25 27 24 -21 -22 22 26 -25 -26 -27 -28 -29 -30 -31
leaf_value=-0.01917445053807262 -0.0015638668027413084 -0.01264979137905247 0.003922130007584161 0.047113719159909924 0.032925767837033222 0.00029051120338998782 -0.0013563015386627807 0.033957506854407855 -0.0019382543944585482 0.057289520021884012 -0.0043723808147505287 0.0075764807466011516 0.014425393260356068 -0.033790810936210586 0.063037314349615042 0.095084444322135739 -0.10232677203654601 -0.037659291977611864 -0.0094465978932001624 0.0037034233532172501 -0.033883605476362426 -0.025140415960119174 -0.010571078900185034 -0.072482802245208561 -0.04096420909411827 0.0029741770455037394 0.076919907034076904 0.00062638396737368365 0.013019082706342378 -0.023636060786748288
leaf_weight=59.333472472124953 264.39227141243174 256.00755760088396 149.23345761730386 33.220845360257556 18.908774998064843 39157.273742387559 84.530207410503863 6.3169977737998115 8299.6435628623367 20.206353953649511 106.69442944394962 228.51545247709566 27.781664534863353 45.726768498286219 7.3766666269621046 2.20165083048414 1.62249637628497 10.559315196305986 408.28576063313676 1219.9684596366676 10.365443249564121 45.392699600128367 45.440886448984315 15.794453615745963 19.330705585609849 412.43906135594227 2.1724225295668012 1314.23708998033 412.87072216715524 15.101178836171583
leaf_count=486013 166921 135478 28398 31228 49143 1602031 32766 321 362925 1413 34897 70440 5535 10026 909 55 95 443 60106 144948 8796 11712 12346 4365 44898 93877 5156 59699 9537 2577
internal_value=5.08786e-06 3.03422e-05 0.00669159 0.0170923 0.00884898 -3.03913e-05 -0.000995083 -0.0103217 -0.000795352 0.013965 -0.00092848 0.000995169 -0.00515608 -0.0106542 0.0101241 0.00228038 -0.00313521 0.00342728 -0.0130855 0.00594894 0.0120185 -0.0142267 -0.0238903 -0.0373611 -0.0108714 0.00256156 -0.00657918 0.000321227 0.0134544 0.00102207
internal_weight=52700.9 52641.6 465.755 201.363 168.142 52175.9 13018.6 262.325 12756.3 104.737 12651.5 4351.88 752.118 523.603 50.2595 3599.76 629.556 2970.2 473.343 1645.41 425.438 215.495 108.8 61.1872 427.616 414.062 47.6133 1324.8 415.072 42.8828
internal_count=3477054 2991041 275690 108769 77541 2715351 1113320 135799 977521 34179 943342 580417 194491 124051 9021 385926 162448 223478 115030 163336 18388 68476 33579 16077 105004 93972 17502 60142 9592 8112
cat_boundaries=0 2 4 5 7 8 10 12 14 16 17 19 21 23
cat_threshold=2147483777 17024 24576 14340 1078100625 0 8192 2535805962 98603776 6325512 2147516672 32 6291968 264 6291456 256 17039360 8393216 4194304 25169920 4227072 256 1032
is_linear=0
shrinkage=0.05


Tree=140
num_leaves=31
num_cat=16
split_feature=16 17 17 17 16 16 17 0 16 17 10 16 0 17 14 17 16 17 17 16 5 0 0 0 0 0 0 0 3 0
split_gain=7.0551 36.2904 6.67265 5.79333 15.4275 6.00284 4.40886 3.95571 3.94694 32.6146 10.0007 24.3047 9.4767 8.55518 6.18902 6.15816 15.5664 5.97341 5.75843 18.188 7.12902 11.4321 15.791 13.6323 12.0831 11.3167 16.289 9.5453 9.45846 7.58745
threshold=0 1 2 3 4 5 6 87.500000000000014 7 8 1.0000000180025095e-35 9 29.500000000000004 10 1.0000000180025095e-35 11 12 13 14 15 1.0000000180025095e-35 54.500000000000007 52.500000000000007 57.500000000000007 63.500000000000007 62.500000000000007 61.500000000000007 74.500000000000014 1.0000000180025095e-35 51.500000000000007
decision_type=9 9 9 9 9 9 9 2 9 9 2 9 2 9 2 9 9 9 9 9 2 2 2 2 2 2 2 2 2 2
left_child=1 -1 -2 5 -5 -3 7 -7 13 -10 -11 -12 -13 -4 18 16 -16 -14 19 -15 27 22 29 28 25 26 -25 -20 -23 -22
right_child=2 3 8 4 -6 6 -8 -9 9 10 11 12 17 14 15 -17 -18 -19 20 -21 21 23 -24 24 -26 -27 -28 -29 -30 -31
leaf_value=0.045636955205083235 0.028968429222087689 0.026575897801947253 0.028898089724033838 0.0031026556418388591 0.042584777325801432 0.00082391512024654128 -0.019018688758716224 -0.015926996302677975 0.045525935372160382 0.00043294265832645272 0.010407443442034016 -0.08542780801521653 -0.014415162455701826 0.042103036290113513 0.0017341847266810831 -0.0013745774115247506 0.041871049625887356 0.0019464997712547061 -0.0039269790800763706 -0.00081422306247680768 0.006217275800585613 -0.050332128122858082 0.045804250667059856 0.010834706401694552 -0.01466502343934057 0.038315524716301286 -0.042670697078794353 0.0047847660426037454 0.016314105710622275 -0.028178629412895118
leaf_weight=41.142358521420519 9.9934876894135396 9.7104836133844685 14.619104724401721 163.0988363735778 20.45281500028068 490.16010771638116 23.836965400508575 37.974721750065783 29.954269146385457 34707.790560701018 154.23783097703745 4.4281366421342332 340.17934714082224 14.763855117689673 3516.5313968817254 2147.4627978433891 14.374657450406628 71.108241823145363 1463.5921006674248 8470.7989924872745 55.99448802298059 34.167260129739134 20.341365235820376 54.110071455053628 276.36639136135517 21.102198613568135 19.297567796314297 400.45786429762575 6.3062266239221563 22.46617763444965
leaf_count=59231 25539 26592 35226 39646 9447 67238 159508 4916 10571 1131263 25638 1472 148159 3329 676998 368411 1426 21610 131378 466098 3839 922 761 2217 15295 741 686 37916 534 549
internal_value=0.000160459 0.00483087 8.87056e-05 0.00200363 0.00947495 -0.000560948 -0.00150276 -0.000373462 7.75568e-05 0.000376198 0.000324971 -0.00624438 -0.0123752 -0.000559299 -0.000602785 0.00073448 0.00201537 -0.0118895 -0.00130257 -0.000690081 -0.00347412 -0.00872602 0.0065463 -0.0123943 -0.00938737 0.00604559 -0.00323092 -0.00205542 -0.0399479 -0.00363154
internal_weight=52656.8 786.376 51870.4 745.234 183.552 561.682 551.972 528.135 51860.5 35307.7 35277.7 569.954 415.716 16552.8 16538.1 5678.37 3530.91 411.288 10859.8 8485.56 2374.2 510.152 98.802 411.35 370.876 94.5098 73.4076 1864.05 40.4735 78.4607
internal_count=3477156 366578 3110578 307347 49093 258254 231662 72154 3085039 1338713 1328142 196879 171241 1746326 1711100 1046835 678424 169769 664265 469427 194838 25544 5149 20395 18939 3644 2903 169294 1456 4388
cat_boundaries=0 2 4 5 6 7 8 9 11 13 14 16 17 18 19 21 22
cat_threshold=25395212 2 10225952 20 1078067841 1078072017 98312 8 1073741905 1178887555 1 32832 20 608 2449414 32 1572904 33833216 2157447426 60296264 4 1073741952
is_linear=0
shrinkage=0.05


Tree=141
num_leaves=31
num_cat=17
split_feature=16 17 4 16 17 17 4 16 17 17 17 16 0 16 0 5 0 5 4 17 16 16 17 10 3 0 16 17 3 0
split_gain=6.47901 15.323 4.43314 3.95257 44.0124 13.4906 8.48296 15.5848 13.0144 10.1011 8.44468 35.7053 8.38627 8.31806 20.092 15.2521 11.5999 10.5971 7.07342 46.142 52.2112 25.3491 30.5716 12.2681 11.3484 11.5453 10.1902 9.15258 9.10173 13.3625
threshold=0 1 8.5000000000000018 2 3 4 3.5000000000000004 5 6 7 8 9 78.500000000000014 10 31.500000000000004 1.5000000000000002 79.500000000000014 1.5000000000000002 4.5000000000000009 11 12 13 14 1.0000000180025095e-35 1.0000000180025095e-35 79.500000000000014 15 16 1.0000000180025095e-35 87.500000000000014
decision_type=9 9 2 9 9 9 2 9 9 9 9 9 2 9 2 2 2 2 2 9 9 9 9 2 2 2 9 9 2 2
left_child=1 2 -1 5 -5 -2 7 8 -7 -9 11 -8 -10 14 17 -16 -17 -12 19 20 23 24 -23 28 -20 -26 -21 -28 -6 -30
right_child=3 -3 -4 4 18 6 10 9 12 -11 13 -13 -14 -15 15 16 -18 -19 21 26 -22 22 -24 -25 25 -27 27 -29 29 -31
leaf_value=-0.00077769410287651308 0.033338358533965551 0.038084278890479058 0.025126570185074401 0.05034486966505565 0.0033614671324413122 0.036904392475375129 0.00095591809582320499 0.017102936418051922 -0.00070592711640241751 -0.0055470362082058258 -0.02610101257464232 0.051152714155593908 0.009740000275368324 -0.0012850164064515442 0.011946480661743898 -0.012495062870704602 0.024681497085260108 -0.13223546744802364 -0.010467935802196474 -0.0093505400598866573 0.054951799354043013 0.047851266211999692 0.0003437659837569535 -0.062549782891722333 0.00099021546635982643 -0.012472442737620562 0.024040286644141783 0.00031984908833625854 0.013360099401049225 -0.013955284403586439
leaf_weight=139.44251188398005 19.661530011871378 27.99818900575471 18.735212834407321 34.240035772364877 574.34071106060401 14.925088885065632 9012.354715452002 41.325144109146208 1630.9201918103431 2348.4581966198866 6.517806619582414 25.576211181069084 217.79729429408098 9640.4241172094153 374.309240847409 132.43873214749783 24.932424773960065 3.6796063490983215 774.76048314383047 264.76594439513968 52.17008340648681 23.931443898605721 17381.472857992725 6.1678048289031713 676.29417180308064 208.30134986127359 30.877000794479528 8158.6520238208932 724.73852003013781 47.720902186872991
leaf_count=30126 47378 66872 4485 18973 30845 1535 758677 18629 140167 335320 492 2555 18769 795857 34602 7078 1976 114 59443 67388 11877 5682 638051 6165 44635 16163 7853 274569 29054 1826
internal_value=0.000153836 0.00922357 0.00215432 0.000119862 0.00051073 -0.000361944 -0.000404355 -0.00242505 0.00100867 -0.00508573 4.26124e-05 0.00115435 0.000521884 -0.000944383 0.00502923 0.00645541 -0.00660515 -0.0643983 0.000434358 0.00152179 0.00987735 -0.000127787 0.000436525 0.00774886 -0.00601339 -0.00217992 0.000121241 0.000438492 0.00812834 0.0116726
internal_weight=52637.9 186.176 158.178 52451.8 28958.4 23493.3 23473.7 4253.43 1863.64 2389.78 19220.2 9037.93 1848.72 10182.3 541.878 531.68 157.371 10.1974 28924.2 9859.43 1405.14 19064.8 17405.4 1352.97 1659.36 884.596 8454.29 8189.53 1346.8 772.459
internal_count=3477156 101483 34611 3375673 1212524 2163149 2115771 514420 160471 353949 1601351 761232 158936 840119 44262 43656 9054 606 1193551 429577 79767 763974 643733 67890 120241 60798 349810 282422 61725 30880
cat_boundaries=0 1 2 4 6 8 9 10 12 13 14 15 16 18 19 20 22 23
cat_threshold=8 2518734480 1179415939 1 557056 20 1078354567 32 67113346 8390912 16814184 4 11534336 38293504 4718592 2148532224 143886340 2 1083392 2148532224 16844864 2 1090719913
is_linear=0
shrinkage=0.05


Tree=142
num_leaves=31
num_cat=15
split_feature=16 17 16 17 17 17 16 0 0 4 0 16 14 17 16 4 14 17 4 10 16 6 16 4 17 17 14 0 10 6
split_gain=6.45632 21.1053 3.70786 27.0771 11.2471 10.6649 40.3195 18.5715 10.7926 10.0438 8.30999 27.8353 7.7459 9.46364 11.2974 9.07361 10.0009 7.42835 6.5018 6.25115 9.22312 5.937 5.88243 13.6593 26.4724 12.9436 8.99375 6.37212 5.53924 6.01975
threshold=0 1 2 3 4 5 6 74.500000000000014 31.500000000000004 4.5000000000000009 79.500000000000014 7 1.0000000180025095e-35 8 9 10.500000000000002 2.5000000000000004 10 1.5000000000000002 1.0000000180025095e-35 11 1.0000000180025095e-35 12 2.5000000000000004 13 14 2.5000000000000004 31.500000000000004 1.0000000180025095e-35 1.0000000180025095e-35
decision_type=9 9 9 9 9 9 9 2 2 2 2 9 2 9 9 2 2 9 2 2 9 2 9 2 9 9 2 2 2 2
left_child=1 -1 4 -4 -2 6 7 8 9 -5 19 -12 -6 14 -14 18 28 -13 -16 22 -21 -22 23 24 -7 -24 27 -25 29 -17
right_child=2 -3 3 5 12 10 -8 -9 -10 -11 11 17 13 -15 15 16 -18 -19 -20 20 21 -23 25 26 -26 -27 -28 -29 -30 -31
leaf_value=0.041060622522529906 0.031441998516199762 0.0023575108489422665 0.043636841220750941 0.0065926259813472391 -0.0011671427170419737 -0.017953521901409173 0.052978800613228599 0.01725122586479751 -0.0009706908354570748 -0.075287388192622082 -0.0067075931670487424 0.033210792814785693 0.038170757840400943 -0.001114480571236754 -0.015776216363662422 0.015677570227865572 -0.059500496946052452 0.0016760774588837559 0.0030679844636985615 -0.025192509254387232 -0.0053022262598561559 0.012397473651940055 0.036203558875141151 0.019856731391781259 0.017564373537319246 0.00025068623059399498 0.018827897258653366 0.001065087010748123 0.050299586400333475 -0.013264485301078916
leaf_weight=30.521600627911369 17.675274528601449 303.02067581907795 26.255985627868853 6.1513943207337425 13285.548940604262 56.665182332670156 34.431825053239891 167.22055801352326 371.29149701696042 9.5748996183610853 1671.2440923844085 8.9269570910400926 12.237401160997193 3218.8141062818609 46.358790367632992 21.637878960092621 9.5466784519157937 2032.7562366894265 3628.4103920402763 42.469378763691282 310.29660241693483 55.915260349083837 15.064292797349708 45.515805395930329 289.45146817931254 21594.50542737982 73.659740876553769 5088.1238720846968 4.1565972732532819 105.88273017829852
leaf_count=39712 45280 89696 16426 2754 769279 6737 11883 18808 46188 820 81714 2257 1108 544493 26101 1283 4886 127933 639481 30169 51984 36811 5630 2407 16554 658239 35846 158380 222 4075
internal_value=0.000159178 0.00699126 0.000114205 0.000450574 -0.000413023 0.000401324 0.00701217 0.00326818 -0.00268909 -0.0432597 0.000274729 -0.00194582 -0.000456158 0.00088359 0.00255981 0.00234614 -0.0100847 0.00197516 0.00283026 0.000573858 -0.00556397 -0.00253063 0.000666205 0.0021161 0.0117382 0.000292484 0.0014806 0.0012317 -0.00650208 -0.00835356
internal_weight=52583.3 333.542 52249.8 31899.5 20350.3 31873.3 588.67 554.238 387.018 15.7263 31284.6 3712.93 20332.6 7047.04 3828.23 3815.99 141.224 2041.68 3674.77 27571.7 408.681 366.212 27163 5553.42 346.117 21609.6 5207.3 5133.64 131.677 127.521
internal_count=3477156 129408 3347748 1311540 2036208 1295114 80453 68570 49762 3574 1214661 211904 1990928 1221649 677156 676048 10466 130190 665582 1002757 118964 88795 883793 219924 23291 663869 196633 160787 5580 5358
cat_boundaries=0 2 4 6 8 10 11 12 13 14 15 16 17 18 19 20
cat_threshold=32776 2 10103149 52 1178891651 1 1073774592 20 1113940614 32 2148007936 9111556 1572964 1048616 1145046146 1048672 2149056512 1050724 17056040 96
is_linear=0
shrinkage=0.05


Tree=143
num_leaves=31
num_cat=9
split_feature=15 15 3 5 15 15 0 10 15 0 15 0 6 4 15 0 0 3 0 0 0 15 0 0 0 0 4 0 15 0
split_gain=11.4674 9.13573 8.32419 7.79351 43.5091 24.0718 8.60036 7.81094 22.2872 14.0339 7.54891 8.15099 7.06163 6.80973 22.5519 6.70242 6.07821 8.26991 21.778 14.8897 20.1431 34.8626 22.3817 21.0373 23.2235 17.0711 13.8588 13.5696 13.2847 19.2614
threshold=0 1 1.0000000180025095e-35 1.5000000000000002 2 3 73.500000000000014 1.0000000180025095e-35 4 30.500000000000004 5 73.500000000000014 1.0000000180025095e-35 1.5000000000000002 6 46.500000000000007 61.500000000000007 1.0000000180025095e-35 47.500000000000007 29.500000000000004 41.500000000000007 7 50.500000000000007 50.500000000000007 48.500000000000007 45.500000000000007 7.5000000000000009 60.500000000000007 8 49.500000000000007
decision_type=9 9 2 2 9 9 2 2 9 2 9 2 2 2 9 2 2 2 2 2 2 9 2 2 2 2 2 2 9 2
left_child=2 -2 10 7 6 -6 -5 13 -9 -10 11 12 -1 14 -3 -4 17 18 -7 -19 -21 22 25 24 -23 26 -22 -24 -20 -30
right_child=1 3 15 4 5 16 -8 8 9 -11 -12 -13 -14 -15 -16 -17 -18 19 28 20 21 23 27 -25 -26 -27 -28 -29 29 -31
leaf_value=0.01755933766705188 -0.0002427559111871227 -0.015908697543853923 -0.028880421662147871 -0.022304481547709781 0.0297546708388443 -0.019490075132753401 -0.0042243838213439347 -0.017773466765821616 -0.085893951523486278 0.01833142252818961 -0.024173591238925884 0.021619072723176796 -0.0076218425372872505 0.00080626431156398067 0.013894328884112461 -0.0092086373976140497 0.0025757691912118969 -0.034158153182798211 0.017536420429269804 0.044517702607942078 -0.05248094879207419 -0.0012555906966289388 0.013726479443742529 0.011296944813771659 0.073084643918341449 -0.06741121665071674 0.047069664242091719 -0.083147341302321293 0.056320882109584837 -0.021987616013383903
leaf_weight=35.879442729687526 34063.173140801358 72.935707972019017 52.111429841473694 147.09744724219945 109.1908963109463 75.123336368742116 118.97216829499598 168.91277920890764 3.3649903324214838 80.371899749769568 18.356857695308406 47.421474660404272 124.27768057933349 15731.097450864461 285.58942684457941 256.06728971378385 627.52274761858996 14.217470447891172 181.71144311073158 57.875454993007224 6.4132368197424494 14.28025549764652 54.220352992281732 65.572079265521097 39.744618295610053 24.229240594775547 7.6858431027703773 3.8731038664009239 9.2585983580047451 51.70779085804611
leaf_count=7729 1613187 11691 62052 22992 4590 4718 12082 63943 384 42802 179163 74829 189866 692207 45381 390629 38840 683 3852 1443 202 1032 1492 3744 628 577 90 178 430 5720
internal_value=0.000162852 0.000238314 -0.00705829 0.0011508 0.00447201 0.00811578 -0.0137049 0.000824576 -0.00789869 0.0126343 9.96548e-05 0.00325401 -0.00198059 0.000961554 0.00777524 -0.012535 0.00597629 0.00959673 0.0040349 0.0157317 0.0183214 0.0113029 -0.0111435 0.0279911 0.0534345 -0.0419566 0.00178716 0.00726788 0.0113173 -0.00867282
internal_weight=52548.3 52014.1 534.114 17951 1608.7 1342.63 266.07 16342.3 252.65 83.7369 225.935 207.579 160.157 16089.6 358.525 308.179 1233.44 605.913 317.801 288.112 273.894 216.019 96.4218 119.597 54.0249 38.3283 14.0991 58.0935 242.678 60.9664
internal_count=3477156 2572888 904268 959701 103293 68219 35074 856408 107129 43186 451587 272424 197595 749279 57072 452681 63629 24789 14720 10069 9386 7943 2539 5404 1660 869 292 1670 10002 6150
cat_boundaries=0 2 4 6 8 10 12 14 16 18
cat_threshold=2706378881 49800 1317962546 3277138 2113600 265217 4 4194304 3148 599041 22024192 49160 1028 4722720 0 77824 1032 589824
is_linear=0
shrinkage=0.05


Tree=144
num_leaves=31
num_cat=16
split_feature=16 17 0 16 17 17 4 16 17 0 4 17 16 16 17 0 4 3 0 0 10 16 17 17 4 17 12 0 14 17
split_gain=6.45405 16.734 4.25097 3.65521 52.4541 12.1331 9.95516 17.3759 12.0319 9.52606 8.41212 39.1486 45.6134 18.534 23.1097 12.3246 9.60423 8.49068 10.3317 8.60511 7.10535 7.02533 16.9338 14.1692 7.35791 6.97615 6.79974 6.83294 6.76825 5.92606
threshold=0 1 78.500000000000014 2 3 4 3.5000000000000004 5 6 78.500000000000014 4.5000000000000009 7 8 9 10 71.500000000000014 2.5000000000000004 1.0000000180025095e-35 79.500000000000014 43.500000000000007 1.0000000180025095e-35 11 12 13 1.5000000000000002 14 1.0000000180025095e-35 87.500000000000014 3.5000000000000004 15
decision_type=9 9 2 9 9 9 2 9 9 2 2 9 9 9 9 2 2 2 2 2 2 9 9 9 2 9 2 2 2 9
left_child=1 -1 -3 5 -5 -2 7 8 -7 -10 11 12 15 17 -15 16 -6 19 -19 -12 -17 23 -23 -9 -24 -11 27 -27 -18 -8
right_child=3 2 -4 4 10 6 29 21 9 25 13 -13 -14 14 -16 20 28 18 -20 -21 -22 22 24 -25 -26 26 -28 -29 -30 -31
leaf_value=0.039056687668454486 0.032198245690676641 -2.8415986416047695e-05 0.018815739227452388 0.05139873231213915 0.019165084618218031 0.036078192404298187 0.0010744280179912731 -0.022238886698695129 -0.00068080439840034193 -0.0012041510536371569 -0.038047560871914916 0.00028190463300674671 0.053178004337039876 0.043157663958026768 0.00021526560649249728 0.0016135758259757755 0.0072363441385363443 0.00094439161763632527 -0.012181111566262413 -0.0082252678171594977 -0.06676345998926321 0.022340428075324759 -0.015555559672524652 0.030892246839384942 -0.0045304036892033018 0.02765612600949971 -0.043036827138444617 0.0025163744159864341 0.074897816437183781 -0.00061590961328350752
leaf_weight=27.649239601255658 18.680101782581602 197.76779192541059 35.264283648166185 40.585188687101315 253.25896689408 14.308492038049733 9010.3096032376852 108.9538755135618 1616.5134427966123 90.415456926543243 25.019278212998188 8223.2056320520041 47.385503959045309 21.395004413938295 15394.538939087017 490.85392767972917 626.15661380335405 676.64349277045767 192.60224482727062 728.73205744385905 3.8289498133490261 47.403530192681842 162.94443934735182 6.6443917551823679 2123.0595896891964 91.434486286094625 4.3914050309787163 38.371727155641111 3.7179608153928703 12185.769536097476
leaf_count=39637 47496 66906 12198 22489 17310 1535 761274 21651 140167 6123 2883 327651 12791 16133 567472 17124 26550 51464 18360 61373 2469 18888 46951 288 271372 7279 2414 2953 7920 878035
internal_value=0.000162115 0.00786297 0.00270707 0.000122164 0.000530718 -0.00030578 -0.000342203 -0.00253458 0.00112137 0.000656273 0.000434136 0.00161398 0.00923307 -0.000233702 0.000302802 0.00734944 0.010942 -0.00529887 -0.00196388 -0.00921516 0.00108432 -0.00528742 -0.0046388 -0.0169685 -0.00529311 0.0103083 0.0168955 0.0202246 0.00763573 0.000102858
internal_weight=52507.8 260.681 233.032 52247.1 26727.9 25519.2 25500.5 4304.44 1855.44 1841.13 26687.3 9648.41 1425.2 17038.9 15415.9 1377.82 883.134 1623 869.246 753.751 494.683 2449.01 2333.41 115.598 2286 224.613 134.198 129.806 629.875 21196.1
internal_count=3477156 118741 79104 3358415 1151989 2206426 2158930 519621 160471 158936 1129500 411815 84164 717685 583605 71373 51780 134080 69824 64256 19593 359150 337211 21939 318323 18769 12646 10232 34470 1639309
cat_boundaries=0 2 4 6 8 10 11 12 13 14 15 16 17 19 20 22 23
cat_threshold=8 2 10103149 52 1179416003 1 557088 20 1078354567 32 67113346 8390912 3222274048 143886340 9472000 3226468352 1088 83925096 4 335546408 557088 20 11534336
is_linear=0
shrinkage=0.05


Tree=145
num_leaves=31
num_cat=15
split_feature=15 15 17 15 5 0 15 17 15 0 4 0 6 17 15 15 17 13 15 15 5 6 0 15 4 4 0 4 15 0
split_gain=11.4326 9.11596 20.5299 65.6023 21.4071 24.206 17.1991 21.4118 11.7399 11.6938 7.85175 6.33029 5.92018 5.46467 22.5649 21.6035 13.3096 13.0737 8.56487 7.14907 9.77769 18.749 9.88606 8.83782 7.32215 6.54446 6.18195 5.35872 9.75945 16.1543
threshold=0 1 2 3 1.5000000000000002 37.500000000000007 4 5 6 78.500000000000014 4.5000000000000009 64.500000000000014 1.0000000180025095e-35 7 8 9 10 1.0000000180025095e-35 11 12 1.5000000000000002 1.0000000180025095e-35 37.500000000000007 13 8.5000000000000018 6.5000000000000009 63.500000000000007 8.5000000000000018 14 63.500000000000007
decision_type=9 9 9 9 2 2 9 9 9 2 2 2 2 9 9 9 9 2 9 9 2 2 2 9 2 2 2 2 9 2
left_child=-1 13 3 4 8 -6 7 -4 -3 -7 -10 -12 -9 14 -2 17 -16 -15 25 -18 23 22 -22 24 -21 -17 -25 -20 29 -29
right_child=1 2 6 -5 5 9 -8 12 10 -11 11 -13 -14 15 16 18 19 -19 27 20 21 -23 -24 26 -26 -27 -28 28 -30 -31
leaf_value=-0.029746618846447595 -0.0077213399631458155 -0.001297200637601215 -0.0023620026431871218 0.054559341030888477 -0.081781202735126401 -0.012573134921900351 0.00031920494617051711 0.051586402369746188 0.029969826272595885 0.022715195134290822 0.0017979604119532249 0.016206572202260874 0.098960828407671869 0.061111723076221869 0.040435033625509306 0.00097996881155623401 -0.0020459030028801592 0.014552849014319616 -0.00038996532394892436 -0.0055472476319739896 0.070649886886085894 -0.012870516850854413 0.016579088443436526 0.016769688675457309 0.0040518003707658871 0.0073712646438336658 0.0021168201732829298 -0.0072664528816622906 -0.0048091061078393629 0.0066871865172977319
leaf_weight=22.200199713770047 1340.7906646317779 206.01578180556558 43.90145237755678 60.59897904710806 11.398886901883115 134.50456697436221 30544.139459805163 22.237773975781039 63.434214108241576 28.440543936802186 122.94642861334592 200.6107995804357 9.3745999592538301 22.194202546833367 10.031063500732671 1879.1347181658066 2473.1841936327055 47.022445194688771 10387.092816116236 555.50069728244762 8.8678788342476746 60.441884902465972 180.91937927472463 120.26300591328391 309.27100254771358 509.0282380358467 179.29564659607649 329.39752512415498 1947.8151360702509 560.14354992763765
leaf_count=269648 392761 62112 23377 18218 533 10511 1296679 66309 6949 2848 8812 17441 467 11660 2039 189477 176577 14457 694069 27538 217 8353 8267 9759 8399 44795 23360 4400 63110 12934
internal_value=3.71577e-05 5.54536e-05 0.000593442 0.00831514 0.00400827 -0.0113415 0.000382002 0.0227749 0.0085887 -0.00641389 0.0135353 0.0107315 0.0498622 -0.00075315 -0.00214998 -0.000285461 -0.000218643 0.0257602 -0.000417346 -0.000427007 0.00239793 0.0113819 0.0191056 0.00048776 -0.00209014 0.00233248 0.00774105 -0.000915317 -0.00284177 0.00150325
internal_weight=52390.2 52368 31447.6 827.95 767.351 174.344 30619.7 75.5138 593.007 162.945 386.991 323.557 31.6124 20920.4 5238.57 15681.8 3897.77 69.2166 15612.6 3887.74 1414.56 250.229 189.787 1164.33 864.772 2388.16 299.559 13224.4 2837.36 889.541
internal_count=3476076 3206428 1514256 127424 109206 13892 1386832 90153 95314 13359 33202 26253 66776 1692172 657270 1034902 264509 26117 1008785 262470 85893 16837 8484 69056 35937 234272 33119 774513 80444 17334
cat_boundaries=0 2 4 6 8 10 11 13 15 17 19 20 22 24 25 27
cat_threshold=129 640 3050345308 2670874 2148040744 32 1075849216 4465764 2097152 8192 17039360 2105344 8192 3232535834 36 2169504268 49424 5242952 524552 1074004224 8388612 16402 8388928 524298 32784 536870928 2097152
is_linear=0
shrinkage=0.05


Tree=146
num_leaves=31
num_cat=9
split_feature=15 15 15 0 15 0 0 3 15 5 15 0 0 0 0 15 4 15 0 0 0 0 15 13 3 0 3 3 8 0
split_gain=10.8351 8.0805 6.29149 5.4387 14.0334 14.21 20.4482 16.8604 12.0892 10.798 35.7675 25.2208 34.1268 22.4949 10.0742 7.66321 7.30904 12.6622 12.8202 13.3421 12.5092 10.4292 9.63429 7.1166 6.83667 6.35032 21.1812 9.0529 5.94343 5.94289
threshold=0 1 2 58.500000000000007 3 30.500000000000004 28.500000000000004 1.0000000180025095e-35 4 1.5000000000000002 5 48.500000000000007 49.500000000000007 42.500000000000007 41.500000000000007 6 7.5000000000000009 7 35.500000000000007 57.500000000000007 24.500000000000004 37.500000000000007 8 1.0000000180025095e-35 1.0000000180025095e-35 30.500000000000004 1.0000000180025095e-35 1.0000000180025095e-35 1.0000000180025095e-35 50.500000000000007
decision_type=9 9 9 2 9 2 2 2 9 2 9 2 2 2 2 9 2 9 2 2 2 2 9 2 2 2 2 2 2 2
left_child=-1 3 -3 4 5 6 -2 -8 -5 16 13 28 15 14 25 -13 22 18 20 21 -18 -20 -6 -10 -21 26 -11 -27 -12 -14
right_child=1 2 -4 8 9 -7 7 -9 23 10 11 12 29 -15 -16 -17 17 -19 19 24 -22 -23 -24 -25 -26 27 -28 -29 -30 -31
leaf_value=-0.029293859313129996 -0.0070442436356141199 0.0078777106863574635 0.0005568656170349156 0.00095268118783932226 -0.0042588676368161193 -0.0046613836673416462 -0.084239478500519313 -0.0098603742191370469 -0.001678461447844858 0.082955636355257045 -0.026655708566374 0.054032508452632189 0.017137712707352135 0.0081031219995072092 0.062945704557055324 -0.018174971013431334 -0.090719034068392615 -0.0024486452908113513 -0.092982245200239885 -0.02015335595639468 0.033466446712465313 -0.024947856425825934 0.00072009324608833926 -0.013580888652129483 0.038314000800539615 -0.0055998165965137469 -0.00041907290947667283 0.034974782580469897 0.068982902786346376 -0.0070349441989424506
leaf_weight=21.464137358315867 56.965731050408806 286.76435650907268 27748.341493864435 10259.455592903043 1301.725709575021 1577.6808757095228 20.554362142123352 12.107033185242924 5348.6278276306066 16.520754732930072 119.9146001602287 23.211839903760847 29.010353084004237 327.46793796171096 23.924681690436046 4.873616209036757 2.2817298583686378 837.85442719806724 5.8743348959833375 8.3033500134479254 18.222414849326015 137.05333454002175 3740.8082295997547 128.60575931725634 12.567190505564213 25.660572205509197 14.135532615400736 29.611274649398183 1.6467752418132011 205.83052595460049
leaf_count=269648 12321 200741 1191424 460576 66271 234613 2589 2701 701201 450 7577 356 834 11723 511 487 24 31730 44 141 162 2221 211438 53843 137 1505 649 1018 567 8574
internal_value=3.86543e-05 5.62743e-05 0.000634531 -0.000611113 -0.00162615 -0.00572723 -0.025128 -0.0566684 -5.97666e-05 -0.000624011 0.00475358 -0.0063613 0.00218067 0.0143431 0.0342501 0.0542698 -0.00135374 -0.00520907 -0.0167182 -0.0222911 0.0196469 -0.0277441 -0.000572239 -0.00195436 0.0150527 0.0262605 0.0445118 0.0161376 -0.0253601 -0.00404885
internal_weight=52347.1 52325.6 28035.1 24290.5 8553.81 1667.31 89.6271 32.6614 15736.7 6886.5 821.808 384.488 262.926 437.321 109.853 28.0855 6064.69 1022.16 184.302 163.798 20.5041 142.928 5042.53 5477.23 20.8705 85.9281 30.6563 55.2718 121.561 234.841
internal_count=3476076 3206428 1392165 1814263 598643 252224 17611 5290 1215620 346419 34251 18395 10251 15856 4133 843 312168 34459 2729 2543 186 2265 277709 755044 278 3622 1099 2523 8144 9408
cat_boundaries=0 2 4 6 8 10 12 14 15 17
cat_threshold=129 640 3050345308 2670938 262144 12288 22024712 16448 340787736 524376 8421632 524304 268435472 2097152 268435456 8388864 524304
is_linear=0
shrinkage=0.05


Tree=147
num_leaves=31
num_cat=7
split_feature=15 15 4 15 1 15 5 1 1 1 5 1 4 10 8 4 5 15 9 5 14 15 5 1 4 15 1 1 1 1
split_gain=10.3434 6.95332 13.4539 27.6369 17.9691 11.9672 36.5595 22.0946 15.5652 13.9954 11.8801 11.8269 11.0173 9.86024 9.78036 8.33233 8.15359 14.0359 7.69388 6.90975 6.62279 6.36021 6.26975 6.24767 6.87061 5.86851 5.60386 5.08978 5.57919 6.48554
threshold=0 1 3.5000000000000004 2 7832.5000000000009 3 1.5000000000000002 506.50000000000006 3540.5000000000005 506.50000000000006 1.5000000000000002 3540.5000000000005 9.5000000000000018 1.0000000180025095e-35 1.0000000180025095e-35 9.5000000000000018 1.5000000000000002 4 1.0000000180025095e-35 1.0000000180025095e-35 4.5000000000000009 5 1.5000000000000002 5700.5000000000009 2.5000000000000004 6 4556.5000000000009 812.50000000000011 6320.5000000000009 6972.5000000000009
decision_type=9 9 2 9 2 9 2 2 2 2 2 2 2 2 2 2 2 9 2 2 2 9 2 2 2 9 2 2 2 2
left_child=-1 2 3 14 10 6 7 -4 -8 -7 13 16 20 23 18 -10 25 -18 22 -6 27 -13 -2 24 -5 -11 -20 -9 -29 -30
right_child=1 -3 5 4 19 9 8 12 15 11 -12 21 -14 -15 -16 -17 17 -19 26 -21 -22 -23 -24 -25 -26 -27 -28 28 29 -31
leaf_value=-0.028920917039304619 -0.0017953385032750827 -0.00024894422233661057 0.061236829725619182 0.017243636197015088 -0.027978516901734665 -0.048908563952776658 -0.039093982504632439 -0.019124491610852355 -0.0070980680370865482 0.012051900486805439 -0.028801827832482724 0.012234126995186747 -0.012038210428992467 -0.043078543730269238 -0.034202392985585375 -0.034008040244557475 0.024312233914489181 -0.001336569991851024 0.051119005537433176 0.067354841177623193 0.049060347708777506 1.4091341108186628e-05 0.03103669569292879 0.0034610564253407224 0.0092108873823891647 0.0026116237807932942 -0.0040821077092878036 0.00097988531423656862 -0.011729578740455862 -0.00013444475594203754
leaf_weight=20.81243466670881 1074.5370138136841 40809.463638082801 14.384940238896432 463.66448059245954 39.233763119848163 13.625474328277958 75.864140529130964 35.174104367308701 150.85049394889415 186.80357214272854 19.291484658966283 99.560088129248356 206.61960691687773 8.4622238455522147 22.346995067709258 35.543988075165316 126.66626859367534 94.221050584344084 12.180703261426517 1.9974620145512734 6.834232727374455 3798.8268697515628 14.740483394915371 223.90683355505075 625.05871239118756 1149.0570883993173 7.3851145898361201 2479.798776843164 201.88199870310655 299.51517459592651
leaf_count=269648 79605 2309646 591 66545 2881 1205 10261 1583 16837 16433 1792 68651 18846 7309 4696 6222 6803 13560 4182 91 43621 240378 1295 11753 38321 92692 2882 110051 10443 17253
internal_value=3.99518e-05 5.69964e-05 0.00114307 0.00437788 0.00908601 0.000238695 -0.00203828 -0.000592496 -0.0200007 0.00169927 0.0101519 0.00182879 -0.00086787 0.0107207 -0.00144013 -0.0122296 0.00551293 0.0144117 -0.000792847 -0.0233601 -0.000104438 0.000357595 -0.00135104 0.0110675 0.0126319 0.0040415 0.0302834 -0.000215831 7.26533e-06 -0.0048031
internal_weight=52318.3 52297.5 11488 2512.81 1381.61 8975.23 3506.47 3244.21 262.259 5468.76 1340.38 5455.13 3229.82 1321.09 1131.19 186.394 1556.75 220.887 1108.84 41.2312 3023.2 3898.39 1089.28 1312.63 1088.72 1335.86 19.5658 3016.37 2981.2 501.397
internal_count=3476076 3206428 896782 221352 128692 675430 235708 202388 33320 439722 125720 438517 201797 123928 92660 23059 129488 20363 87964 2972 182951 309029 80900 116619 104866 109125 7064 139330 137747 27696
cat_boundaries=0 2 4 6 8 10 12 14
cat_threshold=129 640 170273794 4209701 140290 4200480 35913728 1029 1024 4198400 0 12288 2 2048
is_linear=0
shrinkage=0.05


Tree=148
num_leaves=31
num_cat=15
split_feature=15 15 17 6 15 17 7 7 17 15 0 0 3 3 0 0 0 0 15 9 3 17 15 15 15 15 17 17 0 14
split_gain=9.95866 6.96511 18.9594 7.23652 4.71076 21.8419 5.67527 5.52382 4.93012 17.6727 21.0407 10.6016 9.28292 7.64266 6.71274 5.91518 15.4443 5.67485 5.64378 4.77713 4.56803 4.29141 29.538 27.0745 9.50577 7.17892 9.81302 5.50953 7.15634 5.33963
threshold=0 1 2 1.0000000180025095e-35 3 4 1.0000000180025095e-35 1.0000000180025095e-35 5 6 48.500000000000007 77.500000000000014 1.0000000180025095e-35 1.0000000180025095e-35 30.500000000000004 87.500000000000014 83.500000000000014 82.500000000000014 7 1.0000000180025095e-35 1.0000000180025095e-35 8 9 10 11 12 13 14 46.500000000000007 1.0000000180025095e-35
decision_type=9 9 9 2 9 9 2 2 9 9 2 2 2 2 2 2 2 2 9 2 2 9 9 9 9 9 9 9 2 2
left_child=-1 21 3 -3 5 7 -7 -4 9 15 13 12 -12 14 -11 16 17 -6 -10 -19 -17 22 24 -23 -2 26 -25 29 -29 -27
right_child=1 2 4 -5 8 6 -8 -9 18 10 11 -13 -14 -15 -16 20 -18 19 -20 -21 -22 23 -24 25 -26 27 -28 28 -30 -31
leaf_value=-0.028672675441452151 -0.0020230153602447784 0.023024434322407639 0.05047315552347903 0.071058956323693953 -0.0065768101965075158 0.0035429283250450281 -0.028668433393063741 0.11136105967333915 0.026806939270037963 -0.080160980410886096 -0.0036016603731063471 0.021726315305700142 0.013602372335359889 -0.00038915016613713438 -0.026389295086618081 -0.033837336873641433 0.015041117807589084 -0.032461472677253488 0.00054763076052194134 0.094962172469067782 -0.0088262285559096657 0.045577272166338126 0.049379147744800095 0.040513334753589259 -0.012213398751211442 -0.0012162145227739103 0.0022724294150635173 0.05948815607614636 0.0085886367049610706 0.00050850214338760504
leaf_weight=20.185427523058081 963.15951289232123 17.020224716215246 20.219735703225684 14.53834228264691 779.31558416346979 322.26132430066531 14.28036119630883 4.5660998083185396 10.485608097246482 7.3371155695348298 171.09769046841177 120.26876098350726 144.73710219696204 22.682189740617105 27.778112764711977 32.934863607997613 84.838475985911373 28.162731217890727 28887.453542345316 0.7552671566081689 40.960354291569274 21.891655460006405 16.047567069066645 16.045839720004551 295.89781530393168 13288.293966942252 64.580785113387378 8.9746983844699724 29.953639112835646 6775.9365482382964
leaf_count=297805 100868 8674 67036 2908 83266 181182 36562 57 26848 304 16606 13506 15688 2453 2253 2611 7589 1680 995113 612 5482 10318 19814 2467 182435 515976 26884 3276 23068 822735
internal_value=3.82342e-05 5.48086e-05 0.000537304 0.034288 0.000491485 0.00609002 0.00211332 0.0439558 0.000422869 -0.00240149 0.00523021 0.00909309 0.0042824 -0.0230118 -0.0376246 -0.00631319 -0.00525358 -0.00738387 0.000566429 -0.0291335 -0.0199736 -0.000635856 -0.00343829 -0.000457391 -0.00449528 -0.000529866 0.0135135 -0.00059288 0.0161695 -0.000633441
internal_weight=52252.7 52232.5 30751.7 31.5586 30720.1 361.328 336.542 24.7858 30358.8 1460.87 493.901 436.104 315.835 57.7974 35.1152 966.967 893.072 808.234 28897.9 28.918 73.8952 21480.8 1275.1 20205.7 1259.06 20183.8 80.6266 20103.2 38.9283 20064.2
internal_count=3476076 3178271 1470430 11582 1458848 284837 217744 67093 1174011 152050 50810 45800 32294 5010 2557 101240 93147 85558 1021961 2292 8093 1707841 303117 1404724 283303 1394406 29351 1365055 26344 1338711
cat_boundaries=0 2 4 5 7 9 10 12 14 16 18 20 22 24 26 28
cat_threshold=2147483649 640 902861820 2670922 32808 262144 14368 1079773508 20 1112081024 24576 1048596 24576 4 3559163152 32 5243404 573770 1048584 524288 4 524362 4194308 258 9963532 16 9963566 4
is_linear=0
shrinkage=0.05


end of trees

feature_importances:
candidate=1352
main_problem=1125
age=568
condition_count=453
candidate_class=290
renal_status_score=156
is_female=118
age_squared=103
candidate_renal_caution=92
candidate_qt_risk=56
active_medication_count=56
candidate_is_nsaid=34
has_diuretic=23
has_qt_risk_medication=19
has_anticoagulant=14
has_antiplatelet=5
is_elderly=3
has_acei_or_arb=3

parameters:
[boosting: gbdt]
[objective: lambdarank]
[metric: ndcg]
[tree_learner: serial]
[device_type: cpu]
[data_sample_strategy: bagging]
[data: ]
[valid: ]
[num_iterations: 500]
[learning_rate: 0.05]
[num_leaves: 31]
[num_threads: 0]
[seed: 0]
[deterministic: 0]
[force_col_wise: 0]
[force_row_wise: 0]
[histogram_pool_size: -1]
[max_depth: -1]
[min_data_in_leaf: 5]
[min_sum_hessian_in_leaf: 0.001]
[bagging_fraction: 0.8]
[pos_bagging_fraction: 1]
[neg_bagging_fraction: 1]
[bagging_freq: 5]
[bagging_seed: 3]
[bagging_by_query: 0]
[feature_fraction: 0.8]
[feature_fraction_bynode: 1]
[feature_fraction_seed: 2]
[extra_trees: 0]
[extra_seed: 6]
[early_stopping_round: 0]
[early_stopping_min_delta: 0]
[first_metric_only: 0]
[max_delta_step: 0]
[lambda_l1: 0]
[lambda_l2: 0]
[linear_lambda: 0]
[min_gain_to_split: 0]
[drop_rate: 0.1]
[max_drop: 50]
[skip_drop: 0.5]
[xgboost_dart_mode: 0]
[uniform_drop: 0]
[drop_seed: 4]
[top_rate: 0.2]
[other_rate: 0.1]
[min_data_per_group: 100]
[max_cat_threshold: 32]
[cat_l2: 10]
[cat_smooth: 10]
[max_cat_to_onehot: 4]
[top_k: 20]
[monotone_constraints: ]
[monotone_constraints_method: basic]
[monotone_penalty: 0]
[feature_contri: ]
[forcedsplits_filename: ]
[refit_decay_rate: 0.9]
[cegb_tradeoff: 1]
[cegb_penalty_split: 0]
[cegb_penalty_feature_lazy: ]
[cegb_penalty_feature_coupled: ]
[path_smooth: 0]
[interaction_constraints: ]
[verbosity: -1]
[saved_feature_importance_type: 0]
[use_quantized_grad: 0]
[num_grad_quant_bins: 4]
[quant_train_renew_leaf: 0]
[stochastic_rounding: 1]
[linear_tree: 0]
[max_bin: 255]
[max_bin_by_feature: ]
[min_data_in_bin: 3]
[bin_construct_sample_cnt: 200000]
[data_random_seed: 1]
[is_enable_sparse: 1]
[enable_bundle: 1]
[use_missing: 1]
[zero_as_missing: 0]
[feature_pre_filter: 1]
[pre_partition: 0]
[two_round: 0]
[header: 0]
[label_column: ]
[weight_column: ]
[group_column: ]
[ignore_column: ]
[categorical_feature: 15,16,17]
[forcedbins_filename: ]
[precise_float_parser: 0]
[parser_config_file: ]
[objective_seed: 5]
[num_class: 1]
[is_unbalance: 0]
[scale_pos_weight: 1]
[sigmoid: 1]
[boost_from_average: 1]
[reg_sqrt: 0]
[alpha: 0.9]
[fair_c: 1]
[poisson_max_delta_step: 0.7]
[tweedie_variance_power: 1.5]
[lambdarank_truncation_level: 30]
[lambdarank_norm: 1]
[label_gain: ]
[lambdarank_position_bias_regularization: 0]
[eval_at: 3,5]
[multi_error_top_k: 1]
[auc_mu_weights: ]
[num_machines: 1]
[local_listen_port: 12400]
[time_out: 120]
[machine_list_filename: ]
[machines: ]
[gpu_platform_id: -1]
[gpu_device_id: -1]
[gpu_use_dp: 0]
[num_gpu: 1]

end of parameters

pandas_categorical:[["acenocoumarol", "acetylsalicylic_acid", "alendronic_acid", "allopurinol", "amiodarone", "amitriptyline", "amoxicillin", "amoxicillin_clavulanate", "apixaban", "atenolol", "atorvastatin", "azithromycin", "bisoprolol", "budesonide_formoterol", "calcium_vitamin_d", "carvedilol", "cetirizine", "ciprofloxacin", "clarithromycin", "clopidogrel", "codeine", "colchicine", "diclofenac", "digoxin", "enalapril", "enoxaparin", "escitalopram", "finasteride", "fluoxetine", "fosfomycin", "furosemide", "gliclazide", "hydrochlorothiazide", "ibuprofen", "levothyroxine", "loratadine", "losartan", "metformin", "metoprolol", "mexazolam", "naproxen", "nebivolol", "nitrofurantoin", "omeprazole", "pantoprazole", "paracetamol", "ramipril", "salbutamol", "sertraline", "simvastatin", "tamsulosin", "tramadol", "trazodone", "valsartan", "warfarin"], ["agonista_beta2_curta", "aine", "alfa_bloqueante", "analgesico_antipiretico", "anti_histaminico_h1", "antiagregante", "antiarritmico_classe_iii", "antibacteriano_urinario", "anticoagulante", "antidepressivo_sari", "antidepressivo_triciclico", "antigotoso", "ara", "benzodiazepina", "beta_bloqueante", "bifosfonato", "biguanida", "corticoide_inalado_laba", "digitalico", "diuretico_ansa", "diuretico_tiazidico", "estatina", "fluoroquinolona", "hormona_tiroideia", "ibp", "ieca", "inibidor_5_alfa_redutase", "inibidor_xantina_oxidase", "isrs", "macrolido", "opioide", "penicilina", "sulfonilureia", "suplemento_calcio_vitd"], ["active_gi_ulcer", "allergic_rhinitis", "anxiety", "arrhythmia", "asthma", "atrial_fibrillation", "benign_prostatic_hyperplasia", "calcium_vitamin_d_deficiency", "cardiovascular_prevention", "copd", "cough", "depression", "diabetes", "dyslipidemia", "edema", "fever", "fluid_retention", "gerd", "gout", "heart_failure", "hypertension", "hyperuricemia", "hypothyroidism", "infection", "inflammation", "insomnia", "migraine_prophylaxis", "myocardial_infarction", "neuropathic_pain", "ocd", "osteoporosis", "pain", "renal_disease", "stroke", "thromboembolism_prevention", "unspecified", "urinary_tract_infection", "urticaria"]]
